ID,Language,Source Text,Translated Text
,ar,ITEMS,الأصناف
,ar,Item,الصنف
,ar,Items,الأصناف
,ar,ITEM,الصنف
,ar,Items),الأصناف)
,ar,MATCH,تطابق
,ar,or for Department: {0},أو للإدارة: {0}
,ar,"From Date"" can not be greater than or equal to ""To Date","لا يمكن أن يكون ""من التاريخ"" أكبر من ""حتى تاريخ"" أو مساويًا له"
,ar,% Finished Item Quantity,٪ كمية المنتج النهائي
,ar,% Occupied,٪ مشغول
,ar,% Of Applicant Portfolio,٪ من ملف مقدم الطلب
,ar,% Of Total Portfolio,٪ من إجمالي الملف
,ar,% Returned,٪ مرتجع
,ar,% Utilization (B + NB) / T,نسبة الاستخدام (B + NB) / T.
,ar,% Utilization (B / T),نسبة الاستخدام (B / T)
,ar,Account' in the Accounting section of Customer {0},الحساب في قسم المحاسبة لدى العميل {0}
,ar,Default {0} Account' in Company {1},الحساب {0} الافتراضي في الشركة {1}
,ar,{0}' is not a valid URL,{0} ليس عنوان URL صالحًا
,ar,1 Currency = [?] Fraction|||For e.g. 1 USD = 100 Cent,1 العملة = [؟] الكسور||| على سبيل المثال 1 دولار أمريكي = 100 سنت
,ar,80G Number,80G رقم
,ar,80G With Effect From,80G بتأثير من
,ar,90 Above,90 أكبر من
,ar,"<b>Single</b>: Results which require only a single input.|||<br>|||<b>Compound</b>: Results which require multiple event inputs.|||<br>|||<b>Descriptive</b>: Tests which have multiple result components with manual result entry.|||<br>|||<b>Grouped</b>: Test templates which are a group of other test templates.|||<br>|||<b>No Result</b>: Tests with no results, can be ordered and billed but no Lab Test will be created. e.g.. Sub Tests for Grouped results",<b> مفرد </ b>: النتائج التي تتطلب قيدًا واحدًا فقط. ||| <br> ||| <b> المركب </ b>: النتائج التي تتطلب قيود أحداث متعددة. ||| <br> || | <b> وصفي </ b>: الاختبارات التي تحتوي على مكونات نتائج متعددة مع قيد يدوي للنتائج. ||| <br> ||| <b> مجمعة </ b>: نماذج الاختبار التي هي مجموعة من نماذج الاختبار الأخرى. ||| <br> ||| <b> لا نتيجة </ b>: الاختبارات التي ليس لها نتائج ، يمكن طلبها وفواتيرها ولكن لن يتم إنشاء اختبار معمل. على سبيل المثال الاختبارات الفرعية لنتائج مجمعة
,ar,"<br>|||<h4>Note</h4>|||<ul>|||<li>|||You can use <a href=""https://jinja.palletsprojects.com/en/2.11.x/"" target=""_blank"">Jinja tags</a> in <b>Subject</b> and <b>Body</b> fields for dynamic values.|||</li><li>||| All fields in this doctype are available under the <b>doc</b> object and all fields for the customer to whom the mail will go to is available under the <b>customer</b> object.|||</li></ul>|||<h4> Examples</h4>|||<!-- {% raw %} -->|||<ul>||| <li><b>Subject</b>:<br><br><pre><code>Statement Of Accounts for {{ customer.name }}</code></pre><br></li>||| <li><b>Body</b>: <br><br>|||<pre><code>Hello {{ customer.name }},<br>PFA your Statement Of Accounts from {{ doc.from_date }} to {{ doc.to_date }}.</code> </pre></li>|||</ul>|||<!-- {% endraw %} -->","<br> ||| <h4> ملاحظة </ h4> ||| <ul> ||| <li> ||| يمكنك استخدام <a href = ""https://jinja.palletsprojects.com/en/2.11 .x / ""target ="" _ blank ""> علامات Jinja </a> في حقلي <b> الموضوع </ b> و <b> النص الأساسي </ b> للقيم الديناميكية. ||| </li> <li> | || جميع الحقول في هذا المستند متاحة ضمن كائن <b> doc </b> وجميع الحقول الخاصة بالعميل الذي سينتقل إليه البريد متاحة ضمن كائن <b> customer </b>. ||| </ li> </ul> ||| <h4> أمثلة </ h4> ||| <! - {٪ raw٪} -> ||| <ul> ||| <li> <b> الموضوع </ b>: <br> <br> <pre> <code> كشف حسابات {{customer.name}} </code> </pre> <br> </li> ||| <li> <b> النص الأساسي </ b>: <br> <br> ||| <pre> <code> مرحبًا {{customer.name}} ، <br> كشف حساب PFA الخاص بالحسابات من {{doc.from_date }} إلى {{doc.to_date}}. </code> </pre> </li> ||| </ul> ||| <! - {٪ endraw٪} ->"
,ar,"<div class=""alert"">Please don't update it as it can mess up your form. Use the Customize Form View and Custom Fields to set properties!</div>","<div class = ""alert""> يُرجى عدم تحديثه لأنه يمكن أن يفسد النموذج الخاص بك. استخدم تخصيص عرض النموذج والحقول المخصصة لتعيين الخصائص! </ div>"
,ar,"<div class=""columnHeading"">Other Details</div>","<div class = ""columnHeading""> تفاصيل أخرى </ div>"
,ar,"<div class=""text-muted text-center"">No Matching Bank Transactions Found</div>","<div class = ""text-muted text-center""> لم يتم العثور على معاملات بنكية مطابقة </ div>"
,ar,"<div class=""well"">|||Edit list of Series in the box below. Rules:|||<ul>|||<li>Each Series Prefix on a new line.</li>|||<li>Allowed special characters are ""/"" and ""-""</li>|||<li>Optionally, set the number of digits in the series using dot (.) followed by hashes (#). For example, "".####"" means that the series will have four digits. Default is five digits.</li>|||</ul>|||Examples:<br>|||INV-<br>|||INV-10-<br>|||INVK-<br>|||INV-.####<br>|||</div>","<div class = ""well""> ||| تحرير قائمة السلاسل في المربع أدناه. القواعد: ||| <ul> ||| <li> كل بادئة متسلسلة في سطر جديد. </ li> ||| <li> الأحرف الخاصة المسموح بها هي ""/"" و ""-"" </li> ||| <li> اختياريًا ، عيِّن عدد الأرقام في السلسلة باستخدام النقطة (.) متبوعة بالتجزئة (#). على سبيل المثال ، يعني "". ####"" أن السلسلة ستتكون من أربعة أرقام. يتكون الافتراضي من خمسة أرقام. </li> ||| </ul> ||| أمثلة: <br> ||| INV- <br> ||| INV-10- <br> ||| INVK- <br> ||| INV -. #### <br> ||| </div>"
,ar,<div>|||<h3> All dimensions in centimeter only </h3>|||</div>,<div> ||| <h3> جميع الأبعاد بالسنتيمتر فقط </ h3> ||| </div>
,ar,"<h3>About Product Bundle</h3>||||||<p>Aggregate group of <b>Items</b> into another <b>Item</b>. This is useful if you are bundling a certain <b>Items</b> into a package and you maintain stock of the packed <b>Items</b> and not the aggregate <b>Item</b>.</p>|||<p>The package <b>Item</b> will have <code>Is Stock Item</code> as <b>No</b> and <code>Is Sales Item</code> as <b>Yes</b>.</p>|||<h4>Example:</h4>|||<p>If you are selling Laptops and Backpacks separately and have a special price if the customer buys both, then the Laptop + Backpack will be a new Product Bundle Item.</p>",<h3> حول حزمة المنتج </ h3> |||||| <p> مجموعة مجمعة من <b> الأصناف </ b> في <b> صنف </ b> آخر. يكون هذا مفيدًا إذا كنت تجمع <b> أصناف </ b> معينة في حزمة وتحتفظ بمخزون <b> الأصناف </ b> المحزومة وليس <b> الصنف </ b> المجمع. </ p> ||| <p> الحزمة <b> الصنف </ b> ستحتوي على <code> هو صنف مخزون </ code> كـ <b> لا </ b> و <code> عبارة عن صنف مبيعات </ code> كـ <b> نعم </ b>. </p> ||| <h4> مثال: </ h4> ||| <p> إذا كنت تبيع أجهزة الكمبيوتر المحمولة وحقائب الظهر بشكل منفصل ولديك سعر خاص إذا اشترى العميل كليهما ، فإن حقيبة الكمبيوتر المحمول + حقيبة الظهر ستكون صنفًا جديدًا في حزمة المنتجات. </ p>
,ar,"<h3>Client Script Help</h3>|||<p>Client Scripts are executed only on the client-side (i.e. in Forms). Here are some examples to get you started</p>|||<pre><code>||||||// fetch local_tax_no on selection of customer |||// cur_frm.add_fetch(link_field, source_fieldname, target_fieldname); |||cur_frm.add_fetch('customer', 'local_tax_no', 'local_tax_no');||||||// additional validation on dates |||frappe.ui.form.on('Task', 'validate', function(frm) {||| if (frm.doc.from_date &lt; get_today()) {||| msgprint('You can not select past date in From Date');||| validated = false;||| } |||});||||||// make a field read-only after saving |||frappe.ui.form.on('Task', {||| refresh: function(frm) {||| // use the __islocal value of doc, to check if the doc is saved or not||| frm.set_df_property('myfield', 'read_only', frm.doc.__islocal ? 0 : 1);||| } |||});||||||// additional permission check|||frappe.ui.form.on('Task', {||| validate: function(frm) {||| if(user=='user1@example.com' &amp;&amp; frm.doc.purpose!='Material Receipt') {||| msgprint('You are only allowed Material Receipt');||| validated = false;||| }||| } |||});||||||// calculate sales incentive|||frappe.ui.form.on('Sales Invoice', {||| validate: function(frm) {||| // calculate incentives for each person on the deal||| total_incentive = 0||| $.each(frm.doc.sales_team, function(i, d) {||| // calculate incentive||| var incentive_percent = 2;||| if(frm.doc.base_grand_total &gt; 400) incentive_percent = 4;||| // actual incentive||| d.incentives = flt(frm.doc.base_grand_total) * incentive_percent / 100;||| total_incentive += flt(d.incentives)||| });||| frm.doc.total_incentive = total_incentive;||| } |||})||||||</code></pre>",<h3> تعليمات برنامج العميل </ h3> ||| <p> يتم تنفيذ البرامج النصية للعميل فقط من جانب العميل (أي في النماذج). فيما يلي بعض الأمثلة للبدء </p> ||| <pre> <code> ||||| // fetch local_tax_no عند اختيار العميل ||| // cur_frm.add_fetch (link_field، source_fieldname، target_fieldname) ؛ ||| cur_frm.add_fetch ('customer'، 'local_tax_no'، 'local_tax_no')؛ |||||| // تحقق إضافي في التواريخ ||| frappe.ui.form.on ('المهمة' ، 'التحقق من الصحة' ، الوظيفة (frm) {||| if (frm.doc.from_date & lt؛ get_today ()) {||| msgprint ('لا يمكنك تحديد التاريخ الماضي في من التاريخ')؛ ||| تم التحقق من صحتها = خطأ؛ || |} |||})؛ |||||| // جعل الحقل للقراءة فقط بعد حفظ ||| frappe.ui.form.on ('المهمة'، {||| التحديث: الوظيفة (frm) { ||| // استخدم __القيمة المحلية للمستند ، للتحقق مما إذا كان المستند محفوظًا أم لا ||| frm.set_df_property ('myfield'، 'read_only'، frm.doc .__ islocal؟ 0: 1)؛ ||| } |||})؛ |||||| // فحص الإذن الإضافي ||| frappe.ui.form.on ('المهمة'، {||| validate: function (frm) {||| if (user =='user1@example.com '& amp؛ & amp؛ frm.doc.purpose! =' استلام المواد ') {||| msgprint (' مسموح لك فقط باستلام المواد ') ؛ ||| تم التحقق من صحتها = خطأ ؛ || |} |||} |||} ؛ |||||| // حساب حافز المبيعات ||| frappe.ui.form.on ('فاتورة المبيعات'، {||| validate: function (frm) { ||| // احتساب الحوافز لكل شخص في الحركة ||| total_i ncentive = 0 ||| $ .each (frm.doc.sales_team، function (i، d) {||| // حساب الحافز ||| var stimive_percent = 2؛ ||| if (frm.doc.base_grand_total & gt؛ 400 )uate_percent = 4 ؛ ||| // الحافز الفعلي ||| d.incentives = flt (frm.doc.base_grand_total) * الحافز_percent / 100؛ ||| total_incentive + = flt (d.incentives) |||})؛ ||| frm.doc.total_incentive = total_incentive؛ ||| } |||}) ||||| </code> </pre>
,ar,"<h3>Custom CSS Help</h3>||||||<p>Notes:</p>||||||<ol>|||<li>All field groups (label + value) are set attributes <code>data-fieldtype</code> and <code>data-fieldname</code></li>|||<li>All values are given class <code>value</code></li>|||<li>All Section Breaks are given class <code>section-break</code></li>|||<li>All Column Breaks are given class <code>column-break</code></li>|||</ol>||||||<h4>Examples</h4>||||||<p>1. Left align integers</p>||||||<pre><code>[data-fieldtype=""Int""] .value { text-align: left; }</code></pre>||||||<p>1. Add border to sections except the last section</p>||||||<pre><code>.section-break { padding: 30px 0px; border-bottom: 1px solid #eee; }|||.section-break:last-child { padding-bottom: 0px; border-bottom: 0px; }</code></pre>|||","<h3> تعليمات CSS مخصصة </h3> |||||| <p> ملاحظات: </p> ||||| <ol> ||| <li> تم تعيين جميع مجموعات الحقول (التسمية + القيمة) السمات <code> نوع حقل البيانات </ code> و <code> اسم حقل البيانات </ code> </li> ||| <li> يتم إعطاء جميع القيم فئة <code> القيمة </ code> </li> | || <li> يتم إعطاء كل فواصل الأقسام فئة <code> فاصل أقسام </ code> </li> ||| <li> يتم إعطاء كل فواصل الأعمدة فئة <code> فاصل عمود </ code> </ li > ||| </ol> |||||| <h4> أمثلة </h4> ||||| <p> 1. محاذاة أعداد صحيحة إلى اليسار </ p> |||||| <pre> <code> [data-fieldtype = ""Int""] .value {text-align: left؛ } </code> </pre> |||||| <p> 1. إضافة حد إلى الأقسام باستثناء القسم الأخير </ p> |||||| <pre> <code> .section-break {padding: 30px 0px؛ الحد السفلي: 1px صلب #eee ؛ } ||| .section-break: last-child {padding-bottom: 0px؛ الحد السفلي: 0 بكسل ؛ } </code> </pre> |||"
,ar,"<h3>Help</h3>||||||<p>Notes:</p>||||||<ol>|||<li>Use field <code>base</code> for using base salary of the Employee</li>|||<li>Use Salary Component abbreviations in conditions and formulas. <code>BS = Basic Salary</code></li>|||<li>Use field name for employee details in conditions and formulas. <code>Employment Type = employment_type</code><code>Branch = branch</code></li>|||<li>Use field name from Salary Slip in conditions and formulas. <code>Payment Days = payment_days</code><code>Leave without pay = leave_without_pay</code></li>|||<li>Direct Amount can also be entered based on Condition. See example 3</li></ol>||||||<h4>Examples</h4>|||<ol>|||<li>Calculating Basic Salary based on <code>base</code>|||<pre><code>Condition: base &lt; 10000</code></pre>|||<pre><code>Formula: base * .2</code></pre></li>|||<li>Calculating HRA based on Basic Salary<code>BS</code> |||<pre><code>Condition: BS &gt; 2000</code></pre>|||<pre><code>Formula: BS * .1</code></pre></li>|||<li>Calculating TDS based on Employment Type<code>employment_type</code> |||<pre><code>Condition: employment_type==""Intern""</code></pre>|||<pre><code>Amount: 1000</code></pre></li>|||</ol>",<h3> تعليمات </ h3> |||||| <p>|: </ p> |||| <ol> ||| <li> استخدم الحقل <code> الأساسي </ code> للاستخدام الراتب الأساسي للموظف </ li> ||| <li> استخدام اختصارات مكون الراتب في الشروط والصيغ. <code> BS = الراتب الأساسي </ code> </li> ||| <li> استخدم اسم الحقل للحصول على تفاصيل الموظف في الشروط والصيغ. <code> نوع التوظيف = نوع_العمالة </code> <code> الفرع = الفرع </ code> </li> ||| <li> استخدم اسم الحقل من قسيمة الراتب في الشروط والصيغ. <code> أيام الدفع = أيام_الدفع </ code> <code> إجازة بدون أجر = إجازة بدون أجر </ code> </li> ||| <li> يمكن أيضًا قيد المبلغ المباشر بناءً على الحالة. انظر المثال 3 </li> </ol> |||||| <h4> أمثلة </h4> ||| <ol> ||| <li> حساب الراتب الأساسي استنادًا إلى <code> الأساسي </ code> ||| <قبل> <كود> الشرط: قاعدة العلامة & lt؛ 10000 </code> </pre> ||| <pre> <code> Formula: base * .2 </code> </pre> </li> ||| <li> حساب HRA على أساس الراتب الأساسي <code > BS </code> ||| <pre> <code> الحالة: BS & gt؛ 2000 </code> </pre> ||| <pre> <code> Formula: BS * .1 </code> </pre> </li> ||| <li> حساب TDS بناءً على نوع التوظيف <كود > نوع_العمل > </li> ||| </ol>
,ar,"<h3>Print Format Help</h3>|||<hr>|||<h4>Introduction</h4>|||<p>Print Formats are rendered on the server side using the Jinja Templating Language. All forms have access to the <code>doc</code> object which contains information about the document that is being formatted. You can also access common utilities via the <code>frappe</code> module.</p>|||<p>For styling, the Boostrap CSS framework is provided and you can enjoy the full range of classes.</p>|||<hr>|||<h4>References</h4>|||<ol>||| <li><a href=""http://jinja.pocoo.org/docs/templates/"" target=""_blank"">Jinja Templating Language</a></li>||| <li><a href=""http://getbootstrap.com"" target=""_blank"">Bootstrap CSS Framework</a></li>|||</ol>|||<hr>|||<h4>Example</h4>|||<pre><code>&lt;h3&gt;{{ doc.select_print_heading or ""Invoice"" }}&lt;/h3&gt;|||&lt;div class=""row""&gt;||| &lt;div class=""col-md-3 text-right""&gt;Customer Name&lt;/div&gt;||| &lt;div class=""col-md-9""&gt;{{ doc.customer_name }}&lt;/div&gt;|||&lt;/div&gt;|||&lt;div class=""row""&gt;||| &lt;div class=""col-md-3 text-right""&gt;Date&lt;/div&gt;||| &lt;div class=""col-md-9""&gt;{{ doc.get_formatted(""invoice_date"") }}&lt;/div&gt;|||&lt;/div&gt;|||&lt;table class=""table table-bordered""&gt;||| &lt;tbody&gt;||| &lt;tr&gt;||| &lt;th&gt;Sr&lt;/th&gt;||| &lt;th&gt;Item Name&lt;/th&gt;||| &lt;th&gt;Description&lt;/th&gt;||| &lt;th class=""text-right""&gt;Qty&lt;/th&gt;||| &lt;th class=""text-right""&gt;Rate&lt;/th&gt;||| &lt;th class=""text-right""&gt;Amount&lt;/th&gt;||| &lt;/tr&gt;||| {%- for row in doc.items -%}||| &lt;tr&gt;||| &lt;td style=""width: 3%;""&gt;{{ row.idx }}&lt;/td&gt;||| &lt;td style=""width: 20%;""&gt;||| {{ row.item_name }}||| {% if row.item_code != row.item_name -%}||| &lt;br&gt;Item Code: {{ row.item_code}}||| {%- endif %}||| &lt;/td&gt;||| &lt;td style=""width: 37%;""&gt;||| &lt;div style=""border: 0px;""&gt;{{ row.description }}&lt;/div&gt;&lt;/td&gt;||| &lt;td style=""width: 10%; text-align: right;""&gt;{{ row.qty }} {{ row.uom or row.stock_uom }}&lt;/td&gt;||| &lt;td style=""width: 15%; text-align: right;""&gt;{{||| row.get_formatted(""rate"", doc) }}&lt;/td&gt;||| &lt;td style=""width: 15%; text-align: right;""&gt;{{||| row.get_formatted(""amount"", doc) }}&lt;/td&gt;||| &lt;/tr&gt;||| {%- endfor -%}||| &lt;/tbody&gt;|||&lt;/table&gt;</code></pre>|||<hr>|||<h4>Common Functions</h4>|||<table class=""table table-bordered"">||| <tbody>||| <tr>||| <td style=""width: 30%;""><code>doc.get_formatted(""[fieldname]"", [parent_doc])</code></td>||| <td>Get document value formatted as Date, Currency, etc. Pass parent <code>doc</code> for currency type fields.</td>||| </tr>||| <tr>||| <td style=""width: 30%;""><code>frappe.db.get_value(""[doctype]"", ""[name]"", ""fieldname"")</code></td>||| <td>Get value from another document.</td>||| </tr>||| </tbody>|||</table>|||","<h3> تعليمات تنسيق الطباعة </ h3> ||| <hr> ||| <h4> مقدمة </ h4> ||| <p> يتم تقديم تنسيقات الطباعة على جانب الخادم باستخدام لغة نموذج Jinja. جميع النماذج لها حق الوصول إلى كائن <code> doc </code> الذي يحتوي على معلومات حول المستند الذي يتم تنسيقه. يمكنك أيضًا الوصول إلى المرافق العامة عبر وحدة <code> frappe </code>. </p> ||| <p> للتصميم ، يتم توفير إطار عمل Boostrap CSS ويمكنك الاستمتاع بمجموعة كاملة من الفئات. </ p > ||| <hr> ||| <h4> المراجع </ h4> ||| <ol> ||| <li> <a href=""http://jinja.pocoo.org/docs/templates/"" target=""_blank""> لغة نماذج جينجا </a> </li> ||| <li> <a href=""http://getbootstrap.com"" target=""_blank""> Bootstrap CSS Framework </a> </li> ||| </ol> ||| <hr> ||| < h4> مثال </ h4> ||| <pre> <code> & lt؛ h3 & gt؛ {{doc.select_print_heading or ""Invoice""}} & lt؛ / h3 & gt؛ ||| & lt؛ div class = ""row"" & gt؛ | || & lt؛ div class = ""col-md-3 text-right"" & gt؛ اسم العميل & lt؛ / div & gt؛ ||| & lt؛ div class = ""col-md-9"" & gt؛ {{doc.customer_name}} & lt؛ / div & gt؛ ||| & lt؛ / div & gt؛ ||| & lt؛ div class = ""row"" & gt؛ ||| & lt؛ div class = ""col-md-3 text-right"" & gt؛ التاريخ & lt؛ / div & gt؛ ||| & lt؛ div class = ""col-md-9"" & gt؛ {{doc.get_formatted (""invoice_date"")}} & lt؛ / div & gt؛ ||| & lt؛ / div & gt؛ ||| & lt؛ table class = ""جدول الجدول حدود ""& GT ؛ ||| العلامة & lt؛ tbody & GT؛ ||| العلامة & lt؛ tr & gt؛ ||| & lt؛ th & gt؛ Sr & lt؛ / th & gt؛ ||| العلامة & lt؛ th & gt؛ اسم الصنف & lt؛ / ال & GT؛ ||| & lt؛ th & gt؛ الوصف & lt؛ / th & gt؛ ||| العلامة & lt؛ th class = ""text-right"" & gt؛ Qty & lt؛ / th & gt؛ ||| العلامة & lt؛ th class = ""text-right"" & gt؛ Rate & lt؛ / th & gt؛ ||| & lt؛ th class = ""text-right"" & gt؛ المبلغ & lt؛ / th & gt؛ ||| العلامة & lt؛ / tr & gt؛ ||| {٪ - للصف في doc.items -٪} ||| العلامة & lt؛ tr & gt؛ ||| & lt؛ td style = ""width: 3٪؛"" & gt؛ {{row.idx}} & lt؛ / td & gt؛ ||| & lt؛ td style = ""width: 20٪؛"" & gt؛ ||| {{row.item_name}} ||| {٪ if row.item_code! = row.item_name -٪} ||| & lt؛ br & gt؛ كود الصنف: {{row.item_code}} ||| {٪ - endif٪} ||| العلامة & lt؛ / td & gt؛ ||| & lt؛ td style = ""العرض: 37٪؛"" & gt؛ ||| & lt؛ div style = ""border: 0px؛"" & gt؛ {{row.description}} & lt؛ / div & gt؛ & lt؛ / td & gt؛ ||| & lt؛ td style = ""width: 10٪؛ text-align: right؛"" & gt؛ {{row.qty}} {{row.وحدة القياس or row.stock_وحدة القياس}} & lt؛ / td & gt؛ ||| & lt؛ td style = ""width: 15٪؛ text-align: right؛"" & gt؛ {{||| row.get_formatted (""rate""، doc)}} & lt؛ / td & gt؛ ||| & lt؛ td style = ""width: 15٪؛ text-align: right؛"" & gt؛ {{||| row.get_formatted (""amount""، doc)}} & lt؛ / td & gt؛ ||| العلامة & lt؛ / tr & gt؛ ||| {٪ - endfor -٪} ||| & lt؛ / tbody & gt؛ ||| & lt؛ / table & gt؛ </code> </pre> ||| <hr> ||| <h4> الوظائف الشائعة </ h4> ||| <table class = ""table table- يحدها ""> ||| <tbody> ||| <tr> ||| <td style = ""width: 30٪؛""> <code> doc.get_formatted (""[fieldname]""، [parent_doc]) </code> </td> ||| <td> الحصول على قيمة المستند بتنسيق التاريخ والعملة وما إلى ذلك. قم بتمرير <code> المستند الأصلي </ code> لحقول نوع العملة. </ td> ||| </tr> ||| <tr> ||| <td style = ""width: 30٪؛""> <code> frappe.db.get_value (""[Dectype]""، ""[name]""، ""fieldname"") </code> </td> ||| <td> الحصول على قيمة من مستند آخر. </ td> ||| </tr> ||| </tbody> ||| </table> |||"
,ar,"<h4>Body Text and Closing Text Example</h4>||||||<div>We have noticed that you have not yet paid invoice {{sales_invoice}} for {{frappe.db.get_value(""Currency"", currency, ""symbol"")}} {{outstanding_amount}}. This is a friendly reminder that the invoice was due on {{due_date}}. Please pay the amount due immediately to avoid any further dunning cost.</div>||||||<h4>How to get fieldnames</h4>||||||<p>The fieldnames you can use in your template are the fields in the document. You can find out the fields of any documents via Setup &gt; Customize Form View and selecting the document type (e.g. Sales Invoice)</p>||||||<h4>Templating</h4>||||||<p>Templates are compiled using the Jinja Templating Language. To learn more about Jinja, <a class=""strong"" href=""http://jinja.pocoo.org/docs/dev/templates/"">read this documentation.</a></p>","<h4> مثال على النص الأساسي والنص الختامي </h4> |||||| <div> لقد لاحظنا أنك لم تدفع حتى الآن فاتورة {{sales_invoice}} لـ {{frappe.db.get_value (""Currency""، العملة ، ""الرمز"")}} {{standing_amount}}. هذا تذكير ودي بأن الفاتورة كانت مستحقة الدفع في {{due_date}}. الرجاء دفع المبلغ المستحق على الفور لتجنب أي تكلفة مطالبة أخرى. </ div> ||||| <h4> كيفية الحصول على أسماء الحقول </ h4> |||||| <p> أسماء الحقول التي يمكنك استخدامها في النموذج هي الحقول الموجودة في المستند. يمكنك رقمة الحقول الخاصة بأي مستندات عبر الإعداد & GT. تخصيص عرض النموذج واختيار نوع المستند (مثل فاتورة المبيعات) </ p> ||| لرقمة المزيد حول Jinja ، <a class=""strong"" href=""http://jinja.pocoo.org/docs/dev/templates/""> اقرأ هذه الوثائق. </a> </p>"
,ar,"<h4>Condition Examples</h4>|||<ol>|||<li>Applying tax if employee born between 31-12-1937 and 01-01-1958 (Employees aged 60 to 80)<br>|||<code>Condition: date_of_birth&gt;date(1937, 12, 31) and date_of_birth&lt;date(1958, 01, 01)</code></li><br><li>Applying tax by employee gender<br>|||<code>Condition: gender==""Male""</code></li><br>|||<li>Applying tax by Salary Component<br>|||<code>Condition: base &gt; 10000</code></li></ol>","<h4> أمثلة على الحالة </ h4> ||| <ol> ||| <li> تطبيق الضريبة إذا كان الموظف المولود بين 31-12-1937 و 01-01-1958 (الموظفون الذين تتراوح أعمارهم بين 60 و 80) <br> || | <code> الشرط: date_of_birth & gt؛ date (1937، 12، 31) and date_of_birth & lt؛ date (1958، 01، 01) </code> </li> <br> <li> تطبيق الضريبة حسب جنس الموظف <br> | || <code> الحالة: الجنس == ""ذكر"" </ code> </li> <br> ||| <li> تطبيق الضريبة حسب مكون الراتب <br> ||| <code> الحالة: القاعدة & gt؛ 10000 </code> </li> </ol>"
,ar,"<h4>Contract Template Example</h4>||||||<pre>Contract for Customer {{ party_name }}||||||-Valid From : {{ start_date }} |||-Valid To : {{ end_date }}|||</pre>||||||<h4>How to get fieldnames</h4>||||||<p>The field names you can use in your Contract Template are the fields in the Contract for which you are creating the template. You can find out the fields of any documents via Setup &gt; Customize Form View and selecting the document type (e.g. Contract)</p>||||||<h4>Templating</h4>||||||<p>Templates are compiled using the Jinja Templating Language. To learn more about Jinja, <a class=""strong"" href=""http://jinja.pocoo.org/docs/dev/templates/"">read this documentation.</a></p>","<h4> مثال على نموذج العقد </ h4> |||||| <pre> العقد للعميل {{party_name}} |||||| - صالح من: {{start_date}} ||| - صالح لـ: { {end_date}} ||| </pre> |||||| <h4> كيفية الحصول على أسماء الحقول </ h4> |||||| <p> أسماء الحقول التي يمكنك استخدامها في نموذج العقد الخاص بك هي الحقول في العقد الذي تقوم بإنشاء النموذج من أجله. يمكنك رقمة الحقول الخاصة بأي مستندات عبر الإعداد & GT. تخصيص عرض النموذج وتحديد نوع المستند (مثل العقد) </ p> |||||| <h4> النماذج </ h4> |||||| <p> يتم تجميع النماذج باستخدام لغة نموذج Jinja. لرقمة المزيد حول Jinja ، <a class=""strong"" href=""http://jinja.pocoo.org/docs/dev/templates/""> اقرأ هذه الوثائق. </a> </p>"
,ar,"<h4>Default Template</h4>|||<p>Uses <a href=""http://jinja.pocoo.org/docs/templates/"">Jinja Templating</a> and all the fields of Address (including Custom Fields if any) will be available</p>|||<pre><code>{{ address_line1 }}&lt;br&gt;|||{% if address_line2 %}{{ address_line2 }}&lt;br&gt;{% endif -%}|||{{ city }}&lt;br&gt;|||{% if state %}{{ state }}&lt;br&gt;{% endif -%}|||{% if pincode %} PIN: {{ pincode }}&lt;br&gt;{% endif -%}|||{{ country }}&lt;br&gt;|||{% if phone %}Phone: {{ phone }}&lt;br&gt;{% endif -%}|||{% if fax %}Fax: {{ fax }}&lt;br&gt;{% endif -%}|||{% if email_id %}Email: {{ email_id }}&lt;br&gt;{% endif -%}|||</code></pre>","<h4> النموذج الافتراضي </ h4> ||| <p> يستخدم <a href=""http://jinja.pocoo.org/docs/templates/""> Jinja Templating </a> وجميع حقول العنوان ( بما في ذلك الحقول المخصصة إن وجدت) متاحًا </ p> ||| <pre> <code> {{address_line1}} & lt؛ br & gt؛ ||| {٪ if address_line2٪} {{address_line2}} & lt؛ br & gt؛ { ٪ endif -٪} ||| {{city}} & lt؛ br & gt؛ ||| {٪ if state٪} {{state}} & lt؛ br & gt؛ {٪ endif -٪} ||| {٪ if pincode٪} رقم التعريف الشخصي: {{pincode}} & lt؛ br & gt؛ {٪ endif -٪} ||| {{country}} & lt؛ br & gt؛ ||| {٪ if phone٪} الهاتف: {{phone}} & lt؛ br & gt؛ { ٪ endif -٪} ||| {٪ if fax٪} الفاكس: {{fax}} & lt؛ br & gt؛ {٪ endif -٪} ||| {٪ if email_id٪} البريد الإلكتروني: {{email_id}} & lt؛ br & gt ؛ {٪ endif -٪} ||| </code> </pre>"
,ar,"<h4>Email Reply Example</h4>||||||<pre>Order Overdue||||||Transaction {{ name }} has exceeded Due Date. Please take necessary action.||||||Details||||||- Customer: {{ customer }}|||- Amount: {{ grand_total }}|||</pre>||||||<h4>How to get fieldnames</h4>||||||<p>The fieldnames you can use in your email template are the fields in the document from which you are sending the email. You can find out the fields of any documents via Setup &gt; Customize Form View and selecting the document type (e.g. Sales Invoice)</p>||||||<h4>Templating</h4>||||||<p>Templates are compiled using the Jinja Templating Language. To learn more about Jinja, <a class=""strong"" href=""http://jinja.pocoo.org/docs/dev/templates/"">read this documentation.</a></p>|||","<h4> مثال للرد بالبريد الإلكتروني </ h4> |||||| <pre> تأخر الطلب |||||| المعاملة {{name}} قد تجاوز تاريخ الاستحقاق. الرجاء اتخاذ الإجراء اللازم. |||||| التفاصيل |||||| - العميل: {{customer}} ||| - المبلغ: {{grand_total}} ||| </pre> |||||| <h4> كيفية الحصول على أسماء الحقول </ h4> |||||| <p> أسماء الحقول التي يمكنك استخدامها في نموذج البريد الإلكتروني الخاص بك هي الحقول الموجودة في المستند الذي ترسل البريد الإلكتروني منه. يمكنك رقمة الحقول الخاصة بأي مستندات عبر الإعداد & GT. تخصيص عرض النموذج واختيار نوع المستند (مثل فاتورة المبيعات) </ p> ||| لرقمة المزيد حول Jinja ، <a class=""strong"" href=""http://jinja.pocoo.org/docs/dev/templates/""> اقرأ هذه الوثائق. </a> </p> |||"
,ar,"<h4>Standard Terms and Conditions Example</h4>||||||<pre>Delivery Terms for Order number {{ name }}||||||-Order Date : {{ transaction_date }} |||-Expected Delivery Date : {{ delivery_date }}|||</pre>||||||<h4>How to get fieldnames</h4>||||||<p>The fieldnames you can use in your email template are the fields in the document from which you are sending the email. You can find out the fields of any documents via Setup &gt; Customize Form View and selecting the document type (e.g. Sales Invoice)</p>||||||<h4>Templating</h4>||||||<p>Templates are compiled using the Jinja Templating Language. To learn more about Jinja, <a class=""strong"" href=""http://jinja.pocoo.org/docs/dev/templates/"">read this documentation.</a></p>","<h4> مثال على الشروط والأحكام القياسية </ h4> |||||| <pre> شروط التسليم لرقم الطلب {{name}} |||||| -تاريخ الطلب: {{transaction_date}} ||| - تاريخ التسليم المتوقع: {{delivery_date}} ||| </pre> ||||| <h4> كيفية الحصول على أسماء الحقول </ h4> |||||| <p> أسماء الحقول التي يمكنك استخدامها في بريدك الإلكتروني النموذج هي الحقول الموجودة في المستند الذي ترسل منه البريد الإلكتروني. يمكنك رقمة الحقول الخاصة بأي مستندات عبر الإعداد & GT. تخصيص عرض النموذج واختيار نوع المستند (مثل فاتورة المبيعات) </ p> ||| لرقمة المزيد حول Jinja ، <a class=""strong"" href=""http://jinja.pocoo.org/docs/dev/templates/""> اقرأ هذه الوثائق. </a> </p>"
,ar,"<h5 class=""text-muted uppercase"">Or</h5>","<h5 class = ""text-muted uppercase""> أو </ h5>"
,ar,<h5>Message Example</h5>||||||<pre>&lt;h3&gt;Order Overdue&lt;/h3&gt;||||||&lt;p&gt;Transaction {{ doc.name }} has exceeded Due Date. Please take necessary action.&lt;/p&gt;||||||&lt;!-- show last comment --&gt;|||{% if comments %}|||Last comment: {{ comments[-1].comment }} by {{ comments[-1].by }}|||{% endif %}||||||&lt;h4&gt;Details&lt;/h4&gt;||||||&lt;ul&gt;|||&lt;li&gt;Customer: {{ doc.customer }}|||&lt;li&gt;Amount: {{ doc.grand_total }}|||&lt;/ul&gt;|||</pre>,<h5> مثال للرسالة </ h5> |||||| <pre> & lt؛ h3 & gt؛ تأخر الطلب & lt؛ / h3 & gt؛ |||||| & lt؛ p & gt؛ تجاوزت المعاملة {{doc.name}} تاريخ الاستحقاق . الرجاء اتخاذ الإجراء اللازم. & lt؛ / p & gt؛ |||||| & lt؛! - إظهار آخر تعليق - & gt؛ ||| {٪ if comments٪} ||| التعليق الأخير: {{comments [-1] .comment}} بواسطة {{comments [-1] .by}} ||| {٪ endif٪} |||||| & lt؛ h4 & gt؛ التفاصيل & lt؛ / h4 & gt؛ |||||| & lt؛ ul & gt؛ | || & lt؛ li & gt؛ العميل: {{doc.customer}} ||| & lt؛ li & gt؛ Amount: {{doc.grand_total}} ||| & lt؛ / ul & gt؛ ||| </pre>
,ar,"<label class=""control-label"" style=""margin-bottom: 0px;"">Account Number Settings</label>","<label class = ""control-label"" style = ""margin-bottom: 0px؛""> إعدادات رقم الحساب </ label>"
,ar,"<label class=""control-label"" style=""margin-bottom: 0px;"">Amount In Words</label>","<label class = ""control-label"" style = ""margin-bottom: 0px؛""> المبلغ بالكلمات </ label>"
,ar,"<label class=""control-label"" style=""margin-bottom: 0px;"">Date Settings</label>","<label class = ""control-label"" style = ""margin-bottom: 0px؛""> إعدادات التاريخ </ label>"
,ar,"<p><strong>Condition Examples:</strong></p>|||<pre>doc.status==""Open""<br>doc.due_date==nowdate()<br>doc.total &gt; 40000|||</pre>","<p> <strong> أمثلة على الحالة: </ strong> </p> ||| <pre> doc.status == ""Open"" <br> doc.due_date == nowdate () <br> doc.total & gt؛ 40000 ||| </pre>"
,ar,"<p><strong>Condition Examples:</strong></p>|||<pre>doc.status==""Open""<br>doc.due_date==nowdate()<br>doc.total &gt; 40000|||</pre>|||","<p> <strong> أمثلة على الحالة: </ strong> </p> ||| <pre> doc.status == ""Open"" <br> doc.due_date == nowdate () <br> doc.total & gt؛ 40000 ||| </pre> |||"
,ar,"<p>Set context before rendering a template. Example:</p><p>|||</p><div><pre><code>|||context.project = frappe.get_doc(""Project"", frappe.form_dict.name)|||</code></pre></div>","<p> عيّن السياق قبل عرض النموذج. مثال: </p> <p> ||| </p> <div> <pre> <code> ||| context.project = frappe.get_doc (""Project""، frappe.form_dict.name) ||| < / code> </pre> </div>"
,ar,"<p>Your OTP secret on {0} has been reset. If you did not perform this reset and did not request it, please contact your System Administrator immediately.</p>",<p> تمت إعادة تعيين سر OTP الخاص بك على {0}. إذا لم تقم بإجراء إعادة التعيين هذه ولم تطلبها ، فالرجاء الاتصال بمسؤول النظام على الفور. </ p>
,ar,"<pre><code>doc.grand_total &gt; 0</code></pre>||||||<p>Conditions should be written in simple Python. Please use properties available in the form only.</p>|||<p>Allowed functions: |||</p><ul>|||<li>frappe.db.get_value</li>|||<li>frappe.db.get_list</li>|||<li>frappe.session</li>|||<li>frappe.utils.now_datetime</li>|||<li>frappe.utils.get_datetime</li>|||<li>frappe.utils.add_to_date</li>|||<li>frappe.utils.now</li>|||</ul>|||<p>Example: </p><pre><code>doc.creation &gt; frappe.utils.add_to_date(frappe.utils.now_datetime(), days=-5, as_string=True, as_datetime=True) </code></pre><p></p>",<pre> <code> doc.grand_total & gt؛ 0 </code> </pre> |||||| <p> يجب كتابة الشروط بلغة Python البسيطة. الرجاء استخدام الخصائص المتوفرة في النموذج فقط. </ p> ||| <p> الوظائف المسموح بها: ||| </p> <ul> ||| <li> frappe.db.get_value </li> ||| <li> frappe.db.get_list </li> ||| <li> frappe.session </li> ||| <li> frappe.utils.now_datetime </li> ||| <li> frappe.utils. get_datetime </li> ||| <li> frappe.utils.add_to_date </li> ||| <li> frappe.utils.now </li> ||| </ul> ||| <p> مثال: </p> <pre> <code> doc.creation & gt؛ frappe.utils.add_to_date (frappe.utils.now_datetime () ، days = -5 ، as_string = True ، as_datetime = True) </code> </pre> <p> </p>
,ar,"<pre><h5>Message Example</h5>||||||&lt;p&gt; Thank You for being a part of {{ doc.company }}! We hope you are enjoying the service.&lt;/p&gt;||||||&lt;p&gt; Please find enclosed the E Bill statement. The outstanding amount is {{ doc.grand_total }}.&lt;/p&gt;||||||&lt;p&gt; We don't want you to be spending time running around in order to pay for your Bill.<br>After all, life is beautiful and the time you have in hand should be spent to enjoy it!<br>So here are our little ways to help you get more time for life! &lt;/p&gt;||||||&lt;a href=""{{ payment_url }}""&gt; click here to pay &lt;/a&gt;||||||</pre>|||","<pre> <h5> مثال على رسالة </ h5> |||||| & lt؛ p & gt؛ شكرًا لك على كونك جزءًا من {{doc.company}}! نأمل أن تكون مستمتعًا بالخدمة. & lt؛ / p & gt؛ ||||| & lt؛ p & gt؛ يرجى الاطلاع مرفقًا على بيان الفاتورة الإلكترونية. المبلغ المستحق هو {{doc.grand_total}}. & lt؛ / p & gt؛ |||||| & lt؛ p & gt؛ لا نريدك أن تقضي وقتك في الجري لتسديد فاتورتك. <br> بعد كل شيء ، الحياة جميلة والوقت المتاح لك يجب أن يقضيه في الاستمتاع بها! <br> لذا ها هي طرق قليلة لمساعدتك في الحصول على مزيد من الوقت مدى الحياة! & lt؛ / p & gt؛ |||||| & lt؛ a href = ""{{payment_url}}"" & gt؛ انقر هنا للدفع & lt؛ / a & gt؛ |||||| </pre> |||"
,ar,"<pre><h5>Message Example</h5>||||||&lt;p&gt;Dear {{ doc.contact_person }},&lt;/p&gt;||||||&lt;p&gt;Requesting payment for {{ doc.doctype }}, {{ doc.name }} for {{ doc.grand_total }}.&lt;/p&gt;||||||&lt;a href=""{{ payment_url }}""&gt; click here to pay &lt;/a&gt;||||||</pre>|||","<pre> <h5> مثال للرسالة </ h5> |||||| & lt؛ p & gt؛ عزيزي {{doc.contact_person}} ، & lt؛ / p & gt؛ ||||| & lt؛ p & gt؛ طلب الدفع لـ { {doc.doctype}} ، {{doc.name}} لـ {{doc.grand_total}}. & lt؛ / p & gt؛ ||||| & lt؛ a href = ""{{payment_url}}"" & gt؛ انقر هنا للدفع & lt؛ / a & gt؛ |||||| </pre> |||"
,ar,A GSTIN must have 15 characters.,يجب أن يحتوي الرقم الضريبى على 15 حرفًا.
,ar,A customer must have primary contact email.,يجب أن يكون لدى العميل بريد إلكتروني للاتصال الأساسي.
,ar,A friendly reminder of an important date for our team.,تذكير ودي بموعد مهم لفريقنا.
,ar,A name by which you will identify this template. You can change this later.,الاسم الذي ستحدد من خلاله هذا النموذج. يمكنك تغيير هذا لاحقا.
,ar,A template with tax category {0} already exists. Only one template is allowed with each tax category,يوجد نموذج بفئة الضريبة {0} بالفعل. يُسمح بنموذج واحد فقط مع كل فئة ضريبية
,ar,AGE,العمر
,ar,API Key cannot be regenerated,لا يمكن إعادة إنشاء مفتاح API
,ar,AWB Number,رقم AWB
,ar,Abbreviation Rename Error,الاختصار إعادة تسمية خطأ
,ar,About,عن
,ar,About Us,معلومات عنا
,ar,Acceptance Criteria Formula,صيغة معايير القبول
,ar,Acceptance Criteria Value,قيمة معايير القبول
,ar,Accepted Qty in Stock UOM,الكمية المقبولة في المخزون وحدة القياس
,ar,Account Number Length,طول رقم الحساب
,ar,Account Opening Balance,رصيد فتح الحساب
,ar,Account for accepting donation payments,حساب لقبول مدفوعات التبرعات
,ar,Account for accepting membership payments,حساب لقبول مدفوعات العضوية
,ar,Account {0} already exists. Please enter a different name for your bank account.,الحساب {0} موجود بالفعل. الرجاء قيد اسم مختلف لحسابك البنكي.
,ar,Account {0} appears multiple times,يظهر الحساب {0} عدة مرات
,ar,Account: {0} does not exist,الحساب: {0} غير موجود
,ar,Accounting Dimension Filter,فلتر البعد المحاسبي
,ar,Accrual Type,نوع الاستحقاق
,ar,Accrued Interest,الفائدة المستحقة
,ar,Action If Quality Inspection Is Rejected,الإجراء إذا تم رفض فحص الجودة
,ar,Action If Same Rate is Not Maintained,الإجراء إذا لم يتم الحفاظ على نفس المعدل
,ar,Action Label,تسمية الأجراء
,ar,Action if Same Rate is Not Maintained Throughout Sales Cycle,الإجراء إذا لم يتم الحفاظ على نفس السعر طوال دورة المبيعات
,ar,Active Directory,دليل الأجراءات
,ar,Actual Balance Qty,كمية الرصيد الفعلي
,ar,Actual Manufactured Qty,كمية المصنعة الفعلية
,ar,Add / Edit Fields,إضافة / تحرير الحقول
,ar,Add Corrective Operation Cost in Finished Good Valuation,أضف تكلفة العملية التصحيحية في تقييم صنف المنتج التام
,ar,Add Multiple Service Units,إضافة وحدات خدمة متعددة
,ar,Add Or Deduct,أضف أو استقطع
,ar,Add Tags,اضف اشارة
,ar,Add Template,أضف نموذجا
,ar,Add a Filter,أضف فلتر
,ar,Add to Quote,أضف إلى عرض السعر
,ar,Add to this activity by mailing to {0},أضف إلى هذا النشاط بالبريد إلى {0}
,ar,Additional Discount Account,حساب الخصم الإضافي
,ar,Additional Information,معلومة اضافية
,ar,Additional Salary for referral bonus can only be created against Employee Referral with status {0},لا يمكن إنشاء راتب إضافي مقابل مكافأة الإحالة إلا مقابل إحالة الموظف بالحالة {0}
,ar,"Address Lines, City, Pincode, GSTIN are mandatory for address {}. Please set them and try again.",سطور العنوان ، المدينة ، الرمز الشخصي ، الرقم الضريبى إلزامية للعنوان {}. يرجى تعيينهم وحاول مرة أخرى.
,ar,Address lines and city is mandatory for address {}. Please set them and try again.,سطور العنوان والمدينة إلزامية للعنوان {}. يرجى تعيينهم وحاول مرة أخرى.
,ar,Adds a custom client script to a DocType,يضيف برنامجًا نصيًا مخصصًا للعميل إلى نوع DocType
,ar,Adjust Asset Value,ضبط قيمة الأصول
,ar,Adjustment (SAR),التعديل (ريال سعودي)
,ar,Admissions,القبول
,ar,Advance TDS account is mandatory for advance TDS deduction,حساب TDS مقدمًا إلزامي لخصم TDS مقدمًا
,ar,Advance Tax Account,حساب الضريبة المقدمة
,ar,Advance Taxes and Charges,الضرائب والرسوم المقدمة
,ar,Advance paid against {0} {1} cannot be greater than Grand Total {2},لا يمكن أن تكون الدفعة المقدمة من {0} {1} أكبر من الإجمالي الكلي {2}
,ar,Against Customer Order {0} dated {1},مقابل طلب العميل {0} بتاريخ {1}
,ar,Ageing Report based on,تقرير الأعمار على أساس
,ar,Agent Busy Message,رسالة وكيل مشغول
,ar,Agent Group,مجموعة الوكيل
,ar,Agent Unavailable Message,رسالة الوكيل غير متوفرة
,ar,"Aggregate group of **Items** into another **Item**. This is useful if you are bundling a certain **Items** into a package and you maintain stock of the packed **Items** and not the aggregate **Item**. ||||||The package **Item** will have ""Is Stock Item"" as ""No"" and ""Is Sales Item"" as ""Yes"".||||||For Example: If you are selling Laptops and Backpacks separately and have a special price if the customer buys both, then the Laptop + Backpack will be a new Product Bundle Item.||||||Note: BOM = Bill of Materials",مجموعة مجمّعة من ** الأصناف ** في ** صنف ** آخر. يكون هذا مفيدًا إذا كنت تقوم بتجميع ** أصناف ** معينة في حزمة وتحافظ على مخزون ** الأصناف ** المعبأة وليس التجميع ** الصنف **. ||| ||||| حقائب الظهر بشكل منفصل ولها سعر خاص إذا اشترى العميل كلاهما ، فإن حقيبة الكمبيوتر المحمول + حقيبة الظهر ستكون صنفًا جديدًا في حزمة المنتج. |||||| ملاحظة: BOM = فاتورة المواد
,ar,Alcohol past use,استخدام الكحول في الماضي
,ar,Alcohol use,استخدام الكحول
,ar,All Results,جميع النتائج
,ar,All fields are necessary to submit the comment.,جميع الحقول ضرورية لحفظ التعليق.
,ar,All items in this document already have a linked Quality Inspection.,جميع الأصناف الموجودة في هذا المستند لها بالفعل فحص جودة مرتبط.
,ar,"All possible Workflow States and roles of the workflow. Docstatus Options: 0 is ""Saved"", 1 is ""Submitted"" and 2 is ""Cancelled""","جميع حالات سير العمل والأدوار الممكنة لسير العمل. خيارات حالة المستندات: 0 ""تم الحفظ"" ، و 1 ""تم الإرسال"" و 2 ""تم الإلغاء"""
,ar,All the drugs are available with sufficient qty to process this Inpatient Medication Entry.,تتوفر جميع الأدوية بكمية كافية لمعالجة قيد الدواء للمرضى الداخليين.
,ar,Allerigies,الحساسية
,ar,Allocated Amount (Company Currency),المبلغ المخصص (عملة الشركة)
,ar,Allocated Entries,القيود المخصصة
,ar,Allow Alternative Item must be checked on Item {},يجب التحقق من السماح بالصنف البديل في الصنف {}
,ar,Allow Continuous Material Consumption,السماح باستهلاك المواد المستمر
,ar,Allow Discharge Despite Unbilled Healthcare Services,السماح بالخروج بالرغم من خدمات الرعاية الصحية غير المدفوعة
,ar,Allow Excess Material Transfer,السماح بنقل المواد الزائدة
,ar,Allow Invoicing for Memberships,السماح بالفواتير للأعضاء
,ar,Allow Or Restrict Dimension,السماح أو تقييد البعد
,ar,Allow User to Edit Discount,السماح للمستخدم بتحرير الخصم
,ar,Allow User to Edit Rate,السماح للمستخدم بتحرير السعر
,ar,Allow Zero Rate,السماح بمعدل الصفر
,ar,Allow material consumptions without immediately manufacturing finished goods against a Work Order,السماح باستهلاك المواد بدون تصنيع سلع تامة الصنع فورًا مقابل طلب عمل
,ar,Allow transferring raw materials even after the Required Quantity is fulfilled,السماح بنقل المواد الخام حتى بعد استيفاء الكمية المطلوبة
,ar,Allowed Dimension,البعد المسموح به
,ar,Allowed Modules,الوحدات البرمجية المسموح بها
,ar,Allowed primary roles are 'Customer' and 'Supplier'. Please select one of these roles only.,"الأدوار الأساسية المسموح بها هي ""العميل"" و ""المورد"". الرجاء تحديد واحد من هذه الأدوار فقط."
,ar,Already Published,نشرت بالفعل
,ar,"Alternatively, you can download the template and fill your data in.",بدلاً من ذلك ، يمكنك تنزيل النموذج وملء بياناتك.
,ar,Always use this email address as sender address,استخدم دائمًا عنوان البريد الإلكتروني هذا كعنوان المرسل
,ar,Always use this name as sender name,استخدم هذا الاسم دائمًا كاسم مرسل
,ar,Amended document gets the name of the original document if enabled and will be applicable to all submittable doctypes. This is a nonreversible operation.,يحصل المستند المعدل على اسم المستند الأصلي إذا تم تمكينه وسينطبق على جميع نماذج المستندات القابلة للإرسال. هذه عملية لا رجوع فيها.
,ar,Amount (AED),المبلغ (درهم)
,ar,Amount (SAR),المبلغ (ريال سعودي)
,ar,Amount should not be less than zero,يجب ألا يقل المبلغ عن الصفر
,ar,An 80G Certificate {0} already exists for the donation {1},شهادة 80G {0} موجودة بالفعل للتبرع {1}
,ar,"An amount of {0} already claimed for the component {1}, set the amount equal or greater than {2}",مبلغ {0} تمت المطالبة به بالفعل للمكون {1} ، قم بتعيين المبلغ يساوي أو أكبر من {2}
,ar,An error has been appeared while reposting item valuation via {0},حدث خطأ أثناء إعادة تقييم الصنف عبر {0}
,ar,An error occurred while creating e-invoice for {}. Please check {} for more information.,حدث خطأ أثناء إنشاء الفاتورة الإلكترونية لـ {}. يرجى التحقق من {} لمزيد من المعلومات.
,ar,An error occurred while making e-invoicing request. Please check {} for more information.,حدث خطأ أثناء تقديم طلب الفواتير الإلكترونية. يرجى التحقق من {} لمزيد من المعلومات.
,ar,An unexpected error occurred while authorizing {}.,حدث خطأ غير متوقع أثناء المصادقة {}.
,ar,Anonymization Matrix,مصفوفة إخفاء الهوية
,ar,App ID,رقم التطبيق
,ar,App Logo,شعار التطبيق
,ar,Applicable Dimension,البعد المطبق
,ar,Applicable Earnings Component,صنف الأرباح المطبق
,ar,Applicable From,ينطبق من
,ar,Applicable On Account,ينطبق على الحساب
,ar,Applicant,طالب وظيفة
,ar,Applicant Rating,تصنيف مقدم الطلب
,ar,Applicant-Wise Loan Security Exposure,التعرض لأمن قرض مقدم الطلب
,ar,Applied on each reading.,تطبق على كل قراءة.
,ar,Apply Filters,تطبيق الفلاتر
,ar,Apply Putaway Rule,تطبيق قاعدة الإبعاد
,ar,Apply Tax Withholding Amount,تطبيق مبلغ الاستقطاع الضريبي
,ar,Apply To,تنطبق على
,ar,Apply User Permission On,تطبيق صلاحية الموظف على
,ar,Appointment Scheduling Disabled,جدولة المواعيد معطلة
,ar,Appointment Scheduling has been disabled for this site,تم تعطيل جدولة المواعيد لهذا الموقع
,ar,Appointment Type Service Item,نوع الموعد صنف الخدمة
,ar,Appointment Type Service Items,نوع الموعد أصناف الخدمة
,ar,Appointment for service units with Inpatient Occupancy can only be created against the unit where patient has been admitted.,لا يمكن تحديد موعد لوحدات الخدمة مع إشغال المرضى الداخليين إلا في الوحدة التي تم فيها قبول المريض.
,ar,Appointment was created. But no lead was found. Please check the email to confirm,تم إنشاء الموعد. ولكن لم يتم العثور على العميل المحتمل. يرجى التحقق من البريد الإلكتروني للتأكيد
,ar,Are you sure want to delete the Post from Social Media platforms?,هل تريد بالتأكيد حذف المنشور من منصات التواصل الاجتماعي؟
,ar,Are you sure you want to reject the Employee Referral?,هل أنت متأكد أنك تريد رفض إحالة الموظف؟
,ar,As on Date,كما اننا على موعد
,ar,"As per IT Act, the rate of depreciation for the first depreciation entry is reduced by 50%.",وفقًا لقانون تكنولوجيا المعلومات ، يتم تقليل معدل الاستهلاك لقيد الإهلاك الأول بنسبة 50 ٪.
,ar,"As you have E-Invoicing enabled, to be able to generate IRN for this invoice",نظرًا لتمكين الفواتير الإلكترونية لديك ، لتتمكن من إنشاء IRN لهذه الفاتورة
,ar,Asset Depreciation Details,تفاصيل إهلاك الأصول
,ar,Asset Repair Consumed Item,صنف مستهلك لإصلاح الأصول
,ar,Assign Job to Employee,تكليف الوظيفة للموظف
,ar,Assign a user,تكليف موظف
,ar,Assigning...,التكليف ...
,ar,Assignment Based On,التكليف على اساس
,ar,Assignment Condition,شرط التكليف
,ar,Assignment Rule is not allowed on {0} document type,التكليف وفقا للدور الوظيفي غير مسموح بها في نوع مستند {0}
,ar,Assignment based on,التكليف على اساس
,ar,Assignment of {0} removed by {1},تمت إزالة التكليف {0} بواسطة {1}
,ar,Associated Document,وثيقة مرتبطة
,ar,Associated Document Type,نوع المستند المرتبط
,ar,At least one column is required to show in the grid.,مطلوب عمود واحد على الأقل لإظهاره في الشبكة.
,ar,Attachment Limit Reached,تم الوصول إلى حد المرفقات
,ar,Attendance cannot be marked for {0} as it is a holiday.,لا يمكن وضع علامة على الحضور لـ {0} لأنه يوم أجازة.
,ar,Attendance for employee {0} is already marked for the date {1},تم بالفعل وضع علامة على حضور الموظف {0} للتاريخ {1}
,ar,"Attendance for the month of {0} , has already been marked for the Employee {1}",تم بالفعل وضع علامة على الحضور لشهر {0} للموظف {1}
,ar,Authorization URI,URI المصادقة
,ar,Authorization error for {}.,خطأ في المصادقة لـ {}.
,ar,Auto Insert Item Price If Missing,إدراج سعر الصنف تلقائيًا إذا كان مفقودًا
,ar,Auto Repeat Day,تكرار يومي تلقائى
,ar,Auto Repeat Day {0} has been repeated.,تم تكرارالتكرار اليومي التلقائى {0}.
,ar,Auto Repeat Schedule,جدول التكرار التلقائي
,ar,Auto Reply,رد آلي
,ar,Auto Write Off Amount,مبلغ الشطب التلقائي
,ar,Auto creates Payment Entry for Donations created from web forms.,يقوم تلقائيًا بإنشاء سند دفع للتبرعات التي تم إنشاؤها من نماذج الويب.
,ar,Auto creates Payment Entry for Sales Invoices created for Membership from web forms.,يقوم بإنشاء تلقائى إدخال دفع لفواتير المبيعات التي تم إنشاؤها للعضوية من نماذج الويب.
,ar,Automate Donation Payment Entries,أتمتة قيود دفع التبرعات
,ar,Automate Invoicing for Web Forms,أتمتة الفواتير لنماذج الويب
,ar,Automate Payment Entry Creation,أتمتة إنشاء قيد الدفع
,ar,Automated Message,رسالة مؤتمتة
,ar,Automatically Add Filtered Item To Cart,إضافة صنف تمت فلترته إلى عربة التسوق تلقائيًا
,ar,Automatically Fetch Payment Terms from Order,جلب شروط الدفع تلقائيًا من الطلب
,ar,Automatically create an invoice when payment is authorized from a web form entry,إنشاء فاتورة تلقائيًا عندما يُصرح بالدفع من قيد نموذج ويب
,ar,Available Leave,الإجازة المتاحة
,ar,Available Qty For Consumption,الكمية المتاحة للاستهلاك
,ar,Available Qty at Company,الكمية المتوفرة في الشركة
,ar,Available on backorder,متوفر لإعادة الطلب
,ar,Average Completion,متوسط ​​الإنجاز
,ar,Average Rating,متوسط ​​تقييم
,ar,Avg Utilization,متوسط ​​الاستخدام
,ar,Avg Utilization (Billed Only),متوسط ​​الاستخدام (مفوتر فقط)
,ar,Awesome Work,عمل رائع
,ar,"Awesome, now try making an entry yourself",رائع ، حاول الآن قيد نفسك
,ar,"B2B Invoices - 4A, 4B, 4C, 6B, 6C",فواتير B2B - 4 أ ، 4 ب ، 4 ج ، 6 ب ، 6 ج
,ar,"B2C(Large) Invoices - 5A, 5B",فواتير B2C (كبيرة) - 5 أ ، 5 ب
,ar,B2C(Small) Invoices - 7,فواتير B2C (الصغيرة) - 7
,ar,BOM Level,مستوى قائمة مكونات الصنف
,ar,BOM UoM,قائمة مكونات الصنف وحدات قياس
,ar,BOM is not specified for subcontracting item {0} at row {1},لم يتم تحديد قائمة مكونات الصنف لصنف التشغيل الخارجي {0} في الصف {1}
,ar,BOM recursion: {0} cannot be parent or child of {0},الأستدعاء الذاتي لـ قائمة مكونات الصنف: لا يمكن أن يكون {0} أحد الأبوين أو الفرعيين لـ {0}
,ar,Back,خلف
,ar,Backdated Leave Application is restricted. Please set the {} in {},تطبيق الإجازة الذي تم تأجيله مقيد. يرجى تعيين {} في {}
,ar,Balance Qty (Stock,الرصيد الكمية (مخزون
,ar,Bank Reconciliation Tool,أداة تسوية البنك
,ar,Bank Statement Import,استيراد كشف الحساب البنكي
,ar,Base Cost Per Unit,التكلفة الأساسية لكل وحدة
,ar,Based On Date Of Joining,بناءً على تاريخ الالتحاق
,ar,Based On Value,على أساس القيمة
,ar,"Based on your HR Policy, select your leave allocation period's end date",بناءً على سياسة الموارد البشرية الخاصة بك ، حدد تاريخ انتهاء فترة تخصيص الإجازة
,ar,"Based on your HR Policy, select your leave allocation period's start date",بناءً على سياسة الموارد البشرية الخاصة بك ، حدد تاريخ بدء فترة تخصيص الإجازة الخاصة بك
,ar,Basic Info,معلومات أساسية
,ar,Before Validate,قبل التحقق من الصحة
,ar,"Before enabling <b>Create Transaction</b> or <b>Sandbox Mode</b>, you need to check the <b>Enable Tax Calculation</b> box",قبل تمكين <b> إنشاء معاملة </ b> أو <b> وضع الحماية </ b> ، يلزمك تحديد المربع <b> تمكين حساب الضرائب </ b>
,ar,Below is the list of upcoming holidays for you:,فيما يلي قائمة الإجازات القادمة لك:
,ar,Bill Amount,مبلغ الفاتورة
,ar,Bill for Rejected Quantity in Purchase Invoice,فاتورة الكمية المرفوضة في فاتورة الشراء
,ar,Billed Hours,الساعات المفوترة
,ar,Billed Hours (B),الساعات المفوترة (م)
,ar,Billed Items To Be Received,البنود التي تم فوترتها ليتم استلامها
,ar,"Billed, Received & Returned",تم إصدار الفاتورة واستلامها وإعادتها
,ar,Billing Address Details,تفاصيل عنوان الفواتير
,ar,Billing Interval in Subscription Plan must be Month to follow calendar months,يجب أن تكون فترة الفوترة في خطة الاشتراك شهرًا لمتابعة الأشهر التقويمية
,ar,Billing and Payments,الفواتير والمدفوعات
,ar,Birthday Reminder 🎂,تذكير عيد ميلاد 🎂
,ar,Birthdays,أعياد الميلاد
,ar,Bom No,رقم قائمة مواد الصنف
,ar,Book Cost Center Wise Profit/Loss,تسجيل مراكز التكلفة حسب الأرباح / الخسائر
,ar,Booked reverse charge is not equal to applied tax amount,الرسوم العكسية المحجوزة لا تساوي مبلغ الضريبة المطبق
,ar,Bottom Center,منتصف الأسفل
,ar,Bottom Right,أسفل اليمين
,ar,Branch: {0},الفرع: {0}
,ar,Brand Logo,شعار العلامة التجارية
,ar,Bucket {0} not found.,الحاوية {0} غير موجودة.
,ar,Bulk Actions,إجراءات مجمعة
,ar,Bulk E-Invoice Cancellation Complete,اكتمل إلغاء الفاتورة الإلكترونية المجمعة
,ar,Bulk E-Invoice Generation Complete,اكتمل إنشاء الفاتورة الإلكترونية المجمعة
,ar,Bulk Leave Policy Assignment,تعيين سياسة الإجازة المجمعة
,ar,Bundle Items,أصناف مجمعة
,ar,Business Shortcode,الرمز المختصر للأعمال
,ar,"By default, emails are only sent for failed backups.",بشكل افتراضي ، يتم إرسال رسائل البريد الإلكتروني فقط في حالة النسخ الاحتياطية الفاشلة.
,ar,"By default, the Supplier Name is set as per the Supplier Name entered. If you want Suppliers to be named by a <a href='https://docs.erpnext.com/docs/user/manual/en/setting-up/settings/naming-series' target='_blank'>Naming Series</a> choose the 'Naming Series' option.","بشكل افتراضي ، يتم تعيين اسم المورد وفقًا لاسم المورد الذي تم قيده. إذا كنت تريد تسمية الموردين من خلال <a href='https://docs.erpnext.com/docs/user/manual/en/setting-up/settings/naming-series' target='_blank'> سلسلة التسمية </a> حدد خيار ""سلسلة التسمية""."
,ar,CGST + SGST value of the items is not equal to total CGST + SGST value. Please review taxes for any correction.,قيمة Cالضريبة + Sالضريبة للأصناف لا تساوي إجمالي قيمة Cالضريبة + Sالضريبة. يرجى مراجعة الضرائب لأي تحرير.
,ar,CIP (Carriage and Insurance Paid to),CIP (النقل والتأمين مدفوعان)
,ar,CMD,CMD
,ar,COGS By Item Group,COGS حسب مجموعة الأصناف
,ar,COGS Debit,الخصم COGS
,ar,COLOR PICKER,أداة انتقاء اللون
,ar,CPT (Carriage Paid To),CPT (عربة مدفوعة ل)
,ar,CRM Settings,إعدادات علاقات العملاء
,ar,Calculate Gratuity Amount Based On,احسب مبلغ الإكرامية على أساس
,ar,Calculate Product Bundle Price based on Child Items' Rates,احسب سعر الصنف المجمع بناءً على أسعار الأصناف الفرعية
,ar,Call Again,اتصل مرة اخرى
,ar,Call Ended,المكالمة انتهت
,ar,Call Handling Schedule,جدول التعامل مع المكالمات
,ar,Call Receiving Device,جهاز استقبال المكالمات
,ar,Call Routing,توجيه المكالمات
,ar,Call Schedule Row {0}: To time slot should always be ahead of From time slot.,صف جدول الاستدعاء {0}: يجب أن تكون خانة الجدول الزمني دائمًا متقدمًا على خانة من الوقت.
,ar,Callback,أتصل مرة أخرى
,ar,Campaign Item,صنف الحملة
,ar,Can Submit,يمكن الترحيل
,ar,Can not close Work Order. Since {0} Job Cards are in Work In Progress state.,لا يمكن إغلاق أمر العمل. نظرًا لأن {0} بطاقات العمل في حالة العمل قيد التقدم.
,ar,"Can not filter based on Child Account, if grouped by Account",لا يمكن التصفية بناءً على حساب الفرع ، إذا تم تجميعه حسب الحساب
,ar,Can only list down the document types which has been linked to the User document type.,يمكن فقط سرد أنواع المستندات التي تم ربطها بنوع مستند الموظف.
,ar,"Can't change the valuation method, as there are transactions against some items which do not have its own valuation method",لا يمكن تغيير طريقة التقييم ، حيث توجد معاملات مقابل بعض الأصناف التي ليس لها طريقة التقييم الخاصة بها
,ar,Cancel E-Way Bill,إلغاء فاتورة E-Way
,ar,Cancel IRN,إلغاء IRN
,ar,Cancel IRNs,إلغاء IRNs
,ar,Cancel Not Allowed,إلغاء غير مسموح به
,ar,Cancellation of e-way bill is currently not supported.,إلغاء فاتورة e-way غير متاح حاليًا.
,ar,Cancelling E-Invoices...,إلغاء الفواتير الإلكترونية ...
,ar,Cannot Fetch Values,لا يمكن إحضار القيم
,ar,Cannot Merge,لا يمكن الدمج
,ar,Cannot apply TDS against multiple parties in one entry,لا يمكن تطبيق TDS مقابل أطراف متعددة في قيد واحد
,ar,Cannot cancel,لا يمكن الإلغاء
,ar,Cannot cancel the transaction. Reposting of item valuation on submission is not completed yet.,لا يمكن إلغاء الحركة. إعادة تقييم الصنف عند التقديم لم يكتمل بعد.
,ar,Cannot cancel {0} {1} as Serial No {2} does not belong to the company {3},لا يمكن إلغاء {0} {1} لأن الرقم التسلسلي {2} لا ينتمي إلى الشركة {3}
,ar,Cannot cancel {0} {1} as Serial No {2} does not belong to the warehouse {3},لا يمكن إلغاء {0} {1} لأن الرقم التسلسلي {2} لا ينتمي إلى المخزن {3}
,ar,Cannot cancel {0} {1} as Serial No {2} is active in warehouse {3},لا يمكن إلغاء {0} {1} لأن الرقم التسلسلي {2} نشط في المخزن {3}
,ar,Cannot change Reference Document Type.,لا يمكن تغيير نوع المستند المرجعي.
,ar,Cannot close loan as there is an outstanding of {0},لا يمكن إغلاق القرض لأن هناك مبلغًا معلقًا بقيمة {0}
,ar,Cannot convert Task to non-group because the following child Tasks exist: {0}.,لا يمكن تحويل المهمة إلى غير مجموعة بسبب وجود المهام الفرعية التالية: {0}.
,ar,Cannot convert to Group because Account Type is selected.,لا يمكن التحويل إلى مجموعة لأنه تم تحديد نوع الحساب.
,ar,Cannot create Salary Slip for Employee joining after Payroll Period,لا يمكن إنشاء قسيمة راتب للموظف المنضم بعد فترة الرواتب
,ar,Cannot create Salary Slip for Employee who has left before Payroll Period,لا يمكن إنشاء قسيمة راتب للموظف الذي غادر قبل فترة الرواتب
,ar,Cannot edit Standard Dashboards,لا يمكن تحرير لوحات المعلومات القياسية
,ar,Cannot edit Standard charts,لا يمكن تحرير المخططات القياسية
,ar,Cannot enable {0} for a non-submittable doctype,لا يمكن تمكين {0} لنوع مستند غير قابل للإرسال
,ar,Cannot find e-invoicing credentials for selected Company GSTIN. Please check E-Invoice Settings,لا يمكن العثور على بيانات اعتماد الفواتير الإلكترونية لـ الرقم الضريبي الشركة المحددة. يرجى التحقق من إعدادات الفاتورة الإلكترونية
,ar,Cannot get file contents of a Folder,لا يمكن الحصول على محتويات ملف لمجلد
,ar,Cannot mark Inpatient Record as Discharged since there are unbilled services.,لا يمكن وضع علامة على سجل المرضى الداخليين على أنه تم خروجه نظرًا لوجود خدمات غير مسددة.
,ar,Cannot mark attendance for an Inactive employee {0},لا يمكن وضع علامة على حضور موظف غير نشط {0}
,ar,Cannot receive from customer against negative outstanding,لا يمكن الاستلام من العميل مقابل المبالغ المعلقة السلبية
,ar,Cannot retrieve Company GSTIN. Please select company address with valid GSTIN.,لا يمكن استرداد رقم الرقم الضريبي الخاص بالشركة. يُرجى تحديد عنوان الشركة باستخدام رقم الرقم الضريبي صالح.
,ar,Cannot retrieve link token for update. Check Error Log for more information,لا يمكن استرداد رمز الارتباط للتحديث. تحقق من سجل الأخطاء لمزيد من المعلومات
,ar,Cannot retrieve link token. Check Error Log for more information,لا يمكن استرداد الرمز المميز للرابط. تحقق من سجل الأخطاء لمزيد من المعلومات
,ar,Cannot share {0} with submit permission as the doctype {1} is not submittable,لا يمكن مشاركة {0} مع إذن الإرسال لأن نموذج المستند {1} غير قابل للإرسال
,ar,Capacity (Stock UOM),السعة (وحدة قياس المخزون )
,ar,Capacity in Stock UOM,القدرة في وحدة قياس المخزون
,ar,Capacity must be greater than 0,يجب أن تكون السعة أكبر من 0
,ar,Capitalize Repair Cost,استفد من تكلفة الإصلاح
,ar,Card Break,كسر البطاقة
,ar,Carrier,الناقل
,ar,Carrier Service,خدمة الناقل
,ar,Category Details,تفاصيل الفئة
,ar,Cause of Grievance,سبب التظلم
,ar,Certificate Recipient,مستلم الشهادة
,ar,Change DATEV Settings,تغيير إعدادات DATEV
,ar,Changed customer name to '{}' as '{}' already exists.,"تم تغيير اسم العميل إلى ""{}"" حيث إن ""{}"" موجود بالفعل."
,ar,Charge of type 'Actual' in row {0} cannot be included in Item Rate or Paid Amount,"لا يمكن تضمين الرسوم من النوع ""الفعلي"" في الصف {0} في سعر الصنف أو المبلغ المدفوع"
,ar,Check this to mark the student as present in case the student is not attending the institute to participate or represent the institute in any event.||||||,حدد هذا لتمييز الطالب على أنه موجود في حالة عدم حضور الطالب للمعهد للمشاركة أو تمثيل المعهد في أي حدث. ||||||
,ar,Checking this will round off the tax amount to the nearest integer,سيؤدي التحقق من ذلك إلى تقريب مبلغ الضريبة إلى أقرب عدد صحيح
,ar,Choose Kanban Board,اختر شريحة كانبان
,ar,Choose a color,اختيار اللون
,ar,Clear All,امسح الكل
,ar,Clear Values,مسح القيم
,ar,Cleared,مسح
,ar,Click on Add to Holidays. This will populate the holidays table with all the dates that fall on the selected weekly off. Repeat the process for populating the dates for all your weekly holidays,انقر فوق إضافة إلى الإجازات. سيؤدي هذا إلى ملء جدول الإجازات بجميع التواريخ التي تقع في الإجازة الأسبوعية المحددة. كرر العملية لملء التواريخ لجميع عطلاتك الأسبوعية
,ar,Client Id,رقم العميل
,ar,Client Script for {0} {1} already exists,البرنامج النصي للعميل لـ {0} {1} موجود بالفعل
,ar,Closed Work Order can not be stopped or Re-opened,لا يمكن إيقاف أمر العمل المغلق أو إعادة فتحه
,ar,Closure Date,تاريخ الإغلاق
,ar,Code Challenge,تحدي الكود
,ar,Code challenge method,طريقة تحدي التعليمات البرمجية
,ar,Collection Details:,تفاصيل المجموعة:
,ar,Column Width,عرض العمود
,ar,Column width cannot be zero.,لا يمكن أن يكون عرض العمود صفرًا.
,ar,Communication Channel,قناة الاتصال
,ar,Company Address Display,عرض عنوان الشركة
,ar,Company Address is mandatory to fetch company GSTIN details. Please set Company Address and try again.,عنوان الشركة إلزامي لجلب تفاصيل رقم الشركة الضريبى. يرجى تعيين عنوان الشركة والمحاولة مرة أخرى.
,ar,Company Billing Address,عنوان الفواتير للشركة
,ar,Company Details,تفاصيل الشركة
,ar,Company Shipping Address,عنوان شحن الشركة
,ar,Company Tax ID,رقم ضريبة الشركة
,ar,Company for which this tax template will be applicable,الشركة التي سينطبق عليها نموذج الضريبة هذا
,ar,Company is mandatory was generating invoice. Please set default company in Global Defaults,الشركة إلزامية تم إصدار الفاتورة. يرجى تعيين الشركة الافتراضية في Global Defaults
,ar,Company which internal customer represents,الشركة التي يمثلها العميل الداخلي
,ar,Company which internal customer represents.,الشركة التي يمثلها العميل الداخلي.
,ar,Company which internal supplier represents,الشركة التي يمثلها المورد الداخلي
,ar,Company {} does not exist yet. Taxes setup aborted.,الشركة {} غير موجودة بعد. تم إحباط إعداد الضرائب.
,ar,Complete Job,أكمل الوظيفة
,ar,Completed On,اكتمل في
,ar,Completed On cannot be greater than Today,"لا يمكن أن يكون ""يوم الأكمال"" أكبر من ""اليوم"""
,ar,Completed Tasks,المهام المكتملة
,ar,Completed Time,وقت الانتهاء
,ar,Condition and Formula Help,مساعدة الشرط والصيغة
,ar,Configure Columns,تكوين الأعمدة
,ar,Configure the action to stop the transaction or just warn if the same rate is not maintained.,قم بتكوين الإجراء لإيقاف المعاملة أو مجرد التحذير إذا لم يتم الحفاظ على نفس السعر.
,ar,Connect to {},الاتصال بـ {}
,ar,Connected App,تطبيق متصل
,ar,Connection Lost,انقطع الاتصال
,ar,Connections,إتصالات
,ar,Consider Entire Party Ledger Amount,ضع في اعتبارك مبلغ دفتر الأستاذ للطرف بالكامل
,ar,Considered In Paid Amount,تعتبر في المبلغ المدفوع
,ar,Consolidate Items,توحيد الأصناف
,ar,Consumed Items Qty Check,فحص كمية الأصناف المستهلكة
,ar,Consumed Quantity,الكمية المستهلكة
,ar,Consumers,المستهلكون
,ar,Continue Selection,متابعة التحديد
,ar,Continue Shopping,مواصلة التسوق
,ar,Contract Template Help,تعليمات نموذج العقد
,ar,Control Historical Stock Transactions,مراقبة معاملات المخزون التاريخية
,ar,Convert Item Description to Clean HTML in Transactions,تحويل وصف الصنف إلى HTML نظيف في المعاملات
,ar,Copy to Clipboard,نسخ إلى الحافظة
,ar,Corrective Job Card,بطاقة العمل التصحيحية
,ar,Corrective Operation,العملية التصحيحية
,ar,Corrective Operation Cost,تكلفة العملية التصحيحية
,ar,Cost Center For Item with Item Code {0} has been Changed to {1},تم تغيير مركز التكلفة للصنف مع رمز الصنف {0} إلى {1}
,ar,Cost Per Unit,التكلفة لكل وحدة
,ar,Cost of Poor Quality Report,تقرير تكلفة جودة رديئة
,ar,Could not create Service Units,تعذر إنشاء وحدات الخدمة
,ar,Couldn't guess builder,لا يمكن تخمين باني
,ar,Country Code,الرقم الدولي
,ar,Coupons,كوبونات
,ar,Course Start Date cannot be greater than Course End Date.,لا يمكن أن يكون تاريخ بدء الدورة التدريبية أكبر من تاريخ انتهاء الدورة.
,ar,"Create <a href=""{}"">KSA VAT Setting</a> for this company","أنشئ <a href=""{}""> إعدادات ضريبة القيمة المضافة في المملكة العربية السعودية </a> لهذه الشركة"
,ar,Create Additional Salary,إنشاء راتب إضافي
,ar,Create Depreciation Entry,إنشاء قيد الإهلاك
,ar,Create Interview,إنشاء مقابلة
,ar,Create Job Applicant,إنشاء متقدم للوظيفة
,ar,Create Job Card based on Batch Size,قم بإنشاء بطاقة عمل بناءً على حجم الدفعة
,ar,Create Ledger Entries for Change Amount,إنشاء قيود دفتر الأستاذ لتغيير المبلغ
,ar,Create New Customer,إنشاء عميل جديد
,ar,Create New Kanban Board,إنشاء شريحة كانبان جديدة
,ar,Create a new ...,إنشاء ...
,ar,Creating Membership Invoice,إنشاء فاتورة العضوية
,ar,Creating Purchase Receipt ...,إنشاء إيصال الشراء ...
,ar,Creating Stock Entry,إنشاء قيد المخزون
,ar,Creating {0} Service Units,إنشاء {0} وحدات الخدمة
,ar,Credit/Debit Notes (Registered) - 9B,سندات الائتمان / الخصم (مسجلة) - 9 ب
,ar,Credit/Debit Notes (Unregistered) - 9B,سندات الائتمان / الخصم (غير مسجلة) - 9 ب
,ar,Currency of selected Income Tax Slab should be {0} instead of {1},يجب أن تكون عملة شريحة ضريبة الدخل المحددة {0} بدلاً من {1}
,ar,Current Employer,صاحب العمل الحالي
,ar,Current Index,الفهرس الحالي
,ar,Current Job Title,المسمي الوظيفي الحالي
,ar,Current Slab,الشريحة الحالية
,ar,Current Work Experience,خبرة العمل الحالية
,ar,Custom Document Types,أنواع المستندات المخصصة
,ar,Custom Document Types (Select Permission),أنواع المستندات المخصصة (حدد الصلاحية)
,ar,Custom Document Types Limit Exceeded,تم تجاوز حد أنواع المستندات المخصصة
,ar,"Custom LDAP Directoy Selected, please ensure 'LDAP Group Member attribute' and 'LDAP Group Mappings' are entered","تم تحديد دليل LDAP المخصص ، يرجى التأكد من قيد ""سمة عضو مجموعة LDAP"" و ""تعيينات مجموعة LDAP"""
,ar,Custom Script List,قائمة البرامج النصية المخصصة
,ar,Customer,عميل
,ar,Customer Address is mandatory to fetch customer GSTIN details. Please set Company Address and try again.,عنوان العميل إلزامي لجلب تفاصيل رقم العميل الضريبى. يرجى تعيين عنوان الشركة والمحاولة مرة أخرى.
,ar,Customer Defaults,افتراضات العميل
,ar,Customer Group Item,صنف مجموعة العملاء
,ar,Customer Item,صنف العميل
,ar,Customer Reviews,آراء العملاء
,ar,Customer {0} has been created succesfully.,تم إنشاء العميل {0} بنجاح.
,ar,Customer:,عميل:
,ar,Customizations Discarded,تم تجاهل التخصيصات
,ar,Customize Child Table,تخصيص الجدول الفرعي
,ar,Customize Dashboard,تخصيص لوحة المعلومات
,ar,DAP (Delivered At Place),DAP (سلمت في المكان)
,ar,DATEV Settings for your Company are missing. Would you like to create them now?,إعدادات DATEV لشركتك مفقودة. هل ترغب في إنشائها الآن؟
,ar,DDP (Delivered Duty Paid),DDP (رسوم التسليم مدفوعة)
,ar,DELETE,حذف
,ar,DPU (Delivered At Place Unloaded),DPU (يتم تسليمها في مكان التفريغ)
,ar,Dark,داكن
,ar,Data Clipped,قص البيانات
,ar,Date,تاريخ
,ar,Date Fieldname,التاريخ اسم المجال
,ar,Date format could not be determined from the values in this column. Defaulting to yyyy-mm-dd.,تعذر تحديد تنسيق التاريخ من القيم الموجودة في هذا العمود. التقصير إلى yyyy-mm-dd.
,ar,Date must be between {0} and {1},يجب أن يكون التاريخ بين {0} و {1}
,ar,Date of Donation,تاريخ التبرع
,ar,Date:,تاريخ:
,ar,Dates {} and {} are not in the same fiscal year.,التاريخان {} و {} ليسا في نفس السنة المالية.
,ar,Day(s),أيام)
,ar,Deadlock Occurred,حدث غلق تام
,ar,"Dear {0},",عزيزي {0} ،
,ar,Deduction from Salary,خصم من الراتب
,ar,Default Discount Account,حساب الخصم الافتراضي
,ar,Default Donor Type,نوع المتبرع الافتراضي
,ar,Default Email Template,نموذج البريد الإلكتروني الافتراضي
,ar,Default In-Transit Warehouse,المخزن الافتراضي أثناء النقل
,ar,Default Payment Discount Account,حساب خصم الدفع الافتراضي
,ar,Default Unit of Measure for Item {0} cannot be changed directly because you have already made some transaction(s) with another UOM. You need to either cancel the linked documents or create a new Item.,لا يمكن تغيير وحدة القياس الافتراضية للصنف {0} مباشرة لأنك أجريت بالفعل بعض المعاملات مع وحدة قياس أخرى. تحتاج إما إلى إلغاء المستندات المرتبطة أو إنشاء صنف جديد.
,ar,"Default tax templates for sales, purchase and items are created.",يتم إنشاء نماذج الضرائب الافتراضية للمبيعات والشراء والأصناف.
,ar,Defaults Updated,تم تحديث الافتراضيات
,ar,Deferred accounting failed for some invoices:,فشل المحاسبة المؤجلة لبعض الفواتير:
,ar,Delayed Tasks Summary,ملخص المهام المؤجلة
,ar,Delete Accounting and Stock Ledger Entries on deletion of Transaction,حذف قيود المحاسبة ودفتر الأستاذ عند حذف المعاملة
,ar,Delete Transactions,حذف المعاملات
,ar,Deletion Steps,خطوات الحذف
,ar,Delivery to,تسليم الى
,ar,Deny,رفض
,ar,Department: {0},الإدارة : {0}
,ar,Dependant SLE Voucher Detail No,تفاصيل قسيمة SLE التابعة رقم
,ar,Dependent Task {0} is not a Template Task,المهمة التابعة {0} ليست مهمة نموذج
,ar,Deposit,الوديعة
,ar,Depreciation Posting Date should not be equal to Available for Use Date.,يجب ألا يكون تاريخ ترحيل الإهلاك مساويًا لتاريخ المتاح للاستخدام.
,ar,Description of Content,وصف المحتوى
,ar,Description to inform the user about any action that is going to be performed,وصف لإبلاغ الموظف بأي إجراء سيتم تنفيذه
,ar,Designation: {0},التعيين: {0}
,ar,Desk Theme,سمة المكتب
,ar,Different 'Source Warehouse' and 'Target Warehouse' can be set for each row.,"يمكن تعيين ""مخزن المصدر"" و ""المخزن المستهدف"" لكل صف."
,ar,Dimension Filter Help,مساعدة فلترة البعد
,ar,Dimension-wise Accounts Balance Report,تقرير رصيد الحسابات حسب الأبعاد
,ar,Directory Server,خادم الدليل
,ar,Disable Feedback,تعطيل الملاحظات
,ar,Disable Serial No And Batch Selector,تعطيل الرقم التسلسلي ومحدد الدُفعات
,ar,Disabled Warehouse {0} cannot be used for this transaction.,لا يمكن استخدام مخزن معطل {0} لهذه المعاملة.
,ar,Disbursement,الصرف
,ar,Disbursement References,مراجع الصرف
,ar,Disbursement against loan:,الصرف مقابل قرض:
,ar,Discharge Datetime,تاريخ الخروج
,ar,Discharge Ordered Datetime,تاريخ ووقت طلب الخروج 
,ar,Discharge date cannot be less than Admission date,لا يمكن أن يكون تاريخ الخروج أقل من تاريخ القبول
,ar,Discount Account,حساب الخصم
,ar,Discount Date,تاريخ الخصم
,ar,Discount Settings,إعدادات الخصم
,ar,Discount Validity,صلاحية الخصم
,ar,Discount Validity Based On,تعتمد صلاحية الخصم على
,ar,Discount of {} applied as per Payment Term,يتم تطبيق خصم بقيمة {} حسب شروط الدفع
,ar,Discounted Amount,المبلغ المخصوم
,ar,"Discounts to be applied in sequential ranges like buy 1 get 1, buy 2 get 2, buy 3 get 3 and so on",سيتم تطبيق الخصومات في نطاقات متسلسلة مثل اشترِ 1 واحصل على 1 ، واشتر 2 واحصل على 2 ، واشتري 3 واحصل على 3 ، وهكذا دواليك
,ar,Dispatch Address,عنوان الإرسال
,ar,Dispatch Address Name,اسم عنوان الإرسال
,ar,Distinct Item and Warehouse,صنف ومخزن مميزان
,ar,Distribute Manually,وزع يدويا
,ar,Do Not Bill Patient Encounters for Inpatients,لا تقم بإجراء الفواتير على لقاءات المرضى للمرضى الداخليين
,ar,Do not have permission to access bucket {0}.,ليس لديك صلاحية للوصول إلى الحاوية {0}.
,ar,Do you really want to close this loan,هل تريد حقًا إغلاق هذا القرض
,ar,DocType Layout,تخطيط نوع DocType
,ar,DocType Layout Field,حقل تخطيط نوع DocType
,ar,DocType must be a string,يجب أن يكون نوع DocType سلسلة
,ar,DocTypes should not be added manually to the 'Excluded DocTypes' table. You are only allowed to remove entries from it.,"لا يجب إضافة أنواع DocTypes يدويًا إلى جدول ""أنواع المستندات المستبعدة"". يسمح لك فقط لإزالة القيود منه."
,ar,Document ID Too Long,رقم المستند طويل جدًا
,ar,Document Linking,وثيقة الارتباط
,ar,Document Name must be a string,يجب أن يكون اسم المستند عبارة عن سلسلة
,ar,Document Naming,تسمية الوثيقة
,ar,Document Type already used as a dimension,نوع المستند مستخدم بالفعل كبعد
,ar,Document Types (Select Permissions Only),أنواع المستندات (حدد الصلاحيات فقط)
,ar,Document Types and Permissions,أنواع المستندات والصلاحيات
,ar,"Document name should only contain alphanumeric values, dash(-) and slash(/) characters as per GST rules. Please change the naming series.",يجب ألا يحتوي اسم المستند إلا على قيم أبجدية رقمية وأحرف شرطة (-) وشرطة مائلة (/) وفقًا لقواعد ضريبة الأصناف والخدمات. الرجاء تغيير سلسلة التسمية.
,ar,Document not Relinked,لم يتم إعادة ربط المستند
,ar,Documentation,توثيق
,ar,Domain (optional),المجال (اختياري)
,ar,Don't have an account?,ليس لديك حساب؟
,ar,Donation,تبرع
,ar,Donation Details,تفاصيل التبرع
,ar,Donation Payment To,دفع التبرع ل
,ar,Donation Settings,إعدادات التبرع
,ar,Donation Webhook Secret,التبرع بالويب هوك السري
,ar,Donations,التبرعات
,ar,Dont Recompute tax,لا تعيد حساب الضرائب
,ar,Drag and drop files here or upload from,قم بسحب وإسقاط الملفات هنا أو التحميل من
,ar,Drugs,المخدرات
,ar,Duplicate Certificate,شهادة مكررة
,ar,Duration (ms),المدة (مللي ثانية)
,ar,E Invoice Creation Failed,فشل إنشاء الفاتورة الإلكترونية
,ar,E Invoice Request Failed,فشل طلب الفاتورة الإلكترونية
,ar,E Invoice Request Log,سجل طلب الفاتورة الإلكترونية
,ar,E Invoice Settings,إعدادات الفاتورة الإلكترونية
,ar,E Invoice User,مستخدم الفاتورة الإلكترونية
,ar,E Invoicing,الفواتير الإلكترونية
,ar,E-Invoice Summary,ملخص الفاتورة الإلكترونية
,ar,E-Invoice cannot be cancelled after 24 hours of IRN generation.,لا يمكن إلغاء الفاتورة الإلكترونية بعد 24 ساعة من إنشاء IRN.
,ar,E-Invoices will be cancelled in a background process.,سيتم إلغاء الفواتير الإلكترونية في عملية الخلفية.
,ar,E-Invoices will be generated in a background process.,سيتم إنشاء الفواتير الإلكترونية في عملية الخلفية.
,ar,E-Invoicing,الفواتير الإلكترونية
,ar,E-Invoicing is disabled. Please enable it from {} to generate e-invoices.,تم تعطيل الفواتير الإلكترونية. يرجى تمكينه من {} لإنشاء الفواتير الإلكترونية.
,ar,E-Way Bill Cancelled - {},تم إلغاء فاتورة E-Way - {}
,ar,E-Way Bill Generated,تم إنشاء مشروع قانون E-Way
,ar,E-Way Bill cannot be generated for Credit Notes & Debit Notes. Please clear fields in the Transporter Section of the invoice.,لا يمكن إنشاء فاتورة E-Way لإشعارات الائتمان وسندات الخصم. يرجى مسح الحقول في قسم الناقل في الفاتورة.
,ar,EXW (Ex Works),EXW (الأعمال السابقة)
,ar,Each slot indicates the capacity currently available for booking,تشير كل فتحة إلى السعة المتاحة حاليًا للحجز
,ar,Earned Leaves are leaves earned by an Employee after working with the company for a certain amount of time. Enabling this will allocate leaves on pro-rata basis by automatically updating Leave Allocation for leaves of this type at intervals set by 'Earned Leave Frequency.,"الإجازات المكتسبة هي إجازات حصل عليها الموظف بعد العمل مع الشركة لفترة معينة من الوقت. سيؤدي تمكين هذا إلى تخصيص الإجازات على أساس تناسبي عن طريق التحديث التلقائي لتخصيص الإجازات للأوراق من هذا النوع على فترات زمنية محددة بواسطة ""تكرار الإجازات المكتسبة""."
,ar,Earning Salary Component is required for Employee Referral Bonus.,مطلوب مكون كسب الراتب لمكافأة إحالة الموظف.
,ar,Earnings & Deductions,الأرباح والخصومات
,ar,Edit Capacity,تحرير السعة
,ar,Edit Filters,تحرير الفلاتر
,ar,Editing {0} is not allowed as per POS Profile settings,تعديل {0} غير مسموح به وفقًا لإعدادات ملف تعريف نقطة البيع
,ar,Effective From,ساري المفعول من
,ar,Effective To,فعالة ل
,ar,Either 'Selling' or 'Buying' must be selected,"يجب تحديد ""بيع"" أو ""شراء"""
,ar,Either key or IP flag is required.,مطلوب إما مفتاح أو علامة IP.
,ar,Email Digest Recipient,مستلم ملخص البريد الإلكتروني
,ar,Email Digest: {0},ملخص البريد الإلكتروني: {0}
,ar,Email address of member {0} is missing,عنوان البريد الإلكتروني للعضو {0} مفقود
,ar,Email or Phone/Mobile of the Contact are mandatory to continue.,البريد الإلكتروني أو الهاتف / الهاتف المحمول لجهة الاتصال إلزامية للمتابعة.
,ar,Email verification failed.,فشل التحقق من البريد الإلكتروني.
,ar,Employee Grievance,شكوى الموظف
,ar,Employee Hours Utilization Based On Timesheet,استخدام ساعات الموظف على أساس الجدول الزمني
,ar,Employee Naming By,تسمية الموظف بواسطة
,ar,Employee Promotion cannot be submitted before Promotion Date,لا يمكن تقديم ترقية الموظف قبل تاريخ الترقية
,ar,Employee Referral {0} is not applicable for referral bonus.,لا تنطبق إحالة الموظف {0} على مكافأة الإحالة.
,ar,Employee Responsible,الموظف المسؤول
,ar,Employee Self Service,الخدمة الذاتية للموظف
,ar,Employee Transfer cannot be submitted before Transfer Date,لا يمكن تقديم نقل الموظف قبل تاريخ النقل
,ar,"Employee can be named by Employee ID if you assign one, or via Naming Series. Select your preference here.",يمكن تسمية الموظف من خلال معرّف الموظف إذا قمت بتعيين واحد ، أو عبر سلسلة التسمية. حدد ما تفضله هنا.
,ar,Employee name,اسم الموظف
,ar,Employee records are created using the selected option,يتم إنشاء سجلات الموظفين باستخدام الخيار المحدد
,ar,Employee {0} has already applied for {1} between {2} and {3} : {4},تقدم الموظف {0} بالفعل بطلب للحصول على {1} بين {2} و {3}: {4}
,ar,Employee {0} not found in Training Event Participants.,"الموظف {0} غير موجود في ""تدريب المشاركين في الحدث""."
,ar,Employee: {0} have to complete minimum {1} years for gratuity,الموظف: {0} يجب أن يكمل {1} سنوات كحد أدنى كمكافأة
,ar,Employees will miss holiday reminders from {} until {}. <br> Do you want to proceed with this change?,لن يفوت الموظفون تذكيرات العطلات من {} حتى {}. <br> هل تريد متابعة هذا التغيير؟
,ar,Enable Common Party Accounting,قم بتمكين للحسابات المشتركة للطرف (عميل/ مورد)
,ar,Enable Discount Accounting,تفعيل محاسبة الخصم
,ar,Enabling this option will round off individual GST components in all the Invoices,سيؤدي تمكين هذا الخيار إلى تقريب مكونات ضريبة الأصناف والخدمات الفردية في جميع الفواتير
,ar,End date: {0},تاريخ الانتهاء: {0}
,ar,Ensure the user and group search paths are correct.,تأكد من صحة مسارات البحث عن الموظف والمجموعة.
,ar,"Enter First and Last name of Employee, based on Which Full Name will be updated. IN transactions, it will be Full Name which will be fetched.",أدخل الاسم الأول والأخير للموظف ، بناءً على الاسم الكامل الذي سيتم تحديثه. في المعاملات ، سيكون الاسم الكامل الذي سيتم جلبه.
,ar,Enter Visit Details,أدخل تفاصيل الزيارة
,ar,Enter a name for this Holiday List.,أدخل اسمًا لقائمة العطلات هذه.
,ar,Enter the Standard Working Hours for a normal work day. These hours will be used in calculations of reports such as Employee Hours Utilization and Project Profitability analysis.,أدخل ساعات العمل القياسية ليوم العمل العادي. سيتم استخدام هذه الساعات في حسابات التقارير مثل استخدام ساعات الموظفين وتحليل ربحية المشروع.
,ar,Enter the number of leaves you want to allocate for the period.,أدخل عدد الإجازات التي تريد تخصيصها للفترة.
,ar,Error creating donation entry for {0},خطأ في إنشاء قيد تبرع لـ {0}
,ar,Error during caller information update,خطأ أثناء تحديث معلومات المتصل
,ar,Error in Client Script,خطأ في برنامج العميل
,ar,Error in Client Script.,خطأ في برنامج العميل.
,ar,Error in input data. Please check for any special characters near following input: <br> {},خطأ في قيد البيانات. الرجاء التحقق من وجود أي أحرف خاصة بالقرب من القيد التالي: <br> {}
,ar,Error updating halted status for member {0},خطأ في تحديث حالة التوقف للعضو {0}
,ar,Error while processing deferred accounting for {0},خطأ أثناء معالجة المحاسبة المؤجلة لـ {0}
,ar,Error while reposting item valuation,خطأ أثناء إعادة تقييم الصنف
,ar,Even invoices with apply tax withholding unchecked will be considered for checking cumulative threshold breach,سيتم اعتبار حتى الفواتير التي تحتوي على استقطاع ضريبي مطبق غير محدد للتحقق من خرق الحد التراكمي
,ar,Event Frequency,تردد الحدث
,ar,Event Update Log Consumer,المستهلك سجل تحديث الحدث
,ar,"Everyone, let’s congratulate {0} on their birthday.",دعونا جميعًا نهنئ {0} بعيد ميلادهم.
,ar,"Everyone, let’s congratulate {0} on their work anniversary!",دعونا جميعًا نهنئ {0} بمناسبة ذكرى عملهم!
,ar,Exact Copies,نسخ مطابقة
,ar,"Example: ABCD.#####|||If series is set and Serial No is not mentioned in transactions, then automatic serial number will be created based on this series. If you always want to explicitly mention Serial Nos for this item. leave this blank.",مثال: ABCD. ##### ||| إذا تم تعيين السلسلة ولم يتم ذكر الرقم التسلسلي في المعاملات ، فسيتم إنشاء الرقم التسلسلي التلقائي بناءً على هذه السلسلة. إذا كنت تريد دائمًا الإشارة صراحةً إلى الأرقام التسلسلية لهذا الصنف . اترك هذا فارغا.
,ar,Excluded DocTypes,أنواع المستندات المستبعدة
,ar,Execution Order,أمر التنفيذ
,ar,Exempt Supplies,التوريدات المعفاة
,ar,Exotel,إكسوتيل
,ar,Expected Average Rating,متوسط ​​التقييم المتوقع
,ar,Expected Balance Qty,الكمية الرصيد المتوقع
,ar,Expected End Date should be less than or equal to parent task's Expected End Date {0}.,يجب أن يكون تاريخ الانتهاء المتوقع أقل من تاريخ الانتهاء المتوقع للمهمة الرئيسية {0} أو مساويًا له.
,ar,Expected Rating,التقييم المتوقع
,ar,Expected Skill Set,مجموعة المهارات المتوقعة
,ar,Expected Skillset,مجموعة المهارات المتوقعة
,ar,Expected Stock Value,قيمة المخزون المتوقعة
,ar,Experimental,تجريبي
,ar,Expired Leave,إجازة منتهية الصلاحية
,ar,Export Invoice - 6A,حفظ الفاتورة - 6 A
,ar,Exporting...,حفظ ...
,ar,Extra Parameters,معايير اضافية
,ar,FCA (Free Carrier),FCA (ناقل مجاني)
,ar,FG Qty from Transferred Raw Materials,كمية المنتج التام من المواد الخام المنقولة
,ar,FG Value,قيمة المنتج التام
,ar,FREE,مجانا
,ar,Failed to get method for command {0} with {1},فشل الحصول على أسلوب للأمر {0} باستخدام {1}
,ar,Failed to send the Interview Reschedule notification. Please configure your email account.,فشل في إرسال إعلام إعادة جدولة المقابلة. يرجى تكوين حساب البريد الإلكتروني الخاص بك.
,ar,Failure Description,فشل الوصف
,ar,Featured Items,الأصناف المعروضة
,ar,Feedback Reminder Notification Template,نموذج إشعار تذكير التعليقات
,ar,Feedback already submitted for the Interview {0}. Please cancel the previous Interview Feedback {1} to continue.,تم إرسال التعليقات بالفعل للمقابلة {0}. يرجى إلغاء ملاحظات المقابلة السابقة {1} للمتابعة.
,ar,Feedback cannot be recorded for an absent Employee.,لا يمكن تسجيل الملاحظات للموظف الغائب.
,ar,Feedback limit,حد التعليقات
,ar,Feedback limit per hour,حد التعليقات في الساعة
,ar,Feedback updated on {0}: {1},تم تحديث التعليقات في {0}: {1}
,ar,Feedback updated successfully!,تم تحديث التعليقات بنجاح!
,ar,Fetch Timesheet,إحضار الجدول الزمني
,ar,Fetching Schedule...,إحضار الجدول ...
,ar,Fetching Treatment Plans,إحضار خطط العلاج
,ar,Fetching exchange rates ...,إحضار أسعار الصرف ...
,ar,Field not permitted in query,الحقل غير مسموح به في الاستعلام
,ar,Fieldname '{0}' conflicting with a {1} of the name {2} in {3},"يتعارض اسم الحقل ""{0}"" مع {1} الاسم {2} في {3}"
,ar,Fieldtype cannot be changed from {0} to {1},لا يمكن تغيير نوع الحقل من {0} إلى {1}
,ar,Filter Fields Row #{0}: Fieldname <b>{1}</b> must be of type 'Link' or 'Table MultiSelect',"رقم صف حقول التصفية {0}: يجب أن يكون اسم الحقل <b> {1} </b> من النوع ""Link"" أو ""Table MultiSelect"""
,ar,Filtered By,تم التصفية بواسطة
,ar,Financial Year Begins On,تبدأ السنة المالية في
,ar,Find '{0}' in ...,"بحث عن ""{0}"" في ..."
,ar,Finished Good has not set in the stock entry {0},لم يتم تعيين البضائع المنتهية في قيد المخزون {0}
,ar,Finished Item {0} does not match with Work Order {1},الصنف النهائي {0} لا يتطابق مع أمر العمل {1}
,ar,First 2 digits of GSTIN should match with State number {0}.,يجب أن يتطابق أول رقمين من الرقم الضريبى مع رقم الحالة {0}.
,ar,First Name,الاسم الأول
,ar,Fixed Asset Defaults,افتراضات الأصول الثابتة
,ar,Follow these steps to create a landing page for your store,اتبع هذه الخطوات لإنشاء صفحة مقصودة لمتجرك
,ar,Following Report Filters have missing values:,تحتوي عوامل تصفية التقرير التالية على قيم مفقودة:
,ar,Footer Content,محتوى التذييل
,ar,For Designation,للتعيين
,ar,For Job Card,لبطاقة العمل
,ar,"For Links, enter the DocType as range.|||For Select, enter list of Options, each on a new line.",بالنسبة للارتباطات ، أدخل DocType كنطاق. ||| بالنسبة للتحديد ، أدخل قائمة الخيارات ، كل منها في سطر جديد.
,ar,For Operation,للتشغيل
,ar,"For a day of leave taken, if you still pay (say) 50% of the daily salary, then enter 0.50 in this field.",بالنسبة ليوم الإجازة المأخوذة ، إذا كنت لا تزال تدفع (على سبيل المثال) 50٪ من الراتب اليومي ، فأدخل 0.50 في هذا الحقل.
,ar,"For multiple addresses, enter the address on different line. e.g. test@test.com ⏎ test1@test.com",لعناوين متعددة ، أدخل العنوان في سطر مختلف. على سبيل المثال test@test.com ⏎ test1@test.com
,ar,Form,استمارة
,ar,Form Dict,نموذج قاموس
,ar,Form Tour,جولة في النموذج
,ar,Form Tour Step,خطوة جولة النموذج
,ar,Formula Based Criteria,المعايير المستندة إلى الصيغة
,ar,Fraction of Applicable Earnings,جزء من الأرباح المطبقة
,ar,Fraction of Daily Salary per Leave,جزء من الراتب اليومي لكل إجازة
,ar,Fractional Cost,التكلفة الجزئية
,ar,Frappe Light,أبيض نهاري
,ar,"Freeze accounting transactions up to specified date, nobody can make/modify entry except the specified Role.",تجميد المعاملات المحاسبية حتى تاريخ محدد ، لا يمكن لأي شخص إجراء / تعديل القيد باستثناء الدور المحدد.
,ar,From Corrective Job Card,من بطاقة العمل التحريرية
,ar,From Date & To Date is mandatory for generating E-Invoice Summary Report,من تاريخ إلى تاريخ إلزامي لإنشاء تقرير ملخص الفاتورة الإلكترونية
,ar,From Date and To Date are mandatory,من تاريخ وإلى تاريخ إلزامي
,ar,From Date must come before To Date,"يجب أن يأتي ""من التاريخ"" قبل ""إلى التاريخ"""
,ar,From Delivery Date,من تاريخ التسليم
,ar,From Opportunity,من فرصة
,ar,From Order Id,من رقم الطلب
,ar,From Payment Date,من تاريخ الدفع
,ar,"From here, you can enable encashment for the balance leaves.",من هنا يمكنك تفعيل السحب لأوراق الرصيد.
,ar,From(Year),من سنة)
,ar,Fuel Expenses,مصاريف الوقود
,ar,GROUP_CONCAT,ضم المجموعات
,ar,GST Tax Settings,إعدادات ضريبة الضريبة
,ar,"GST category should be one of {}, {}, {}, {}",يجب أن تكون فئة الضريبة واحدة من {} ، {} ، {} ، {}
,ar,GSTIN is mandatory to fetch company GSTIN details. Please enter GSTIN in selected company address.,الرقم الضريبى إلزامي لجلب تفاصيل رقم الضريبى للشركة. الرجاء سجل الرقم الضريبى في عنوان الشركة المحدد.
,ar,GSTIN is mandatory to fetch customer GSTIN details. Please enter GSTIN in selected customer address.,الرقم الضريبى إلزامي لجلب تفاصيل رقم العميل الضريبى. الرجاء سجل الرقم الضريبى في عنوان العميل المحدد.
,ar,Generate E-Way Bill,توليد E-Way Bill
,ar,Generate IRN,توليد IRN
,ar,Generate IRNs,توليد IRNs
,ar,Generating E-Invoices...,إنشاء الفواتير الإلكترونية ...
,ar,Get Applicable Treatment Plans,احصل على خطط علاج قابلة للتطبيق
,ar,Get Customer Group Details,احصل على تفاصيل مجموعة العملاء
,ar,Get Finished Goods for Manufacture,احصل على البضائع الجاهزة للتصنيع
,ar,Get Memberships,احصل على العضويات
,ar,Get OpenID Configuration,احصل على تكوين OpenID
,ar,Get Stock,احصل على مخزون
,ar,Get Sub Assembly Items,احصل على أصناف التجميع الفرعية
,ar,Get Supplier Group Details,احصل على تفاصيل مجموعة الموردين
,ar,Get Timesheets,احصل على الجداول الزمنية
,ar,Go make some noise,اذهب واصنع بعض الضوضاء
,ar,Go to Cart,اذهب إلى عربة التسوق
,ar,Go to Notification Settings List,انتقل إلى قائمة إعدادات الإشعارات
,ar,Go to Quote,انتقل إلى عرض السعر
,ar,Goods,بضائع
,ar,Google Drive Picker,منتقي جوجل درايف
,ar,Google Drive Picker Enabled,تم تفعيل منتقي Google Drive
,ar,Graph,رسم بياني
,ar,Gratuity,إكراميات
,ar,Gratuity Applicable Component,المكون المطبق على الإكرامية
,ar,Gratuity Rule,قاعدة الإكراميات
,ar,Gratuity Rule Slab,شريحة قاعدة الإكراميات
,ar,Gratuity Rules,قواعد الإكراميات
,ar,Greeting Message,رسالة تحية
,ar,Grievance Against,التظلم مقابل
,ar,Grievance Against Party,التظلم مقابل الطرف
,ar,Grievance Details,تفاصيل التظلم
,ar,Grievance Type,نوع التظلم
,ar,Gross Pay (Company Currency),الراتب الإجمالي (عملة الشركة)
,ar,Gross Purchase Amount should be <b>equal</b> to purchase amount of one single Asset.,يجب أن يكون إجمالي مبلغ الشراء <b> مساويًا </ b> لمبلغ شراء أصل واحد.
,ar,Gross Year To Date,العام الإجمالي حتى تاريخه
,ar,Gross Year To Date(Company Currency),إجمالي السنة حتى تاريخه (عملة الشركة)
,ar,Group By {0},تجميع حسب {0}
,ar,Group Duplicate Queries,مجموعة استعلامات مكررة
,ar,Group Object Class,فئة كائن المجموعة
,ar,Group Same Items,تجميع نفس الأصناف
,ar,Halted,توقف
,ar,Have Default Naming Series for Batch ID?,هل لديك سلسلة تسمية افتراضية لرقم الدُفعة؟
,ar,Healthcare Service,خدمة الرعاية الصحية
,ar,Height (cm),الطول (سم)
,ar,"Help: To link to another record in the system, use ""/app/note/[Note Name]"" as the Link URL. (don't use ""http://"")","مساعدة: للربط بسجل آخر في النظام ، استخدم ""/ app / note / [Note Name]"" كعنوان URL للرابط. (لا تستخدم ""http: //"")"
,ar,Helvetica Neue,هيلفيتيكا نيو
,ar,Here are the options to proceed:,فيما يلي خيارات المتابعة:
,ar,"Here is your webhook secret for {0} API, this will be shown to you only once.",هذا هو سر الرد التلقائي على الويب الخاص بواجهة برمجة تطبيقات {0} ، والذي سيظهر لك مرة واحدة فقط.
,ar,"Here, you can select a senior of this Employee. Based on this, Organization Chart will be populated.",هنا ، يمكنك اختيار أحد رؤساء هذا الموظف. بناءً على ذلك ، سيتم ملء المخطط الهيكلي.
,ar,"Here, your weekly offs are pre-populated based on the previous selections. You can add more rows to also add public and national holidays individually.",هنا ، يتم ملء فترات الراحة الأسبوعية مسبقًا بناءً على التحديدات السابقة. يمكنك إضافة المزيد من الصفوف لإضافة أيام العطل الرسمية والوطنية بشكل فردي.
,ar,Hey {}! This email is to remind you about the upcoming holidays.,مهلا {}! هذا البريد الإلكتروني لتذكيرك بالعطلات القادمة.
,ar,"Hi,",أهلا،
,ar,Hide Descendants,إخفاء الفروع
,ar,Hide Failed Jobs,إخفاء المهام الفاشلة
,ar,Hide Images,إخفاء الصور
,ar,Hide Saved,إخفاء المحفوظة
,ar,Hide Tags,إخفاء العلامات
,ar,Hide descendant records of <b>For Value</b>.,إخفاء السجلات التابعة لـ <b> For Value </b>.
,ar,Holidays this Month.,العطلات هذا الشهر.
,ar,Holidays this Week.,العطلات هذا الأسبوع.
,ar,Hour Rate (Company Currency),سعر الساعة (عملة الشركة)
,ar,How would you rate the blog?,كيف تقيم المدونة؟
,ar,IGST value of all items is not equal to total IGST value. Please review taxes for any correction.,قيمة الضريبة لجميع الأصناف لا تساوي إجمالي قيمة الضريبة. يرجى مراجعة الضرائب لأي تحرير.
,ar,IRN Cancelled - {},تم إلغاء IRN - {}
,ar,IRN Generated,ولدت IRN
,ar,IRN No.,رقم IRN
,ar,IRN generation is not allowed for invoices dated before 1st Jan 2021,لا يُسمح بإنشاء IRN للفواتير المؤرخة قبل 1 يناير 2021
,ar,IRN not found. You must generate IRN before cancelling.,IRN غير موجود. يجب عليك إنشاء IRN قبل الإلغاء.
,ar,ITC Available (whether in full or part),مركز التجارة الدولية متاح (سواء كليًا أو جزئيًا)
,ar,Identification Number (UID),رقم التعريف (UID)
,ar,"If checked, Rejected Quantity will be included while making Purchase Invoice from Purchase Receipt.",إذا تم تحديده ، فسيتم تضمين الكمية المرفوضة أثناء عمل فاتورة الشراء من إيصال الشراء.
,ar,"If checked, a customer will be created, mapped to Patient.|||Patient Invoices will be created against this Customer. You can also select existing Customer while creating Patient.",إذا تم تحديده ، سيتم إنشاء عميل وتعيينه إلى المريض. ||| سيتم إنشاء فواتير المريض لهذا العميل. يمكنك أيضًا تحديد العميل الحالي أثناء إنشاء المريض.
,ar,"If checked, leave will be granted on the day of joining every month.",إذا تم تحديده ، فسيتم منح الإجازة في يوم الانضمام كل شهر.
,ar,"If checked, negative numeric values of Currency, Quantity or Count would be shown as positive",إذا تم تحديده ، فستظهر القيم الرقمية السالبة للعملة أو الكمية أو العدد على أنها موجبة
,ar,"If checked, system will unlink the payment against the respective invoice.",إذا تم تحديده ، فسيقوم النظام بإلغاء ربط الدفعة بالفاتورة المعنية.
,ar,"If checked, the tax amount will be considered as already included in the Paid Amount in Payment Entry",إذا تم تحديده ، فسيتم اعتبار مبلغ الضريبة مدرجًا بالفعل في المبلغ المدفوع في قيد الدفع
,ar,"If enabled, additional ledger entries will be made for discounts in a separate Discount Account",في حالة التمكين ، سيتم إجراء قيود دفتر الأستاذ الإضافية للخصومات في حساب خصم منفصل
,ar,"If enabled, ledger entries will be posted for change amount in POS transactions",في حالة التمكين ، سيتم ترحيل قيود دفتر الأستاذ لمبلغ التغيير في حركات نقاط البيع
,ar,"If mentioned, the system will allow only the users with this Role to create or modify any stock transaction earlier than the latest stock transaction for a specific item and warehouse. If set as blank, it allows all users to create/edit back-dated transactions.",إذا تم ذكر ذلك ، فسيسمح النظام فقط للموظفين الذين لديهم هذه الدور بإنشاء أو تعديل أي معاملة مخزون قبل آخر معاملة مخزون لصنف ومخزن معين. إذا تم تعيينه على أنه فارغ ، فإنه يسمح لجميع الموظفين بإنشاء / تحرير المعاملات القديمة.
,ar,"If not, you can Cancel / Submit this entry",إذا لم يكن كذلك ، يمكنك إلغاء / إرسال هذا القيد
,ar,"If rate is zero them item will be treated as ""Free Item""","إذا كان المعدل صفرًا ، فسيتم التعامل مع الصنف على أنه ""صنف مجاني"""
,ar,If source warehouse selected then system will create the material request with type Material Transfer from Source to Target warehouse. If not selected then will create the material request with type Purchase for the target warehouse.,إذا تم تحديد مخزن المصدر ، فسيقوم النظام بإنشاء طلب المواد بنوع نقل المواد من المصدر إلى المخزن المستهدف. إذا لم يتم تحديده ، فسيتم إنشاء طلب المواد بنوع شراء للمخزن المستهدف.
,ar,If the condition is satisfied user will be rewarded with the points. eg. doc.status == 'Closed'|||,إذا تم استيفاء الشرط ، فسيتم مكافأة الموظف بالنقاط. على سبيل المثال doc.status == 'مغلق' |||
,ar,If this is undesirable please cancel the corresponding Payment Entry.,إذا كان هذا غير مرغوب فيه ، يرجى إلغاء قيد الدفع المقابل.
,ar,"If you need to reconcile particular transactions against each other, then please select accordingly. If not, all the transactions will be allocated in FIFO order.",إذا كنت بحاجة إلى تسوية معاملات معينة مع بعضها البعض ، فيرجى الاختيار وفقًا لذلك. إذا لم يكن الأمر كذلك ، فسيتم تخصيص جميع المعاملات بترتيب ما يرد أولاً يصرف أولاً (FIFO).
,ar,"If you still want to proceed, please enable {0}.",إذا كنت لا تزال تريد المتابعة ، يرجى تمكين {0}.
,ar,Ignore Default Payment Terms Template,تجاهل نموذج شروط الدفع الافتراضية
,ar,Ignore Empty Stock,تجاهل المخزون الفارغ
,ar,Illegal template,نموذج غير قانوني
,ar,Image link '{0}' is not valid,"ارتباط الصورة ""{0}"" غير صالح"
,ar,Important Notice,ملاحظة هامة
,ar,In House,في بيت
,ar,In mins,في دقائق
,ar,"In row {0} of Appointment Booking Slots: ""To Time"" must be later than ""From Time"".","في الصف {0} من خانات حجز المواعيد: يجب أن يكون ""إلى الوقت"" بعد ""من الوقت""."
,ar,Include Safety Stock in Required Qty Calculation,قم بتضمين مخزون الأمان في حساب الكمية المطلوبة
,ar,Incoming (POP/IMAP) Settings,إعدادات (POP / IMAP) الواردة
,ar,Incoming Call Handling Schedule,جدول معالجة المكالمات الواردة
,ar,Incoming Call Settings,إعدادات المكالمات الواردة
,ar,Incoming Rate (Costing),معدل الوارد (التكلفة)
,ar,Incorrect Balance Qty After Transaction,كمية الرصيد غير الصحيحة بعد المعاملة
,ar,Incorrect Batch Consumed,تم استهلاك دفعة غير صحيحة
,ar,Incorrect Invoice,فاتورة غير صحيحة
,ar,Incorrect Payment Type,نوع الدفع غير صحيح
,ar,Incorrect Serial No Valuation,الرقم التسلسلي غير صحيح
,ar,Incorrect Serial Number Consumed,تم استهلاك الرقم التسلسلي غير الصحيح
,ar,Incorrect Stock Value Report,تقرير قيمة المخزون غير صحيح
,ar,Incoterm,إنكوترم
,ar,Increase In Asset Life(Months),زيادة عمر الأصول (أشهر)
,ar,Indent,مسافة بادئة
,ar,Inpatient Settings,إعدادات المرضى الداخليين
,ar,Inspection Rejected,الفحص مرفوض
,ar,Inspection Submission,ترحيل الفحص
,ar,Insufficient Capacity,سعة غير كافية
,ar,Inter,انتر
,ar,Inter State tax category for GST State {0} already exists,فئة الضرائب بين الولايات لـ الضريبة State {0} موجودة بالفعل
,ar,Interest %,فائدة ٪
,ar,Interest Outstanding,المعلقة الفائدة
,ar,Interest accrued from {0} to {1} against loan: {2},الفائدة المتراكمة من {0} إلى {1} مقابل القرض: {2}
,ar,Internal Customer for company {0} already exists,العميل الداخلي للشركة {0} موجود بالفعل
,ar,Internal Sale or Delivery Reference missing.,البيع الداخلي أو مرجع التسليم مفقود.
,ar,Internal Sales Reference Missing,مرجع المبيعات الداخلية مفقود
,ar,Internal Supplier for company {0} already exists,المورد الداخلي للشركة {0} موجود بالفعل
,ar,Internal transfers can only be done in company's default currency,لا يمكن إجراء التحويلات الداخلية إلا بالعملة الافتراضية للشركة
,ar,Interview,مقابلة
,ar,Interview Detail,تفاصيل المقابلة
,ar,Interview Feedback,ملاحظات المقابلة
,ar,Interview Feedback Reminder,تذكير بتعليقات المقابلة
,ar,Interview Feedback {0} submitted successfully,تم إرسال تعليقات المقابلة {0} بنجاح
,ar,Interview Reminder,تذكير المقابلة
,ar,Interview Reminder Notification Template,نموذج إشعار تذكير المقابلة
,ar,Interview Rescheduled successfully,تمت إعادة جدولة المقابلة بنجاح
,ar,Interview Round,جولة المقابلة
,ar,Interview Round {0} is only applicable for the Designation {1},جولة المقابلة {0} تنطبق فقط على التعيين {1}
,ar,Interview Round {0} is only for Designation {1}. Job Applicant has applied for the role {2},جولة المقابلة {0} مخصصة فقط للتعيين {1}. تقدم طالب الوظيفة للوظيفة {2}
,ar,Interview Summary,ملخص المقابلة
,ar,Interview Type,نوع المقابلة
,ar,Interview overlaps with {0},مقابلة متداخلة مع {0}
,ar,Interview: {0} Rescheduled,المقابلة: {0} تمت إعادة جدولتها
,ar,Interviewer,القائم بالمقابلة انترفيو
,ar,Interviewers,القائمون بالمقابلة انترفيو
,ar,Intra State tax category for GST State {0} already exists,فئة الضرائب داخل الولاية لـ الضريبة State {0} موجودة بالفعل
,ar,Intro,مقدمة
,ar,Intro Video URL,عنوان URL لمقدمة الفيديو
,ar,Introspection URI,URI الاستبطان
,ar,Invalid Checkout Request ID,رقم طلب الخروج غير صالح
,ar,Invalid Conversation ID,رقم محادثة غير صالح
,ar,Invalid Cost Center,مركز التكلفة غير صالح
,ar,Invalid Document,مستند غير صالح
,ar,Invalid Fieldname,اسم المجال غير صالح
,ar,Invalid Fields,الحقول غير صالحة
,ar,Invalid File URL,URL ملف غير صالح
,ar,Invalid Filter,فلتر غير صالح
,ar,Invalid Formula,صيغة غير صالحة
,ar,Invalid GSTIN,الرقم الضريبي غير صالح
,ar,Invalid Healthcare Service Unit,وحدة خدمة الرعاية الصحية غير صالحة
,ar,Invalid Item Defaults,افتراضات صنف غير صالحة
,ar,Invalid Number of Service Units,عدد وحدات الخدمة غير صالح
,ar,Invalid PAN No. The input you've entered doesn't match the format of PAN.,رقم PAN غير صالح. القيد الذي أدخلته لا يطابق تنسيق PAN.
,ar,Invalid Parameters.,معايير غير صالحة.
,ar,Invalid Payroll Payable Account. The account currency must be {0} or {1},حساب الرواتب غير صالح. يجب أن تكون عملة الحساب {0} أو {1}
,ar,Invalid Primary Role,دور أساسي غير صالح
,ar,Invalid Priority,أولوية غير صالحة
,ar,Invalid State,حالة غير صالحة
,ar,Invalid Supply Type,نوع التوريد غير صالح
,ar,Invalid Table Fieldname,اسم حقل الجدول غير صالح
,ar,Invalid Warehouse,مخزن غير صالح
,ar,Invalid aggregate function,دالة التجميع غير صالحة
,ar,Invalid key type,نوع المفتاح غير صالح
,ar,Invalid request method: {},طريقة الطلب غير صالحة: {}
,ar,Invalid state.,حالة غير صالحة.
,ar,Invalid value {0} for {1} against account {2},قيمة غير صالحة {0} لـ {1} مقابل الحساب {2}
,ar,Invalid {0}! The check digit validation has failed. Please ensure you've typed the {0} correctly.,{0} غير صالح! فشل التحقق من صحة رقم الاختبار. يرجى التأكد من كتابة {0} بشكل صحيح.
,ar,Investigated,التحقيق
,ar,Investigation Details,تفاصيل التحقيق
,ar,Invoice ID,هوية صوتية
,ar,Invoice Limit,حد الفاتورة
,ar,Invoice Portion (%),جزء الفاتورة (٪)
,ar,Invoiced Qty,الكمية المفوترة
,ar,Is Applicable for Referral Bonus,ينطبق على مكافأة الإحالة
,ar,Is Corrective Job Card,هي بطاقة عمل تحريرية
,ar,Is Corrective Operation,هي عملية تحريرية
,ar,Is Custom,هو مخصص
,ar,Is Debit Note,هو إشعار الخصم
,ar,Is Finished Item,تم الانتهاء من الصنف
,ar,Is Partially Paid Leave,إجازة مدفوعة الأجر جزئياً
,ar,Is Process Loss,هو خسارة العملية
,ar,Is Query Report,هو تقرير الاستعلام
,ar,Is Recurring Additional Salary,راتب إضافي متكرر
,ar,Is Recursive,تكراري
,ar,Is Reverse Charge Account,هو حساب الشحن العكسي
,ar,Is Scrap Item,صنف الخردة
,ar,Is Short Year,هي سنة قصيرة
,ar,Is Template,هو نموذج
,ar,Is Time-Bound,محدد الوقت
,ar,Is Virtual,هو الظاهري
,ar,Is this Default?,هل هذا افتراضي؟
,ar,Issue Analytics,تحليلات المشكلة
,ar,Issue Summary,ملخص المشكلة
,ar,It can take upto few hours for accurate stock values to be visible after merging items.,قد يستغرق ظهور قيم المخزون الدقيقة بعد دمج الأصناف ما يصل إلى بضع ساعات.
,ar,Item Code is required,كود الصنف مطلوب
,ar,"Item Code, warehouse and quantity are required on row {0}",مطلوب رمز الصنف والمخزن والكمية في الصف {0}
,ar,Item Price Settings,إعدادات سعر الصنف
,ar,"Item Price appears multiple times based on Price List, Supplier/Customer, Currency, Item, Batch, UOM, Qty, and Dates.",يظهر سعر الصنف عدة مرات بناءً على قائمة الأسعار ، والمورد / العميل ، والعملة ، والصنف ، والدُفعة ، ووحدة قياس الكمية ، والكمية ، والتواريخ.
,ar,Item Reference,مرجع الصنف
,ar,Item and Warehouse,الصنف والمخزن
,ar,Item valuation reposting in progress. Report might show incorrect item valuation.,إعادة تقييم الصنف قيد التقدم. قد يُظهر التقرير تقييمًا غير صحيح للصنف.
,ar,Item {0} entered multiple times.,تم قيد الصنف {0} عدة مرات.
,ar,Item {0} not found.,الصنف {0} غير موجود.
,ar,Item {} does not exist.,الصنف {} غير موجود.
,ar,Item: {0} with Stock UOM: {1} cannot be a Scrap/Loss Item as {1} is a whole UOM.,الصنف : {0} مع وحدة قياس المخزون: {1} لا يمكن أن يكون صنفًا خردة / خسارة لأن {1} هو وحدة قياس كاملة.
,ar,Items to Be Repost,الأصناف المراد إعادة نشرها
,ar,Jane Doe,جين دو
,ar,Job Applicant {0} created successfully.,تم إنشاء المتقدم للوظيفة {0} بنجاح.
,ar,Job Applicants are not allowed to appear twice for the same Interview round. Interview {0} already scheduled for Job Applicant {1},لا يُسمح للمتقدمين للوظيفة بالظهور مرتين في نفس جولة المقابلة الشخصية. تمت جدولة المقابلة {0} بالفعل لمقدم طلب الوظيفة {1}
,ar,Job Application Route,مسار التقدم للوظيفة
,ar,Job Card Operation,عملية بطاقة العمل
,ar,Job Card Scrap Item,صنف خردة بطاقة العمل
,ar,Job Openings for designation {0} already open or hiring completed as per Staffing Plan {1},فرص العمل للتعيين {0} مفتوحة بالفعل أو اكتمل التوظيف وفقًا لخطة التوظيف {1}
,ar,Joined {0},منضم {0}
,ar,KSA VAT,ضريبة القيمة المضافة في المملكة العربية السعودية
,ar,KSA VAT Purchase Account,حساب شراء ضريبة القيمة المضافة في المملكة العربية السعودية
,ar,KSA VAT Purchase Accounts,حسابات شراء ضريبة القيمة المضافة في المملكة العربية السعودية
,ar,KSA VAT Sales Account,حساب مبيعات ضريبة القيمة المضافة في المملكة العربية السعودية
,ar,KSA VAT Sales Accounts,حسابات مبيعات ضريبة القيمة المضافة في المملكة العربية السعودية
,ar,KSA VAT Setting,إعداد ضريبة القيمة المضافة في المملكة العربية السعودية
,ar,Kindly cancel the Manufacturing Entries first against the work order {0}.,يرجى إلغاء قيود التصنيع أولاً مقابل أمر العمل {0}.
,ar,LDAP Auth,مصادقة LDAP
,ar,LDAP Custom Settings,إعدادات LDAP المخصصة
,ar,LDAP Group Member attribute,سمة عضو مجموعة LDAP
,ar,"LDAP Search String must be enclosed in '()' and needs to contian the user placeholder {0}, eg sAMAccountName={0}",يجب تضمين سلسلة بحث LDAP في '()' ويجب أن تحتوي على الصنف النائب للمستخدم {0} ، على سبيل المثال sAMAccountName = {0}
,ar,LDAP Search and Paths,بحث ومسارات LDAP
,ar,LDAP Server Settings,إعدادات خادم LDAP
,ar,LDAP search path for Groups,مسار بحث LDAP للمجموعات
,ar,LDAP search path for Users,مسار بحث LDAP للموظفين
,ar,LDAP settings incorrect. validation response was: {0},إعدادات LDAP غير صحيحة. كانت استجابة التحقق: {0}
,ar,Last Accrual Date,تاريخ آخر استحقاق
,ar,"Last Name, Email or Phone/Mobile of the user are mandatory to continue.",الاسم الأخير أو البريد الإلكتروني أو الهاتف / الهاتف المحمول للمستخدم إلزامي للمتابعة.
,ar,Last Odometer Value,آخر قيمة لعداد المسافات
,ar,Last Order Id,رقم الطلب الأخير
,ar,Last sync was {0}.,تاريخ آخر مزامنة كان {0}.
,ar,Latest Price,أحدث سعر
,ar,Leave <b>From</b> and <b>To</b> 0 for no upper and lower limit.,إجازة <b> من </ b> و <b> إلى </ b> 0 لعدم وجود حد أعلى أو أدنى.
,ar,Leave Allocated,تخصيص الأجازات
,ar,Leave Details,تفاصيل الأجازات
,ar,Leave Expired,إجازة منتهية الصلاحية
,ar,Leave Policy Assignment,إجازة تعيين السياسة
,ar,Leave Policy: {0} already assigned for Employee {1} for period {2} to {3},سياسة الإجازة: {0} تم تعيينها بالفعل للموظف {1} للفترة من {2} إلى {3}
,ar,Leave Taken,تم اخذ الأجازة
,ar,Leave Type can be either without pay or partial pay,يمكن أن يكون نوع الإجازة بدون أجر أو أجر جزئي
,ar,Leave allocation {0} is linked with the Leave Application {1},تخصيص الإجازات {0} مرتبط بتطبيق الإجازة {1}
,ar,Leave already have been assigned for this Leave Policy Assignment,تم تعيين الإجازة بالفعل لتعيين سياسة الإجازة
,ar,Leave and Expense Claim Settings,إعدادات مطالبة الإجازة والمصروفات
,ar,"Leave blank for home.|||This is relative to site URL, for example ""about"" will redirect to ""https://yoursitename.com/about""","اتركه فارغًا للمنزل. ||| هذا متعلق بعنوان URL للموقع ، على سبيل المثال ""حول"" سيعيد التوجيه إلى ""https://yoursitename.com/about"""
,ar,Leaves you can avail against a holiday you worked on. You can claim Compensatory Off Leave using Compensatory Leave request. Click,أجازات يمكنك الاستفادة منها مقابل أجازة عملت فيها. يمكنك المطالبة بالإجازة التعويضية باستخدام طلب الإجازة التعويضية. انقر
,ar,Left Bottom,أسفل اليسار
,ar,Left Center,مركز اليسار
,ar,Legend,أسطورة
,ar,Length (cm),الطول (سم)
,ar,Less than 12 months.,أقل من 12 شهرًا.
,ar,Let us continue with the onboarding,دعونا نواصل الإعداد
,ar,Letter Head cannot be both disabled and default,"لا يمكن تعطيل حرف ""رأس"" وافتراضي"
,ar,Level (BOM),المستوى (BOM)
,ar,Library,مكتبة
,ar,Light,ضوء
,ar,Limit timeslot for Stock Reposting,المهلة الزمنية المحددة لإعادة نشر المخزون
,ar,Limits don't apply on,لا تنطبق الحدود على
,ar,Link Details,تفاصيل الارتباط
,ar,Link Type,نوع الارتباط
,ar,Link a new bank account,ربط حساب مصرفي جديد
,ar,"Link for About Us Page is ""/about"".","رابط صفحة ""من نحن"" هو ""/ حول""."
,ar,"Link that is the website home page. Standard Links (home, login, products, blog, about, contact)",الارتباط هذا هو الصفحة الرئيسية للموقع. الروابط القياسية (الصفحة الرئيسية ، تسجيل الدخول ، المنتجات ، المدونة ، حول ، جهة الاتصال)
,ar,LinkedIn Error - Access Denied,LinkedIn خطأ - تم رفض الوصول
,ar,LinkedIn Error - Unauthorized,LinkedIn خطأ - غير مصرح به
,ar,Lists,القوائم
,ar,Load more,تحميل المزيد
,ar,Loading user profile,تحميل ملف تعريف الموظف
,ar,Loan Interest Report,تقرير فائدة القرض
,ar,Loan Security Exposure,التعرض لأمن القرض
,ar,Loan Security Unpledge Error,خطأ في إلغاء تأمين القرض
,ar,Loan Security Value after unpledge is {0},تبلغ قيمة ضمان القرض بعد إلغاء التعهد {0}
,ar,Loan To Security Value ratio must always be {0},يجب أن تكون نسبة قيمة القرض إلى الضمان دائمًا {0}
,ar,Loan To Value ratio breach,نسبة القرض إلى القيمة
,ar,Loan Write Off,شطب القرض
,ar,Loan Write Off will be automatically created on loan closure request if pending amount is below this limit,سيتم إنشاء شطب القرض تلقائيًا عند طلب إغلاق القرض إذا كان المبلغ المعلق أقل من هذا الحد
,ar,Loan cannot be repayed from salary for Employee {0} because salary is processed in currency {1},لا يمكن سداد القرض من الراتب للموظف {0} نظرًا لمعالجة الراتب بالعملة {1}
,ar,Login Failed please try again,فشل تسجيل الدخول. يرجى المحاولة مرة أخرى
,ar,Login Page,صفحة تسجيل الدخول
,ar,Login With Email,تسجيل الدخول بالبريد الإلكتروني
,ar,Login With {0},تسجيل الدخول باستخدام {0}
,ar,Login to {0},تسجيل الدخول إلى {0}
,ar,Looks like you haven’t received any notifications.,يبدو أنك لم تتلق أي إشعارات.
,ar,Loss Qty,خسارة الكمية
,ar,Loss Value,قيمة الخسارة
,ar,Lower Range,المدى المنخفض
,ar,Maintain Asset,الحفاظ على الأصول
,ar,Maintenance Details,تفاصيل الصيانة
,ar,Make Material Request for Warehouse,عمل طلب مواد للمخزن
,ar,Make Serial No / Batch from Work Order,عمل رقم مسلسل / دفعة من أمر العمل
,ar,Make {0} Variant,اجعل {0} متغيرًا
,ar,Make {0} Variants,اصنع {0} متغيرات
,ar,Manage,يدير
,ar,Manual Inspection,الفحص اليدوي
,ar,Manufacturing Type,نوع التصنيع
,ar,Map Shopify Taxes / Shipping Charges to ERPNext Account,خريطة Shopify الضرائب / رسوم الشحن لحساب ERPNext
,ar,Mark all as read,علم عليها بانها قرات
,ar,Mark as Completed,"وضع علامة ""مكتمل"""
,ar,Mark attendance as {0} for {1} on selected dates?,هل تريد وضع علامة على الحضور كـ {0} لـ {1} في التواريخ المحددة؟
,ar,Material Requirement Planning,تخطيط متطلبات المواد
,ar,Materials are already received against the purchase order {0},تم استلام المواد بالفعل وفقًا لأمر الشراء {0}
,ar,Materials needs to be transferred to the work in progress warehouse for the job card {0},يجب نقل المواد إلى مخزن تقدم العمل لبطاقة العمل {0}
,ar,Maximum Attachment Limit of {0} has been reached for {1} {2}.,تم الوصول إلى الحد الأقصى للمرفقات وهو {0} لـ {1} {2}.
,ar,Maximum Capacity:,السعة القصوى:
,ar,Maximum Consecutive Leaves Allowed,أقصى عدد مسموح به من الإجازات المتتالية
,ar,Maximum Leave Allocation Allowed,يسمح بتخصيص الحد الأقصى للإجازات
,ar,Maximum Net Rate,الحد الأقصى للمعدل الصافي
,ar,Maximum Payment Amount,الحد الأقصى لمبلغ السداد
,ar,Maximum Value,القيمة القصوى
,ar,Maximum attachment limit of {0} has been reached.,تم الوصول إلى الحد الأقصى للمرفقات وهو {0}.
,ar,Maximum length of document number should be 16 characters as per GST rules. Please change the naming series.,يجب أن يكون الحد الأقصى لطول رقم المستند 16 حرفًا وفقًا لقواعد ضريبة الأصناف والخدمات. الرجاء تغيير سلسلة التسمية.
,ar,Maximum points allowed after multiplying points with the multiplier value|||(Note: For no limit leave this field empty or set 0),الحد الأقصى للنقاط المسموح بها بعد مضاعفة النقاط بقيمة المضاعف ||| (ملاحظة: لعدم وجود حد ، اترك هذا الحقل فارغًا أو قم بتعيين 0)
,ar,Medical history,تاريخ طبى
,ar,Member with Razorpay Subscription ID {0} not found,العضو برقم اشتراك Razorpay {0} غير موجود
,ar,Membership Invoicing,فواتير العضوية
,ar,Membership Payment To,دفع العضوية إلى
,ar,Membership Webhook Secret,سر Webhook للعضوية
,ar,Memberships,العضويات
,ar,Merge Invoices Based On,دمج الفواتير على أساس
,ar,Mid Center,منتصف المركز
,ar,Minimum Net Rate,الحد الأدنى للمعدل الصافي
,ar,Minimum Payment Amount,الحد الأدنى لمبلغ السداد
,ar,Minimum Value,الحد الأدنى للقيمة
,ar,Minimum Year for Gratuity,الحد الأدنى من سنة الإكرامية
,ar,Misconfigured,خطأ في التكوين
,ar,Missing,مفقود
,ar,Missing Address Fields,حقول العنوان مفقودة
,ar,Missing Asset,أصل مفقود
,ar,Missing Cost Center,مركز التكلفة مفقود
,ar,Missing Currency,عملة مفقودة
,ar,Missing Filters Required,مطلوب مرشحات مفقودة
,ar,Missing Formula,صيغة مفقودة
,ar,Missing IRN,مفقود IRN
,ar,Missing Items,أصناف مفقودة
,ar,Missing Required Fields,الحقول المطلوبة مفقودة
,ar,Missing Warehouse,مخزن مفقود
,ar,"Missing required details, did not create schedule discharge",التفاصيل المطلوبة المفقودة ، لم تنشئ تصريف الجدول الزمني
,ar,Module HTML,وحدة HTML
,ar,Module Profile,ملف وحدة برمجية
,ar,Module Profile Name,اسم ملف تعريف وحدة برمجية
,ar,Month To Date,بقى شهر حتى المواعدة
,ar,Month To Date(Company Currency),من شهر إلى تاريخ (عملة الشركة)
,ar,Month(s),شهور)
,ar,Monthly Rank,الترتيب الشهري
,ar,More columns found than expected. Please compare the uploaded file with standard template,تم العثور على أعمدة أكثر مما كان متوقعا. يرجى مقارنة الملف الذي تم تحميله مع النموذج القياسي
,ar,More info,مزيد من المعلومات
,ar,Most probably your password is too long.,على الأرجح كلمة مرورك طويلة جدًا.
,ar,Move to Cart,انقل الى سلة المشتريات
,ar,Multiple Additional Salaries with overwrite property exist for Salary Component {0} between {1} and {2}.,توجد رواتب إضافية متعددة مع خاصية الكتابة فوق لمكون الراتب {0} بين {1} و {2}.
,ar,Multiple Loyalty Programs found for Customer {}. Please select manually.,تم العثور على برامج ولاء متعددة للعميل {}. الرجاء التحديد يدويًا.
,ar,Multiple items cannot be marked as finished item,لا يمكن وضع علامة على أصناف متعددة كصنف منتهي
,ar,Must be a publicly accessible Google Sheets URL and adding Bank Account column is necessary for importing via Google Sheets,يجب أن يكون عنوان URL لأوراق Google يمكن الوصول إليه بشكل عام ، كما أن إضافة عمود الحساب البنكي ضروري للاستيراد عبر جداول بيانات Google
,ar,"Must be enclosed in '()' and include '{0}', which is a placeholder for the user/login name. i.e. (&(objectclass=user)(uid={0}))","يجب أن يتم تضمينه في ""()"" ويتضمن ""{0}"" ، وهو صنف نائب لاسم الموظف / تسجيل الدخول. مثال (& (objectclass = user) (uid = {0}))"
,ar,My Device,جهازي
,ar,My Profile,ملفي
,ar,My Settings,اعداداتي
,ar,NOTE: This box is due for depreciation. Please re-setup LDAP to work with the newer settings,ملاحظة: هذا الصندوق مستحق للإهلاك. يرجى إعادة إعداد LDAP للعمل مع الإعدادات الأحدث
,ar,NPO-80G-.YYYY.-,NPO-80G-.YYYY.-
,ar,NPO-DTN-.YYYY.-,NPO-DTN-.YYYY.-
,ar,"Name already taken, please set a new name",الاسم مأخوذ بالفعل ، يرجى تعيين اسم جديد
,ar,Name error,خطأ في الاسم
,ar,"Naming Options:|||<ol><li><b>field:[fieldname]</b> - By Field</li><li><b>naming_series:</b> - By Naming Series (field called naming_series must be present</li><li><b>Prompt</b> - Prompt user for a name</li><li><b>[series]</b> - Series by prefix (separated by a dot); for example PRE.#####</li>|||<li><b>format:EXAMPLE-{MM}morewords{fieldname1}-{fieldname2}-{#####}</b> - Replace all braced words (fieldnames, date words (DD, MM, YY), series) with their value. Outside braces, any characters can be used.</li></ol>",خيارات التسمية: ||| <ol> <li> <b> الحقل: [اسم الحقل] </ b> - حسب الحقل </ li> <li> <b> naming_series: </b> - عن طريق تسمية السلسلة (يسمى الحقل يجب أن يكون naming_series موجودًا </ li> <li> <b> مطالبة </ b> - مطالبة الموظف بالاسم </ li> <li> <b> [سلسلة] </ b> - سلسلة حسب البادئة (مفصولة بعلامة dot) ؛ على سبيل المثال ، PRE. ##### </li> ||| <li> <b> التنسيق: EXAMPLE- {MM} المزيد من الكلمات {fieldname1} - {fieldname2} - {#####} </ ب> - استبدل جميع الكلمات ذات الدعامة (أسماء الحقول ، كلمات التاريخ (DD ، MM ، YY) ، المتسلسلة) بقيمتها. الأقواس الخارجية ، يمكن استخدام أي أحرف. </ li> </ol>
,ar,Navigation Settings,إعدادات التنقل
,ar,Net Pay (Company Currency),صافي الدفع (عملة الشركة)
,ar,Net Pay Info,معلومات الدفع الصافي
,ar,Net Total (,صافي الإجمالي (
,ar,Network Printer Settings,إعدادات طابعة الشبكة
,ar,New Counter,عداد جديد
,ar,New Feedback on {0}: {1},تعليقات جديدة على {0}: {1}
,ar,New Service Unit Name,اسم وحدة الخدمة الجديدة
,ar,Next Document,المستند التالي
,ar,Next Step Condition,شرط الخطوة التالية
,ar,Next follow up date should be greater than now.,يجب أن يكون تاريخ المتابعة التالي أكبر من الآن.
,ar,Nexus,Nexus
,ar,Nexus Address,عنوان Nexus
,ar,Nexus List,قائمة Nexus
,ar,No Answer,لا اجابة
,ar,No Applicable Component is present in last month salary slip,لا يوجد أي مكون قابل للتطبيق في قسيمة راتب الشهر الماضي
,ar,No Applicable Earnings Component found for Gratuity Rule: {0},لم يتم العثور على مكون أرباح سارية لقاعدة الإكراميات: {0}
,ar,No Customers found with selected options.,لم يتم العثور على عملاء بالخيارات المحددة.
,ar,No Data to Show,لا توجد بيانات لعرضها
,ar,No Drug Shortage,لا يوجد نقص في الأدوية
,ar,No Invoice Selected,لم يتم تحديد فاتورة
,ar,No Items Found,لم يتم العثور على الأصناف
,ar,No Items selected yet. Browse and click on items below to publish.,لم يتم تحديد أصناف حتى الآن. تصفح وانقر على الأصناف أدناه للنشر.
,ar,No Letterhead,لا يوجد ورقة ذات رأسية
,ar,No Membership Payments found against the Member {0},لم يتم العثور على مدفوعات عضوية مقابل العضو {0}
,ar,No New notifications,لا يوجد إشعارات جديدة
,ar,No Outstanding Invoices found for this party,لم يتم العثور على فواتير معلقة لهذا الطرف
,ar,No POS Profile found. Please create a New POS Profile first,لم يتم العثور على ملف تعريف POS. يرجى إنشاء ملف تعريف POS جديد أولاً
,ar,No Records for these settings.,لا توجد سجلات لهذه الإعدادات.
,ar,No Requests found,لم يتم العثور على طلبات
,ar,No Results found,لم يتم العثور على نتائج
,ar,No Reviews,لم يتم تقديم تعليقات
,ar,No Salary Slip is found for Employee: {0},لم يتم العثور على قسيمة راتب للموظف: {0}
,ar,No Stock Available Currently,لا يوجد مخزون متاح حاليا
,ar,No Suitable Slab found for Calculation of gratuity amount in Gratuity Rule: {0},لم يتم العثور على شريحة مناسب لاحتساب مبلغ الإكرامية في قاعدة المكافأة: {0}
,ar,No Summary,لا ملخص
,ar,No Tasks,لا توجد مهام
,ar,No Tax Withholding data found for the current posting date.,لم يتم العثور على بيانات استقطاع ضريبي لتاريخ الترحيل الحالي.
,ar,No Timesheets,لا توجد جداول زمنية
,ar,No Unreconciled Invoices and Payments found for this party and account,لم يتم العثور على فواتير ومدفوعات لم تتم تسويتها لهذا الطرف والحساب
,ar,No Unreconciled Payments found for this party,لم يتم العثور على مدفوعات لم تتم تسويتها لهذا الطرف
,ar,No activities to show,لا توجد أنشطة لإظهارها
,ar,No additional fields available,لا توجد حقول إضافية متاحة
,ar,No attendance has been marked for {0} as it is a Holiday,لم يتم وضع علامة على أي حضور لـ {0} لأنه يوم أجازة
,ar,No attendance record found,لم يتم العثور على سجل حضور
,ar,No billing email found for customer: {0},لم يتم العثور على بريد إلكتروني للفوترة للعميل: {0}
,ar,No customer linked to member {0},لا يوجد عميل مرتبط بالعضو {0}
,ar,No data found. Seems like you uploaded a blank file,لاتوجد بيانات. يبدو أنك قمت بتحميل ملف فارغ
,ar,No employee was scheduled for call popup,لم يتم جدولة أي موظف من أجل المكالمة المنبثقة
,ar,No employees found,لم يتم العثور على موظفين
,ar,No employees found for the mentioned criteria:<br>Company: {0}<br> Currency: {1}<br>Payroll Payable Account: {2},لم يتم العثور على موظفين للمعايير المذكورة: <br> الشركة: {0} <br> العملة: {1} <br> كشوف المرتبات لحساب المدفوعات: {2}
,ar,No featured items yet. Got to your {0} and feature up to eight items that you want to highlight to your customers.,لا توجد أصناف مميزة حتى الآن. انتقل إلى {0} وقم بتمييز ما يصل إلى ثمانية أصناف تريد إبرازها لعملائك.
,ar,No filters selected,لم يتم تحديد عوامل تصفية
,ar,No items in this category yet.,لا توجد أصناف في هذه الفئة حتى الآن.
,ar,No more records..,لا مزيد من السجلات ..
,ar,No primary email found for customer: {0},لم يتم العثور على بريد إلكتروني أساسي للعميل: {0}
,ar,No records found in Allocation table,لم يتم العثور على سجلات في جدول التخصيص
,ar,No records found in the Invoices table,لم يتم العثور على سجلات في جدول الفواتير
,ar,No records found in the Payments table,لم يتم العثور على سجلات في جدول المدفوعات
,ar,No stock transactions can be created or modified before this date.,لا يمكن إنشاء أو تعديل حركات المخزن قبل هذا التاريخ.
,ar,No {0} Found,لم يتم العثور على {0}
,ar,No.,لا.
,ar,Non Profit Settings,إعدادات غير ربحية
,ar,Non-Billed Hours,ساعات غير مدفوعة الأجر
,ar,Non-Billed Hours (NB),الساعات غير المفوترة (ملحوظة)
,ar,Not a valid view:,طريقة العرض غير صالحة:
,ar,Not allowed to create custom Virtual DocType.,غير مسموح بإنشاء نوع مستند افتراضي مخصص.
,ar,"Not allowed, cannot overlap appointment {}",غير مسموح به ، لا يمكن أن يتداخل مع الموعد {}
,ar,"Not allowed, {} cannot exceed maximum capacity {}",غير مسموح به ، {} لا يمكن أن تتجاوز السعة القصوى {}
,ar,Note: On checking Is Mandatory the accounting dimension will become mandatory against that specific account for all accounting transactions,ملاحظة: عند الفحص إلزامي ، سيصبح البعد المحاسبي إلزاميًا مقابل هذا الحساب المحدد لجميع المعاملات المحاسبية
,ar,"Note: To merge the items, create a separate Stock Reconciliation for the old item {0}",ملاحظة: لدمج الأصناف ، قم بإنشاء تسوية مخزون منفصلة للصنف القديم {0}
,ar,Note: Total allocated leaves {0} shouldn't be less than already approved leaves {1} for the period,ملاحظة: إجمالي الإجازات المخصصة {0} لا ينبغي أن يكون أقل من الإجازات المعتمدة بالفعل {1} لهذه الفترة
,ar,Notification sent to,تم إرسال الإشعارإلى
,ar,Number of Docs,عدد المستندات
,ar,Number of Queries,عدد الاستعلامات
,ar,Number of Service Units,عدد الوحدات الخدمية
,ar,Number of Service Units to be created should at least be 1,يجب أن يكون عدد وحدات الخدمة المراد إنشاؤها 1 على الأقل
,ar,Numeric,رقمي
,ar,Numeric Inspection,الفحص الرقمي
,ar,OAuth Scope,نطاق المصادقة
,ar,OK,نعم
,ar,OTP Secret Reset - {0},إعادة تعيين سر OTP - {0}
,ar,Obtained Average Rating,الحصول على متوسط ​​التقييم
,ar,Occupational hazards,المخاطر المهنية
,ar,Odometer Value,قيمة عداد المسافات
,ar,On Paid Amount,على المبلغ المدفوع
,ar,On checking this Order from the,عند التحقق من هذا الأمر من
,ar,Onboard,تسكين (تعيين)
,ar,Once the Work Order is Closed. It can't be resumed.,بمجرد إغلاق أمر العمل. لا يمكن استئنافه.
,ar,Only CSV and Excel files can be used to for importing data. Please check the file format you are trying to upload,يمكن استخدام ملفات CSV و Excel فقط لاستيراد البيانات. يرجى التحقق من تنسيق الملف الذي تحاول تحميله
,ar,Only Deduct Tax On Excess Amount,فقط خصم الضريبة على المبلغ الزائد
,ar,Only Employee Grievance with status {0} or {1} can be submitted,يمكن تقديم شكوى الموظف بالحالة {0} أو {1} فقط
,ar,Only Interviewer Are allowed to submit Interview Feedback,يسمح فقط مقدم طلب التوظيف بتقديم ملاحظات المقابلة
,ar,Only Interviews with Cleared or Rejected status can be submitted.,"يمكن فقط تقديم المقابلات مع حالة ""تم مسح"" أو ""مرفوض""."
,ar,Only for,فقط ل
,ar,Only items with an image and description can be published. Please update them if an item in your inventory does not appear.,يمكن نشر الأصناف التي تحتوي على صورة ووصف فقط. يرجى تحديثها إذا لم يظهر صنف في مخزونك.
,ar,Open Call Log,افتح سجل المكالمات
,ar,Open Communication,إتصال مفتوح
,ar,Open Sales Orders,أوامر البيع المفتوحة
,ar,OpenID Configuration,تكوين OpenID
,ar,OpenLDAP,برنامج OpenLDAP
,ar,Operation Section,قسم العمليات
,ar,Optional Leaves are holidays that Employees can choose to avail from a list of holidays published by the company.,الإجازات الاختيارية هي إجازات يمكن للموظفين اختيار الاستفادة منها من قائمة الإجازات التي تنشرها الشركة.
,ar,"Optional, if you want to manage stock separately for this Service Unit",اختياري ، إذا كنت تريد إدارة المخزون بشكل منفصل لوحدة الخدمة هذه
,ar,Order Group,مجموعة الطلبات
,ar,Order Status,حالة الطلب
,ar,Organizational Chart,الهيكل التنظيمي
,ar,Other risk factors,عوامل الخطر الأخرى
,ar,Out of stock,لا يوجد رصيد فى المخزن
,ar,Outgoing (SMTP) Settings,إعدادات (SMTP) الصادرة
,ar,Over Receipt,على الاستلام
,ar,Over Receipt/Delivery,على الاستلام / التسليم
,ar,Over Transfer Allowance,السماح بالتحويل الزائد
,ar,Overbilling,الدفع الزائد
,ar,Overbilling of {} ignored because you have {} role.,تم تجاهل الدفع الزائد في {} لأن لديك دور {}.
,ar,Overdue Tasks,المهام المتأخرة
,ar,Overlap,تداخل
,ar,Overview,ملخص
,ar,"PDF printing via ""Raw Print"" is not supported.","لا يتم دعم طباعة PDF عبر ""Raw Print""."
,ar,POS Closing Failed,فشل إغلاق نقطة البيع
,ar,POS Closing failed while running in a background process. You can resolve the {0} and retry the process again.,فشل إغلاق نقطة البيع أثناء التشغيل في الخلفية. يمكنك حل {0} وإعادة محاولة العملية مرة أخرى.
,ar,POS Invoices will be consolidated in a background process,سيتم دمج فواتير نقاط البيع في عملية خلفية
,ar,POS Invoices will be unconsolidated in a background process,لن يتم دمج فواتير نقاط البيع في عملية الخلفية
,ar,POS Search Fields,حقول البحث في نقاط البيع
,ar,POST,بريد
,ar,PRLE-.####,PRLE -. ####
,ar,PROJ-.####,PROJ-.####
,ar,PUT,وضع
,ar,Packed Items cannot be transferred internally,لا يمكن نقل الأصناف المعبأة داخليًا
,ar,Page Title,عنوان الصفحة
,ar,Page to show on the website|||,الصفحة المراد عرضها على الموقع |||
,ar,Paid Amount After Tax,المبلغ المدفوع بعد الضريبة
,ar,Paid Amount After Tax (Company Currency),المبلغ المدفوع بعد الضريبة (عملة الشركة)
,ar,Paid From Account Type,مدفوعة من نوع الحساب
,ar,Paid To Account Type,نوع الحساب المدفوع
,ar,Pallets,المنصات
,ar,Parameter Group,مجموعة المعايير
,ar,Parameter Group Name,اسم مجموعة المعيار
,ar,Parcel Template,نموذج الطرد
,ar,Parcel Template Name,اسم نموذج الطرد
,ar,Parcel weight cannot be 0,لا يمكن أن يكون وزن الطرد 0
,ar,Parcels,طرود
,ar,Parent Account Missing,حساب الأصل مفقود
,ar,Parent DocType,نوع مستند الأصل
,ar,Parent Document Type,نوع الوثيقة الأصل
,ar,Parent Missing,الأصل مفقود
,ar,Parent Task {0} is not a Template Task,المهمة الأصلية {0} ليست مهمة نموذج
,ar,Parent document type is required to create a dashboard chart,نوع المستند الأصلي مطلوب لإنشاء مخطط شريحة ة معلومات
,ar,Partial,جزئي
,ar,Partly Paid,مدفوعة جزئيا
,ar,Partly Paid and Discounted,مدفوعة جزئيا ومخفضة
,ar,Party Link,رابط الطرف
,ar,Party Specific Item,صنف خاص بالطرف
,ar,Party Type and Party is required for Receivable / Payable account {0},مطلوب نوع الطرف والطرف لحساب الذمم المدينة / الدفع {0}
,ar,Party can only be one of {0},يمكن أن يكون الطرف واحدًا فقط من {0}
,ar,Password missing in Email Account,كلمة المرور مفقودة في حساب البريد الإلكتروني
,ar,Past Orders,الطلبات السابقة
,ar,Past Quotes,عروض الأسعار السابقة
,ar,Patient Age From,عمر المريض من
,ar,Patient Age From cannot be less than 0,لا يمكن أن يكون عمر المريض من 0
,ar,Patient Age To,عمر المريض حتى
,ar,Patient Age To cannot be less than 0,لا يمكن أن يكون عمر المريض أقل من 0
,ar,Patient Age To cannot be less than Patient Age From,لا يمكن أن يكون عمر المريض أقل من عمر المريض من
,ar,Patient History Custom Document Type,نوع المستند المخصص لسجل المريض
,ar,Patient History Settings,إعدادات سجل المريض
,ar,Patient History Standard Document Type,نوع المستند القياسي لسجل المريض
,ar,Patient Medical Record can only be created for submittable document types.,لا يمكن إنشاء السجل الطبي للمريض إلا لأنواع المستندات القابلة للتقديم.
,ar,Patient {0} is not admitted in the service unit {1},لم يتم قبول المريض {0} في وحدة الخدمة {1}
,ar,Pause Job,وظيفة متوقفة
,ar,Pay via Salary Slip,الدفع عن طريق قسيمة الراتب
,ar,Payment Amount (Company Currency),مبلغ الدفع (عملة الشركة)
,ar,Payment Configuration,تكوين الدفع
,ar,Payment Gateway Account not set,لم يتم تعيين حساب بوابة الدفع
,ar,Payment Limit,حد الدفع
,ar,Payment Reconciliation Allocation,تخصيص تسوية المدفوعات
,ar,Payment Request took too long to respond. Please try requesting for payment again.,استغرق طلب الدفع وقتًا طويلاً للرد. يرجى محاولة طلب الدفع مرة أخرى.
,ar,Payment Schedule Table,جدولة جدول الدفع
,ar,Payment Summary,ملخص الدفع
,ar,Payment Unlink Error,خطأ إلغاء ربط الدفع
,ar,Payment of {0} received successfully.,تم استلام الدفعة البالغة {0} بنجاح.
,ar,Payment of {0} received successfully. Waiting for other requests to complete...,تم استلام الدفعة البالغة {0} بنجاح. في انتظار اكتمال الطلبات الأخرى ...
,ar,Payment request failed,فشل طلب الدفع
,ar,Payment term {0} not used in {1},مصطلح الدفع {0} غير مستخدم في {1}
,ar,Payroll Payable Account,حساب الرواتب المستحق
,ar,Penalty Interest %,فائدة جزائية ٪
,ar,Penalty against loan:,الغرامة على القرض:
,ar,Pending Leave,إجازة معلقة
,ar,Pending principal amount is {0},المبلغ الأساسي المعلق هو {0}
,ar,Per Received,لكل تلقى
,ar,Period Closing Settings,إعدادات إقفال الفترة
,ar,Period Details,تفاصيل الفترة
,ar,Permission Query,استعلام صلاحية
,ar,Permissions Error,خطأ في الصلاحيات
,ar,Personal Data Deletion Step,خطوة حذف البيانات الشخصية
,ar,Pick Batch No,اختررقم الباتش
,ar,Pickup,يلتقط
,ar,Pickup Contact Person,إختار الشخص المسؤول
,ar,Pickup Date,اختر تاريخا
,ar,Pickup Date cannot be before this day,لا يمكن أن يكون تاريخ الاستلام قبل هذا اليوم
,ar,Pickup From,تلتقط من
,ar,Pickup To time should be greater than Pickup From time,يجب أن يكون وقت الاستلام أكبر من وقت الاستلام
,ar,Pickup Type,نوع الالتقاط
,ar,Pickup from,تلتقط من
,ar,Pickup to,إختار إلى
,ar,Plaid Link Error,خطأ ارتباط منقوش
,ar,Plaid Link Failed,فشل الارتباط المنقوشة
,ar,Plaid Link Refresh Required,مطلوب تحديث رابط منقوش
,ar,Plaid Link Updated,تم تحديث الرابط المنقوش
,ar,Plan Conditions,شروط الخطة
,ar,Plan Details,تفاصيل الخطة
,ar,Plan Items,أصناف الخطة
,ar,Plan to Request Qty,خطة لطلب الكمية
,ar,Please Enable Server Scripts,يرجى تمكين البرامج النصية للخادم
,ar,Please Select Company First,الرجاء تحديد الشركة أولاً
,ar,Please account for ammended documents too.,يرجى حساب الوثائق المعدلة أيضا.
,ar,Please add Root Account for - {0},الرجاء إضافة حساب جذر لـ - {0}
,ar,Please add a valid feedback.,الرجاء إضافة ملاحظات صالحة.
,ar,Please add the Bank Account column,الرجاء إضافة عمود الحساب البنكي
,ar,Please add the remaining benefits {0} to the application as pro-rata component,الرجاء إضافة الفوائد المتبقية {0} للتطبيق كمكوِّن تناسبي
,ar,Please adjust the qty or edit {0} to proceed.,يرجى ضبط الكمية أو تحرير {0} للمتابعة.
,ar,Please cancel and amend the Payment Entry,يرجى إلغاء قيد الدفع وتعديله
,ar,Please cancel payment entry manually first,الرجاء إلغاء قيد الدفع يدويًا أولاً
,ar,Please check Enable Razorpay for Memberships in {0} to setup subscription,يرجى تحديد تمكين Razorpay للأعضاء في {0} لإعداد الاشتراك
,ar,Please check OpenID Configuration URL,يرجى التحقق من عنوان URL لتكوين OpenID
,ar,Please check Process Deferred Accounting {0} and submit manually after resolving errors.,"يرجى التحقق من ""معالجة المحاسبة المؤجلة"" {0} وإرسالها يدويًا بعد حل الأخطاء."
,ar,Please check the error message and take necessary actions to fix the error and then restart the reposting again.,يرجى التحقق من رسالة الخطأ واتخاذ الإجراءات اللازمة لإصلاح الخطأ ثم إعادة تشغيل إعادة النشر مرة أخرى.
,ar,Please check your email to confirm the appointment,يرجى التحقق من بريدك الإلكتروني لتأكيد الموعد
,ar,Please clear the,يرجى مسح الـ 
,ar,Please configure Clinical Procedure Consumable Item in {0},يرجى تكوين الصنف المستهلك للإجراء السريري في {0}
,ar,Please contact any of the following users to {} this transaction.,يرجى الاتصال بأي من الموظفين التالين من أجل {} هذه المعاملة.
,ar,Please contact your administrator to extend the credit limits for {0}.,يرجى الاتصال بالمسؤول لديك لتمديد حدود الائتمان لـ {0}.
,ar,Please create Landed Cost Vouchers against Invoices that have 'Update Stock' enabled.,"يُرجى إنشاء قسائم تكلفة البضائع المستلمة مقابل الفواتير التي تم تمكين ""تحديث المخزون""."
,ar,Please create a new Accounting Dimension if required.,يرجى إنشاء بعد محاسبة جديد إذا لزم الأمر.
,ar,Please create an adjustment Journal Entry for amount {0} on {1},الرجاء إنشاء تعديل قيد دفتر اليومية للمبلغ {0} في {1}
,ar,Please create purchase from internal sale or delivery document itself,الرجاء إنشاء شراء من البيع الداخلي أو مستند التسليم نفسه
,ar,Please delete the Employee {0} to cancel this document,يرجى حذف الموظف {0} لإلغاء هذا المستند
,ar,Please do not book expense of multiple assets against one single Asset.,يرجى عدم حجز نفقات أصول متعددة مقابل أصل واحد.
,ar,Please enable {} in {} to allow same item in multiple rows,يرجى تمكين {} في {} للسماح بالصنف نفسه في عدة صفوف
,ar,Please ensure {} account is a Balance Sheet account.,يرجى التأكد من أن حساب {} هو حساب الميزانية العمومية.
,ar,Please ensure {} account is a Receivable account.,يرجى التأكد من أن حساب {} هو حساب مدينة.
,ar,Please enter GST state,الرجاء قيد حالة ضريبة الأصناف والخدمات
,ar,Please enter OpenID Configuration URL,الرجاء قيد عنوان URL لتكوين OpenID
,ar,Please enter Root Type for account- {0},الرجاء قيد نوع الجذر للحساب- {0}
,ar,Please enter Shipment Parcel information,الرجاء قيد معلومات طرد الشحنة
,ar,Please enter Stock Items consumed during the Repair.,الرجاء قيد أصناف المخزون المستهلكة أثناء الإصلاح.
,ar,Please enter Warehouse from which Stock Items consumed during the Repair were taken.,الرجاء قيد المخزن الذي تم أخذ أصناف المخزون منه أثناء الإصلاح.
,ar,Please enter a valid State in the {0} Address,الرجاء قيد ولاية صالحة في العنوان {0}
,ar,Please enter a valid email address.,رجاء قم بقيد بريد الكتروني صحيح.
,ar,Please enter both your email and message so that we can get back to you. Thanks!,الرجاء قيد بريدك الإلكتروني ورسالتك حتى نتمكن من الرد عليك. شكرا!
,ar,Please enter mobile number first.,الرجاء قيد رقم الهاتف المحمول أولاً.
,ar,Please enter the password for: <b>{0}</b>,الرجاء قيد كلمة المرور لـ: <b> {0} </b>
,ar,"Please first set Last Name, Email and Phone for the user",يرجى أولاً تعيين اسم العائلة والبريد الإلكتروني والهاتف للمستخدم
,ar,Please fix overlapping time slots for {0},يُرجى إصلاح تداخل الفترات الزمنية في {0}
,ar,Please fix overlapping time slots for {0}.,يُرجى إصلاح تداخل الفترات الزمنية في {0}.
,ar,Please import accounts against parent company or enable {} in company master.,الرجاء استيراد الحسابات مقابل الشركة الأم أو تمكين {} في مدير الشركة.
,ar,Please make sure the file you are using has 'Parent Account' column present in the header.,"يرجى التأكد من احتواء الملف الذي تستخدمه على عمود ""الحساب الرئيسي"" في رأس الملف."
,ar,Please mention 'Weight UOM' along with Weight.,"يرجى ذكر ""Weight وحدة القياس"" مع ""الوزن""."
,ar,Please rectify and try again.,يرجى التحرير والمحاولة مرة أخرى.
,ar,Please refer {gst_document_link} to learn more about how to setup and create reverse charge invoice,يرجى الرجوع إلى {gst_document_link} لرقمة المزيد حول كيفية إعداد وإنشاء فاتورة الخصم العكسي
,ar,Please refresh or reset the Plaid linking of the Bank {}.,يرجى تحديث أو إعادة تعيين ربط Plaid للبنك {}.
,ar,Please save the document to generate IRN.,يرجى حفظ المستند لإنشاء IRN.
,ar,Please select Applicant,الرجاء تحديد مقدم الطلب
,ar,Please select Unrealized Profit / Loss account or add default Unrealized Profit / Loss account account for company {0},الرجاء تحديد حساب الربح / الخسارة غير المحقق أو إضافة حساب الربح / الخسارة الافتراضي للشركة {0}
,ar,Please select X and Y fields,الرجاء تحديد الحقول X و Y.
,ar,Please select a Member,الرجاء تحديد عضو
,ar,Please select a Member first.,الرجاء تحديد عضو أولاً.
,ar,Please select a Program first.,الرجاء تحديد البرنامج أولاً.
,ar,Please select a Work Order first.,الرجاء تحديد أمر العمل أولاً.
,ar,Please select a company first.,الرجاء تحديد شركة أولا.
,ar,Please select a date,الرجاء تحديد تاريخ
,ar,Please select a date and time,يرجى تحديد تاريخ ووقت
,ar,Please select a date.,الرجاء تحديد تاريخ.
,ar,Please select at least one sales invoice to generate IRN,الرجاء تحديد فاتورة مبيعات واحدة على الأقل لإنشاء IRN
,ar,Please select donor first,الرجاء تحديد المتبرع أولا
,ar,Please select employee first,الرجاء تحديد الموظف أولاً
,ar,Please select the LDAP Directory being used,الرجاء تحديد دليل LDAP الجاري استخدامه
,ar,"Please set ""Default Payroll Payable Account"" in Company Defaults","يرجى تعيين ""حساب الرواتب الافتراضي"" في افتراضات الشركة"
,ar,Please set Earning Component for Leave type: {0}.,يرجى تعيين مكون الكسب لنوع الإجازة: {0}.
,ar,Please set Email/Phone for the contact,يرجى تعيين البريد الإلكتروني / الهاتف لجهة الاتصال
,ar,Please set Relieving Date for employee: {0},الرجاء تعيين تاريخ الإعفاء للموظف: {0}
,ar,Please set VAT Accounts in {0},يرجى تعيين حسابات ضريبة القيمة المضافة في {0}
,ar,"Please set Vat Accounts for Company: ""{0}"" in UAE VAT Settings","يرجى تعيين حسابات ضريبة القيمة المضافة للشركة: ""{0}"" في إعدادات ضريبة القيمة المضافة في الإمارات العربية المتحدة"
,ar,Please set a Default Cash Account in Company defaults,يرجى تعيين حساب نقدي افتراضي في افتراضات الشركة
,ar,Please set a Linked Item for the Membership Type {0},يرجى تعيين صنف مرتبط لنوع العضوية {0}
,ar,Please set a default Holiday List for Company {0},الرجاء تعيين قائمة عطلات افتراضية للشركة {0}
,ar,Please set a valid Service Unit Capacity to enable Overlapping Appointments,يرجى تعيين سعة وحدة خدمة صالحة لتمكين التعيينات المتداخلة
,ar,Please set account in Salary Component {0},يرجى تعيين الحساب في مكون الراتب {0}
,ar,Please set an Expense Account in the Items table,يرجى تعيين حساب المصاريف في جدول البنود
,ar,Please set default Exchange Gain/Loss Account in Company {},يُرجى تعيين حساب كسب / خسارة افتراضي في Exchange في الشركة {}
,ar,Please set one of the following:,يرجى تعيين واحد مما يلي:
,ar,Please set the cost center field in {0} or setup a default Cost Center for the Company.,يُرجى تعيين حقل مركز التكلفة في {0} أو إعداد مركز تكلفة افتراضي للشركة.
,ar,Please set the {0} for company {1},الرجاء تعيين {0} للشركة {1}
,ar,Please set valid GSTIN No. in Company Address {} for company {},الرجاء تعيين رقم الضريبى صالح في عنوان الشركة {} للشركة {}
,ar,Please set {0} for the Employee: {1},يرجى تعيين {0} للموظف: {1}
,ar,Please specify a {0},يرجى تحديد {0}
,ar,Please update Repair Status.,الرجاء تحديث حالة الإصلاح.
,ar,Please update rating or feedback before saving.,يرجى تحديث التصنيف أو التعليقات قبل الحفظ.
,ar,Please use a valid LDAP search filter,يرجى استخدام فلتر بحث LDAP صالح
,ar,Pledged Applicant Count,عدد المتقدمين المتعهد بهم
,ar,Popular Items,الأصناف الشائعة
,ar,Post Metrics,مقاييس النشر
,ar,Post Now,انشر الآن
,ar,Posting date,تاريخ النشر
,ar,Practitioner,طبيب
,ar,Practitioner Schedule:,جدول الطبيب:
,ar,Practitioner {0} does not have a Practitioner Schedule assigned.,الطبيب {0} ليس لديه جدول طبيب معين.
,ar,Practitioner {0} does not have a Service Unit set against the Practitioner Schedule {1}.,لا يمتلك الطبيب {0} وحدة خدمة معيّنة وفقًا لجدول الطبيب {1}.
,ar,Practitioners,الأطباء
,ar,Previous Document,المستند السابق
,ar,Price Valid Upto,السعر صالح حتى
,ar,Primary Party,الطرف الأساسي
,ar,Primary Role,دور أساسى
,ar,Principal Outstanding,المعلقة الرئيسية
,ar,Printer mapping not set.,لم يتم تعيين الطابعة.
,ar,Priority cannot be lesser than 1.,لا يمكن أن تكون الأولوية أقل من 1.
,ar,Proceed,تقدم
,ar,Process Loss Qty,كمية خسارة العملية
,ar,Process Loss Report,تقرير خسارة العملية
,ar,Product Engine Error,خطأ محرك المنتج
,ar,Product Price ID,رقم سعر المنتج
,ar,Product Tax Category,فئة ضريبة المنتج
,ar,Product Tax Code,رمز ضريبة المنتج
,ar,Production Plan Item Reference,مرجع صنف خطة الإنتاج
,ar,Production Plan Sub Assembly Item,بند التجميع الفرعي لخطة الإنتاج
,ar,Production Plan Sub-assembly Item,بند التجميع الفرعي لخطة الإنتاج
,ar,Production Plan Summary,ملخص خطة الإنتاج
,ar,Profit,ربح
,ar,Project Profitability,ربحية المشروع
,ar,Properties and References,الخصائص والمراجع
,ar,Provisional tax account for advance tax. Taxes are parked in this account until payments are allocated to invoices,حساب الضريبة المشروطة للضريبة المقدمة. الضرائب متوقفة في هذا الحساب حتى يتم تخصيص المدفوعات للفواتير
,ar,Publish Salary Range,نشر نطاق الراتب
,ar,Publish in Website,انشر في الموقع
,ar,Published in Website,نشرت في الموقع
,ar,Publishing Item ...,نشر صنف ...
,ar,Purchase Orders {0} are un-linked,أوامر الشراء {0} غير مرتبطة
,ar,Purchases,المشتريات
,ar,Putaway Rule,قاعدة الأبعاد
,ar,Putaway Rule already exists for Item {0} in Warehouse {1}.,قاعدة الأبعاد موجودة بالفعل للصنف {0} في Warehouse {1}.
,ar,Qty As Per BOM,الكمية حسب فاتورة المواد
,ar,Qty To Produce,الكمية المنتجة
,ar,Qty in Stock UOM,الكمية في المخزون حسب وحدة القياس
,ar,Qty of Finished Goods Item should be greater than 0.,يجب أن تكون كمية البضائع الجاهزة أكبر من 0.
,ar,Qty to Be Consumed,الكمية المراد استهلاكها
,ar,Quality Inspection Parameter,معيار فحص الجودة
,ar,Quality Inspection Parameter Group,مجموعة معايير فحص الجودة
,ar,Quality Inspection Settings,إعدادات فحص الجودة
,ar,Quality Inspection(s),فحص الجودة
,ar,Quantity not available for the following items in warehouse {0}.,الكمية غير متوفرة للأصناف التالية في المخزن {0}.
,ar,Queries,استفسارات
,ar,Query Parameters,معايير الاستعلام
,ar,Rank,مرتبة
,ar,Rate Of Interest,معدل الفائدة
,ar,Rate of Stock UOM,معدل المخزون حسب وحدة القياس
,ar,Rating is required!,التصنيف مطلوب!
,ar,Ratings,التقييمات
,ar,Raw Material Value,قيمة المواد الخام
,ar,Raw Printing Setting,إعداد الطباعة الأولية
,ar,Raw Printing Settings,إعدادات الطباعة الأولية
,ar,RazorPay Payment ID,رقم دفع RazorPay
,ar,RazorPay Settings for Memberships,إعدادات RazorPay للأعضاء
,ar,Razorpay Payment ID,رقم الدفع Razorpay
,ar,Read {0} for more information on E Invoicing features.,اقرأ {0} لمزيد من المعلومات حول ميزات الفوترة الإلكترونية.
,ar,Reading Value,قيمة القراءة
,ar,Rebuild Tree,إعادة بناء الشجرة
,ar,Recalculate Incoming/Outgoing Rate,إعادة حساب معدل الوارد / الصادر
,ar,Received Amount After Tax,المبلغ المستلم بعد الضريبة
,ar,Received Amount After Tax (Company Currency),المبلغ المستلم بعد الضريبة (عملة الشركة)
,ar,Received Amount cannot be greater than Paid Amount,لا يمكن أن يكون المبلغ المستلم أكبر من المبلغ المدفوع
,ar,Received Qty in Stock UOM,استلم الكمية الموجودة في المخزون حسب وحدة القياس
,ar,Received an invalid token type.,تلقي نوع رمز غير صالح.
,ar,Recent,حديث
,ar,Recents,حديث
,ar,Reconcile the Bank Transaction,التوفيق بين معاملة البنك
,ar,Recorder is Inactive.,المسجل غير نشط.
,ar,Recording HTML,تسجيل HTML
,ar,Redirect URI,إعادة توجيه URI
,ar,Reference Exchange Rate,سعر الصرف المرجعي
,ar,Reference Invoice,فاتورة مرجعية
,ar,Referral Bonus Payment Status,حالة دفع مكافأة الإحالة
,ar,Referrer Details,تفاصيل المُحيل
,ar,Referrer Name,اسم المرجع
,ar,Refresh Plaid Link,تحديث الرابط المنقوش
,ar,Region Code,رمز المنطقة
,ar,Rehab and Physiotherapy,إعادة التأهيل والعلاج الطبيعي
,ar,Reject Employee Referral,رفض إحالة الموظف
,ar,Reminders,تذكير
,ar,Remove Failed Jobs,إزالة المهام الفاشلة
,ar,Removed page customizations,تمت إزالة تخصيصات الصفحة
,ar,Repair Asset,أصل الإصلاح
,ar,Repair Details,تفاصيل الإصلاح
,ar,Repair and Maintenance Account,حساب الإصلاح والصيانة
,ar,Repay Unclaimed Amount from Salary,سداد المبلغ غير المطالب به من الراتب
,ar,Repayment,السداد
,ar,Repayment against Loan:,السداد مقابل القرض:
,ar,Repeat on Days,كرر في أيام
,ar,"Replace a particular BOM in all other BOMs where it is used. It will replace the old BOM link, update cost and regenerate ""BOM Explosion Item"" table as per new BOM.|||It also updates latest price in all the BOMs.","استبدل BOM معينًا في جميع BOMs الأخرى حيث يتم استخدامه. ستحل محل رابط BOM القديم ، وتكلفة التحديث ، وتجدد جدول ""BOM Explosion Item"" وفقًا لقائمة المواد الجديدة. ||| كما تقوم أيضًا بتحديث أحدث الأسعار في جميع BOMs."
,ar,Report an Issue,بلغ عن خطأ
,ar,"Report initiated, click to view status",بدأ التقرير ، انقر لعرض الحالة
,ar,Reports To,تقارير ل
,ar,Repost Item Valuation,إعادة تقييم الصنف
,ar,Reposting Completed {0}%,اكتملت إعادة النشر {0}٪
,ar,Reposting Progress,إعادة التقدم
,ar,Request Headers,رؤوس طلب
,ar,Request Loan Closure,طلب اغلاق القرض
,ar,Request Method,طريقة الطلب
,ar,Request Timeout,طلب مهلة
,ar,Request for Quote,طلب الحصول على عرض السعر
,ar,"Requires any valid fdn path. i.e. ou=groups,dc=example,dc=com",يتطلب أي مسار fdn صالح. أي ou = المجموعات ، dc = مثال ، dc = com
,ar,"Requires any valid fdn path. i.e. ou=users,dc=example,dc=com",يتطلب أي مسار fdn صالح. أي ou = الموظفون ، dc = مثال ، dc = com
,ar,Reschedule Interview,إعادة تحديد موعد المقابلة
,ar,Reserved for POS Transactions,محجوز لمعاملات نقاط البيع
,ar,Reserved for Production,محجوز للإنتاج
,ar,Reserved for Sub Contracting,محجوز للتشغيل الخارجي
,ar,Reset Customizations,إعادة التخصيصات
,ar,Reset Dashboard Customizations,إعادة تعيين تخصيصات لوحة المعلومات
,ar,Reset Plaid Link,إعادة تعيين رابط Plaid
,ar,Respiratory/Pulse Rate,معدل التنفس / النبض
,ar,Response,إجابة
,ar,Rest of the day,بقية اليوم
,ar,Restart,اعادة البدء
,ar,Restrict,بتقييد
,ar,Restrict Backdated Leave Application,تقييد طلب الإجازة بأثر رجعي
,ar,Restrict Items Based On,تقييد الأصناف على أساس
,ar,Resume Job,استئناف الوظيفة
,ar,Resume Link,استئناف الارتباط
,ar,Resume link,استئناف الارتباط
,ar,Retirement Age (In Years),سن التقاعد (بالسنوات)
,ar,Return Against,العودة مقابل
,ar,Return Issued,إشعار مرتجع
,ar,Return of Components,مرتجع المكونات
,ar,Returned,مرتجع
,ar,Returned Qty in Stock UOM,تم إرجاع الكمية الموجودة في المخزون وحدة القياس
,ar,Review Submitted,تم إرسال المراجعة
,ar,Review various other settings related to Employee Leaves and Expense Claim,مراجعة مختلف الإعدادات الأخرى المتعلقة بإجازات الموظفين ومطالبة النفقات
,ar,Revocation URI,URI الإبطال
,ar,Revoke Key,إبطال المفتاح
,ar,Right Bottom,اسفل اليمين
,ar,Right Center,المركز الصحيح
,ar,Role Allowed to Create/Edit Back-dated Transactions,الدور مسموح به لإنشاء / تحرير المعاملات القديمة
,ar,Role Allowed to Over Bill,الدور المسموح به للدفع اكثر من الفاتورة
,ar,Role Allowed to Over Deliver/Receive,الدور المسموح به للتوصيل / الاستلام
,ar,Role Allowed to Override Stop Action,الدور مسموح به لتجاوز إجراء الإيقاف
,ar,Role has been set as per the user type {0},تم تعيين الدور وفقًا لنوع الموظف {0}
,ar,"Root Type for {0} must be one of the Asset, Liability, Income, Expense and Equity",يجب أن يكون نوع الجذر لـ {0} أحد الأصول ، والمسؤولية ، والدخل ، والمصروفات ، وحقوق الملكية
,ar,Round Name,اسم مستدير
,ar,Round Off GST Values,تقريب قيم ضريبة الأصناف والخدمات
,ar,Round Off Tax Amount,تقريب مبلغ الضريبة
,ar,Round off Work Experience,تقريب خبرة العمل
,ar,Route to the custom Job Application Webform,قم بالتوجيه إلى نموذج الويب المخصص لتطبيق الوظيفة
,ar,Row # {0}:,الصف رقم {0}:
,ar,Row # {0}: Non administrator user can not set the role {1} to the custom doctype,الصف رقم {0}: لا يمكن للمستخدم غير المسؤول تعيين الدور {1} إلى نوع المستند المخصص
,ar,Row #{0}: Acceptance Criteria Formula is incorrect.,الصف # {0}: صيغة معايير القبول غير صحيحة.
,ar,Row #{0}: Acceptance Criteria Formula is required.,الصف # {0}: صيغة معايير القبول مطلوبة.
,ar,Row #{0}: Cannot allocate more than {1} against payment term {2},الصف رقم {0}: لا يمكن تخصيص أكثر من {1} مقابل مدة السداد {2}
,ar,Row #{0}: Could not find field {1} in {2} DocType,الصف # {0}: تعذر العثور على الحقل {1} في {2} DocType
,ar,Row #{0}: Cumulative threshold cannot be less than Single Transaction threshold,الصف # {0}: لا يمكن أن يكون الحد التراكمي أقل من حد المعاملة الفردية
,ar,Row #{0}: Dates overlapping with other row,الصف # {0}: تتداخل التواريخ مع صف آخر
,ar,Row #{0}: Document Type {1} is not submittable.,الصف # {0}: نوع المستند {1} غير قابل للإرسال.
,ar,Row #{0}: Expense Account not set for the Item {1}. {2},الصف رقم {0}: لم يتم تعيين حساب المصاريف للصنف {1}. {2}
,ar,Row #{0}: Field {1} in Document Type {2} is not a Date / Datetime field.,الصف # {0}: الحقل {1} في نوع المستند {2} ليس حقل تاريخ / تاريخ.
,ar,"Row #{0}: For {1}, you can select reference document only if account gets credited",الصف رقم {0}: بالنسبة إلى {1} ، لا يمكنك تحديد مستند مرجعي إلا إذا تم اعتماد الحساب
,ar,"Row #{0}: For {1}, you can select reference document only if account gets debited",الصف رقم {0}: بالنسبة إلى {1} ، لا يمكنك تحديد مستند مرجعي إلا إذا تم الخصم من الحساب
,ar,Row #{0}: From Date cannot be before To Date,"الصف # {0}: لا يمكن أن يكون ""من"" قبل تاريخ"
,ar,Row #{0}: Maximum Net Rate cannot be greater than Minimum Net Rate,الصف # {0}: لا يمكن أن يكون الحد الأقصى للمعدل الصافي أكبر من الحد الأدنى للمعدل الصافي
,ar,Row #{0}: No such Field named {1} found in the Document Type {2}.,الصف # {0}: لم يتم العثور على مثل هذا الحقل المسمى {1} في نوع المستند {2}.
,ar,Row #{0}: Parent DocType is mandatory for internal links,الصف رقم {0}: نوع المستند الأصلي إلزامي للروابط الداخلية
,ar,Row #{0}: Rate must be same as {1}: {2} ({3} / {4}),رقم الصف {0}: يجب أن يكون السعر هو {1}: {2} ({3} / {4})
,ar,Row #{0}: Reference Document Type must be Donation,الصف # {0}: يجب أن يكون نوع المستند المرجعي هو التبرع
,ar,Row #{0}: Result for Secondary UOM not calculated,الصف رقم {0}: لم يتم حساب نتيجة وحدة القياس الثانوية
,ar,Row #{0}: Table Fieldname is mandatory for internal links,الصف # {0}: اسم حقل الجدول إلزامي للروابط الداخلية
,ar,Row #{0}: The following Serial Nos are not present in Delivery Note {1}:,الصف # {0}: الأرقام التسلسلية التالية غير موجودة في إشعار التسليم {1}:
,ar,Row #{0}: {1} Serial numbers required for Item {2}. You have provided {3}.,الصف # {0}: {1} الأرقام المسلسلة المطلوبة للصنف {2}. لقد قدمت {3}.
,ar,Row #{0}: {1} does not have any available serial numbers in {2},الصف # {0}: {1} ليس به أي أرقام تسلسلية متوفرة في {2}
,ar,Row #{0}: {1} is not a valid reading field. Please refer to the field description.,الصف رقم {0}: {1} ليس حقل قراءة صالحًا. يرجى الرجوع إلى وصف الحقل.
,ar,Row #{}: GST rate is invalid. Please remove tax rows with zero tax amount from taxes table.,الصف رقم {}: معدل ضريبة الأصناف والخدمات غير صالح. يُرجى إزالة صفوف الضرائب التي لا تحتوي على مبلغ ضريبة من جدول الضرائب.
,ar,Row #{}: Item {} is a non stock item. You can only include stock items in a POS Invoice.,الصف # {}: الصنف {} ليس صنفًا في المخزون. يمكنك فقط تضمين أصناف المخزون في فاتورة نقطة البيع.
,ar,Row #{}: Original Invoice {} of return invoice {} is {}.,الصف رقم {}: الفاتورة الأصلية {} فاتورة الإرجاع {} هي {}.
,ar,Row #{}: Serial No. {} has already been transacted into another Sales Invoice. Please select valid serial no.,الصف # {}: الرقم التسلسلي {} تم بالفعل التعامل معه في فاتورة مبيعات أخرى. الرجاء تحديد رقم تسلسلي صالح.
,ar,Row #{}: {} {} doesn't belong to Company {}. Please select valid {}.,الصف رقم {}: {} {} لا ينتمي إلى الشركة {}. يرجى تحديد صالح {}.
,ar,Row {0}# Paid Amount cannot be greater than Total amount,الصف {0} # لا يمكن أن يكون المبلغ المدفوع أكبر من إجمالي المبلغ
,ar,Row {0}: Account {1} does not belong to Company {2},الصف {0}: الحساب {1} لا ينتمي إلى الشركة {2}
,ar,Row {0}: Allocated amount {1} must be less than or equal to invoice outstanding amount {2},الصف {0}: يجب أن يكون المبلغ المخصص {1} أقل من أو يساوي مبلغ الفاتورة المستحق {2}
,ar,Row {0}: Allocated amount {1} must be less than or equal to remaining payment amount {2},الصف {0}: يجب أن يكون المبلغ المخصص {1} أقل من أو يساوي مبلغ الدفعة المتبقية {2}
,ar,Row {0}: Both Debit and Credit values cannot be zero,الصف {0}: لا يمكن أن تكون قيم الخصم والائتمان صفراً
,ar,Row {0}: Cost Center {1} does not belong to Company {2},الصف {0}: مركز التكلفة {1} لا ينتمي إلى الشركة {2}
,ar,Row {0}: Expense Head changed to {1} as no Purchase Receipt is created against Item {2}.,الصف {0}: تم تغيير رأس المصاريف إلى {1} نظرًا لعدم إنشاء إيصال شراء مقابل الصنف {2}.
,ar,Row {0}: Expense Head changed to {1} because account {2} is not linked to warehouse {3} or it is not the default inventory account,الصف {0}: تم تغيير رأس المصاريف إلى {1} لأن الحساب {2} غير مرتبط بالمخزن {3} أو أنه ليس حساب المخزون الافتراضي
,ar,Row {0}: Expense Head changed to {1} because expense is booked against this account in Purchase Receipt {2},الصف {0}: تم تغيير رأس المصاريف إلى {1} لأنه تم حجز المصاريف مقابل هذا الحساب في إيصال الشراء {2}
,ar,Row {0}: From (Year) can not be greater than To (Year),الصف {0}: من (السنة) لا يمكن أن يكون أكبر من إلى (السنة)
,ar,Row {0}: From Warehouse is mandatory for internal transfers,الصف {0}: من المخزن إلزامي لعمليات النقل الداخلية
,ar,Row {0}: Item Tax template updated as per validity and rate applied,الصف {0}: تم تحديث نموذج ضريبة الصنف وفقًا للصلاحية والسعر المطبق
,ar,Row {0}: Item rate has been updated as per valuation rate since its an internal stock transfer,الصف {0}: تم تحديث سعر الصنف وفقًا لمعدل التقييم منذ نقله داخليًا للمخزون
,ar,Row {0}: Paid amount {1} is greater than pending accrued amount {2} against loan {3},الصف {0}: المبلغ المدفوع {1} أكبر من المبلغ المستحق المعلق {2} مقابل القرض {3}
,ar,Row {0}: Project must be same as the one set in the Timesheet: {1}.,الصف {0}: يجب أن يكون المشروع هو نفسه الذي تم تعيينه في سجل الدوام: {1}.
,ar,Row {0}: Purchase Invoice {1} has no stock impact.,الصف {0}: فاتورة الشراء {1} ليس لها تأثير على المخزون.
,ar,Row {0}: Target Warehouse is mandatory for internal transfers,الصف {0}: يعد المخزن المستهدف إلزاميًا لعمليات النقل الداخلية
,ar,"Row {0}: To set {1} periodicity, difference between from and to date must be greater than or equal to {2}",الصف {0}: لتعيين دورية {1} ، يجب أن يكون الاختلاف بين من و إلى تاريخ أكبر من أو يساوي {2}
,ar,Row {0}: {1} account already applied for Accounting Dimension {2},الصف {0}: {1} تم تطبيق الحساب بالفعل على بُعد المحاسبة {2}
,ar,Row {0}: {1} {2} cannot be same as {3} (Party Account) {4},الصف {0}: {1} {2} لا يمكن أن يكون مثل {3} (حساب المجموعة) {4}
,ar,Row {0}: {1} {2} of {3} is pledged against Loan {4}.,الصف {0}: {1} {2} من {3} مرهون مقابل القرض {4}.
,ar,SQL Explain,شرح SQL
,ar,SQL Queries,استعلامات SQL
,ar,SQL Query,استعلام SQL
,ar,STATEMENTS OF ACCOUNTS,كشوف الحسابات
,ar,STRING_AGG,STRING_AGG
,ar,SWATCHES,المناديل
,ar,Salary Component,مكون الراتب
,ar,Salary Expectation,توقع الراتب
,ar,Salary Slip Leave,إجازة قسيمة الراتب
,ar,Salary Slip already exists for {0},قسيمة الراتب موجودة بالفعل لـ {0}
,ar,"Salary Slips already exists for employees {}, and will not be processed by this payroll.",قسائم الرواتب موجودة بالفعل للموظفين {} ، ولن تتم معالجتها بواسطة كشوف المرتبات هذه.
,ar,Salary components should be part of the Salary Structure.,يجب أن تكون مكونات الراتب جزءًا من هيكل الرواتب.
,ar,Salary range per month,نطاق الراتب في الشهر
,ar,Sales Invoice created successfully,تم إنشاء فاتورة المبيعات بنجاح
,ar,Sales Invoice {0} created,تم إنشاء فاتورة المبيعات {0}
,ar,Sales Order Reference,مرجع طلب المبيعات
,ar,Sales Order Status,حالة طلب المبيعات
,ar,Sales Partner,شريك المبيعات
,ar,Sales Partner Item,صنف شريك المبيعات
,ar,Save API Secret: {0},حفظ سر واجهة برمجة التطبيقات: {0}
,ar,Save Customizations,حفظ التخصيصات
,ar,Savings,محفوظات
,ar,Scan,مسح
,ar,Scan QRCode,مسح رمز QRC
,ar,Scheduled On,من المقرر في
,ar,Scheduled Time must be a future time.,يجب أن يكون الوقت المجدول وقتًا مستقبليًا.
,ar,Scheduler is inactive. Cannot enqueue job.,المجدول غير نشط. لا يمكن إدراج المهمة في قائمة الانتظار.
,ar,Scheduling,الجدولة
,ar,"Scorecard variables can be used, as well as:|||{total_score} (the total score from that period),|||{period_number} (the number of periods to present day)|||",يمكن استخدام متغيرات بطاقة قياس الأداء ، بالإضافة إلى: ||| {total_score} (مجموع النقاط من تلك الفترة) ، ||| {period_number} (عدد الفترات حتى يومنا هذا) |||
,ar,Scrap Item Code,رمز صنف الخردة
,ar,Scrap Item Name,اسم صنف الخردة
,ar,Scrap/Loss Item: {0} should have Is Process Loss checked as it is the same as the item to be manufactured or repacked.,صنف الخردة / الخسارة: {0} يجب أن يتم التحقق من فقد العملية لأنه يماثل الصنف المراد تصنيعه أو إعادة تعبئته.
,ar,Scrap/Loss Item: {0} should have Qty less than finished goods Quantity.,صنف الخردة / الخسارة: {0} يجب أن تكون الكمية أقل من كمية البضائع النهائية.
,ar,Scrap/Loss Item: {0} should have Rate set to 0 because Is Process Loss is checked.,"صنف الخردة / الخسارة: يجب تعيين معدل {0} على 0 لأنه تم تحديد ""فقدان العملية""."
,ar,Scrap/Loss Item: {0} should not have Is Process Loss checked as it is different from the item to be manufactured or repacked,صنف الخردة / الضياع: {0} يجب ألا يتم التحقق من فقد العملية لأنه يختلف عن الصنف المراد تصنيعه أو إعادة تعبئته
,ar,Search Bar,شريط البحث
,ar,"Search by item code, serial number or barcode",البحث عن طريق رمز الصنف أو الرقم التسلسلي أو رمز الباركود
,ar,Search for {0},بحث عن {0}
,ar,Search or type a command (Ctrl + G),ابحث أو اكتب أمرًا (Ctrl + G)
,ar,Secondary Party,الطرف الثانوي
,ar,Secondary Role,دور ثانوي
,ar,See all Activity,مشاهدة كل نشاط
,ar,See your Published Items,انظر الأصناف المنشورة الخاصة بك
,ar,See your Published Items.,انظر الأصناف المنشورة الخاصة بك.
,ar,Select Leave Approver for an employee. The user one who will look after his/her Leave application,حدد اعتماد الإجازة لموظف. الموظف الذي سيقوم بطلب الإجازة
,ar,Select Corrective Operation,حدد العملية التصحيحية
,ar,Select Date of Birth. This will validate Employees age and prevent hiring of under-age staff.,حدد تاريخ الميلاد. سيؤدي هذا إلى التحقق من صحة عمر الموظفين ومنع تعيين موظفين دون السن القانونية.
,ar,"Select Date of joining. It will have impact on the first salary calculation, Leave allocation on pro-rata bases.",حدد تاريخ الانضمام. سيكون لها تأثير على حساب الراتب الأول ، تخصيص الإجازات على أسس تناسبية.
,ar,Select Dimension,حدد البعد
,ar,Select Interview Round First,حدد جولة المقابلة أولا
,ar,Select Interview first,حدد المقابلة أولا
,ar,Select Items for Quality Inspection,حدد أصناف لفحص الجودة
,ar,Select Kanban,حدد كانبان
,ar,Select Letterhead,حدد رأس الصفحة
,ar,Select Network Printer,حدد طابعة الشبكة
,ar,Select Payroll Frequency.,حدد تردد الرواتب.
,ar,Select Variant,حدد متغير
,ar,Select Variant for {0},حدد المتغير لـ {0}
,ar,Select Vouchers to Match,حدد قسائم لمطابقتها
,ar,Select Warehouses to get Stock for Materials Planning,حدد المخازن للحصول على مخزون لتخطيط المواد
,ar,Select a Company this Employee belongs to. Other HR features like Payroll. Expense Claims and Leaves for this Employee will be created for a given company only.,حدد شركة ينتمي إليها هذا الموظف. ميزات الموارد البشرية الأخرى مثل كشوف المرتبات. سيتم إنشاء مطالبات المصاريف والإجازات لهذا الموظف لشركة معينة فقط.
,ar,Select a default Holiday List for this Employee. The days listed in Holiday List will not be counted in Leave Application.,حدد قائمة العطلات الافتراضية لهذا الموظف. لن يتم احتساب الأيام المدرجة في قائمة العطلات في طلب الإجازة.
,ar,Select atleast one Social Media Platform to Share on.,حدد منصة وسائط اجتماعية واحدة على الأقل للمشاركة عليها.
,ar,Select the Employee for which you want to allocate leaves.,حدد الموظف الذي تريد تخصيص إجازات له.
,ar,Select the Employee.,حدد الموظف.
,ar,"Select the Leave Type like Sick leave, Privilege Leave, Casual Leave, etc.",حدد نوع الإجازة مثل إجازة مرضية ، إجازة مستحقة ، إجازة عارضة ، إلخ.
,ar,Select the date after which this Leave Allocation will expire.,"حدد التاريخ الذي ستنتهي بعده صلاحية ""تخصيص الإجازة""."
,ar,Select the date from which this Leave Allocation will be valid.,حدد التاريخ الذي سيكون فيه تخصيص الإجازات هذا صالحًا.
,ar,Select the end date for your Leave Application.,حدد تاريخ انتهاء طلب الإجازة الخاص بك.
,ar,Select the role that is allowed to submit transactions that exceed credit limits set. The credit limit can be set in the Customer form.,حدد الدور المسموح به لإرسال المعاملات التي تتجاوز الحدود الائتمانية المعينة. يمكن تعيين حد الائتمان في نموذج العميل.
,ar,Select the start date for your Leave Application.,حدد تاريخ بدء تطبيق الإجازة الخاص بك.
,ar,"Select type of leave the employee wants to apply for, like Sick Leave, Privilege Leave, Casual Leave, etc.",حدد نوع الإجازة التي يريد الموظف التقدم لها ، مثل الإجازة المرضية ، إجازة مستحقة ، الإجازة العرضية ، إلخ.
,ar,Select your Leave Approver i.e. the person who approves or rejects your leaves.,"حدد ""المسؤول عن الإجازة"" ، أي الشخص الذي يوافق على إجازاتك أو يرفضها."
,ar,Select your weekly off day,حدد يوم إجازتك الأسبوعية
,ar,Selected Fields,الحقول المختارة
,ar,Self delivery,التسليم الذاتي
,ar,Send Interview Feedback Reminder,إرسال تذكير بتعليقات المقابلة
,ar,Send Interview Reminder,إرسال تذكير المقابلة
,ar,Send Leave Notification,إرسال إشعار الإجازة
,ar,Send Web View Link,إرسال ارتباط عرض الويب
,ar,Separation Activities,أنشطة الفصل
,ar,Sequential,تسلسلي
,ar,Serial No Ledger,الرقم التسلسلي لدفتر الأستاذ
,ar,Serial No and Batch for Finished Good,الرقم التسلسلي والدُفعة للسلعة النهائية
,ar,Serial No {0} has already been received in the {1} #{2},تم استلام الرقم التسلسلي {0} بالفعل في {1} # {2}
,ar,Serial Nos,الرقم المسلسل
,ar,Serial Nos Mismatch,رقم المسلسل عدم تطابق
,ar,Serialised and Batch Setting,إعداد المسلسل والدُفعات
,ar,Server was too busy to process this request. Please try again.,كان الخادم مشغولاً للغاية بحيث لم يتمكن من معالجة هذا الطلب. حاول مرة اخرى.
,ar,Service (optional),الخدمة (اختياري)
,ar,Service Expenses,مصاريف الخدمة
,ar,Service Provider,مقدم الخدمة
,ar,Service Unit Capacity,سعة وحدة الخدمة
,ar,Service Unit Name,اسم وحدة الخدمة
,ar,Service Unit Name and Company are mandatory to create Healthcare Service Units,اسم وحدة الخدمة والشركة إلزاميان لإنشاء وحدات خدمة الرعاية الصحية
,ar,Service Unit Not Found,وحدة الخدمة غير موجودة
,ar,Service Unit Tree,شجرة وحدة الخدمة
,ar,Service Unit:,وحدة الخدمة:
,ar,Set Address,حدد العنوان
,ar,Set From Warehouse,تعيين من المخزن
,ar,Set Limit,تعيين الحد
,ar,Set Operating Cost Based On BOM Quantity,قم بتعيين تكلفة التشغيل بناءً على كمية قائمة مكونات الصنف
,ar,Set Process Loss Item Quantity,حدد كمية الأصناف المفقودة فى العملية
,ar,Set all private,تعيين الكل خاص
,ar,Set all public,تعيين الكل عام
,ar,Set quantity of process loss item:,تعيين كمية صنف خسارة العملية:
,ar,Set the frequency for holiday reminders,اضبط معدل تكرار التذكيرات بالأجازات
,ar,Set the status manually.,اضبط الحالة يدويًا.
,ar,Set this template as the default for all sales transactions,قم بتعيين هذا النموذج كافتراضي لجميع معاملات المبيعات
,ar,Sets 'From Warehouse' in each row of the items table.,"يعيّن ""من المخزن"" في كل صف من جدول الأصناف."
,ar,Sets the current page as default for all users,تعيّن الصفحة الحالية كافتراضية لجميع الموظفين
,ar,Sets the number of concurrent appointments allowed,يضبط عدد المواعيد المتزامنة المسموح بها
,ar,Setting the account as a Company Account is necessary for Bank Reconciliation,يعد تعيين الحساب كحساب شركة ضروريًا للتسوية البنكية
,ar,Shared with the user {0} with {1} access,تمت مشاركته مع الموظف {0} الذي لديه حق الوصول {1}
,ar,Shipment,شحنة
,ar,Shipment Amount,مبلغ الشحنة
,ar,Shipment Delivery Note,إشعار تسليم الشحنة
,ar,Shipment ID,شحنة رقم
,ar,Shipment Information,معلومات الشحنة
,ar,Shipment Parcel,طرد الشحن
,ar,Shipment Parcel Template,نموذج طرد الشحنة
,ar,Shipment Type,نوع الشحن
,ar,Shipment details,تفاصيل الشحنة
,ar,Shipping Address Details,تفاصيل عنوان الشحن
,ar,Shop by Category,تسوق حسب الاقسام
,ar,Shopify Integration will be removed from ERPNext in Version 14. Please install {0} app to continue using it.,ستتم إزالة Shopify Integration من ERPNext في الإصدار 14. يُرجى تثبيت تطبيق {0} لمتابعة استخدامه.
,ar,Shopify Order Id,Shopify رقم الطلب
,ar,Shortfall Percentage,نسبة النقص
,ar,Shortfall Repayment of {0},سداد النقص بمقدار {0}
,ar,Shortfall Repayment of {0}.||||Repayment against Loan: {1},سداد النقص في {0}. |||| السداد مقابل القرض: {1}
,ar,Show Absolute Values,إظهار القيم المطلقة
,ar,Show Barcode Field in Stock Transactions,إظهار حقل الرمز الشريطي في معاملات المخزون
,ar,Show Completed Orders,إظهار الطلبات المكتملة
,ar,Show Failed Jobs,إظهار الوظائف الفاشلة
,ar,Show Language Picker,إظهار منتقي اللغة
,ar,Show Leave Balances in Salary Slip,إظهار أرصدة الإجازات في قسيمة الراتب
,ar,Show Net Values in Party Account,إظهار القيم الصافية في حساب المجموعة
,ar,Show Remarks,إظهار الملاحظات
,ar,Show Saved,إظهار المحفوظة
,ar,Show link to document,إظهار ارتباط الوثيقة
,ar,Sidebar,الشريط الجانبي
,ar,"Similar to the previous option, this unlinks any advance payments made against Purchase/Sales Orders.",على غرار الخيار السابق ، يؤدي هذا إلى إلغاء ربط أي مدفوعات مقدمة مقابل أوامر الشراء / المبيعات.
,ar,"Simple Python formula applied on Reading fields.<br> Numeric eg. 1: <b>reading_1 &gt; 0.2 and reading_1 &lt; 0.5</b><br>|||Numeric eg. 2: <b>mean &gt; 3.5</b> (mean of populated fields)<br>|||Value based eg.: <b>reading_value in (""A"", ""B"", ""C"")</b>","تم تطبيق صيغة Python البسيطة على حقول القراءة. <br> رقمية على سبيل المثال. 1: <b> قراءة_1 & GT. 0.2 وقراءة_1 & lt؛ 0.5 </b> <br> ||| رقمية مثل. 2: <b> يعني & GT. 3.5 </b> (يعني الحقول المأهولة) <br> ||| على أساس القيمة ، مثل: <b> reading_value in (""A""، ""B""، ""C"") </b>"
,ar,Simultaneous,متزامنة
,ar,Skill Assessment,تقييم المهارات
,ar,Sorry! We could not find what you were looking for.,آسف! لم نتمكن من العثور على ما كنت تبحث عنه.
,ar,"Sorry, something went wrong. Please refresh.",عذرا، هناك خطأ ما. نرجو التحديث.
,ar,Source and Rating,المصدر والتصنيف
,ar,South Africa VAT Account,حساب ضريبة القيمة المضافة في جنوب إفريقيا
,ar,South Africa VAT Settings,إعدادات ضريبة القيمة المضافة في جنوب إفريقيا
,ar,Spliting {} {} into {} row(s) as per Payment Terms,تقسيم {} {} إلى {} صف (صفوف) وفقًا لشروط الدفع
,ar,Stack Trace,تتبع المكدس
,ar,Stale Days should start from 1.,يجب أن تبدأ الأيام القديمة من 1.
,ar,Standard Document Types,أنواع المستندات القياسية
,ar,Standard Rated Expenses,المصاريف المعيارية المقدرة
,ar,"Standard Terms and Conditions that can be added to Sales and Purchases.||||||Examples:||||||1. Validity of the offer.|||1. Payment Terms (In Advance, On Credit, part advance etc).|||1. What is extra (or payable by the Customer).|||1. Safety / usage warning.|||1. Warranty if any.|||1. Returns Policy.|||1. Terms of shipping, if applicable.|||1. Ways of addressing disputes, indemnity, liability, etc.|||1. Address and Contact of your Company.",الشروط والأحكام القياسية التي يمكن إضافتها إلى المبيعات والمشتريات |||||| أمثلة: ||||| 1. صلاحية العرض ||| 1. شروط الدفع (مقدمًا ، وبشحنًا ، وجزئيًا مقدمًا ، إلخ) ||| 1. ما هو إضافي (أو يدفعه العميل) ||| 1. تحذير السلامة / الاستخدام. ||| 1. الضمان إن وجد ||| 1. سياسة الإرجاع ||| 1. شروط الشحن ، إن وجدت. ||| 1. طرق معالجة النزاعات والتعويض والمسؤولية وما إلى ذلك ||| 1. عنوان والاتصال بشركتك.
,ar,Standard Working Hours,ساعات العمل القياسية
,ar,Standard rated supplies in {0},التوريدات ذات التصنيف القياسي في {0}
,ar,"Standard tax template that can be applied to all Purchase Transactions. This template can contain list of tax heads and also other expense heads like ""Shipping"", ""Insurance"", ""Handling"" etc.||||||#### Note||||||The tax rate you define here will be the standard tax rate for all **Items**. If there are **Items** that have different rates, they must be added in the **Item Tax** table in the **Item** master.||||||#### Description of Columns||||||1. Calculation Type: ||| - This can be on **Net Total** (that is the sum of basic amount).||| - **On Previous Row Total / Amount** (for cumulative taxes or charges). If you select this option, the tax will be applied as a percentage of the previous row (in the tax table) amount or total.||| - **Actual** (as mentioned).|||2. Account Head: The Account ledger under which this tax will be booked|||3. Cost Center: If the tax / charge is an income (like shipping) or expense it needs to be booked against a Cost Center.|||4. Description: Description of the tax (that will be printed in invoices / quotes).|||5. Rate: Tax rate.|||6. Amount: Tax amount.|||7. Total: Cumulative total to this point.|||8. Enter Row: If based on ""Previous Row Total"" you can select the row number which will be taken as a base for this calculation (default is the previous row).|||9. Consider Tax or Charge for: In this section you can specify if the tax / charge is only for valuation (not a part of total) or only for total (does not add value to the item) or for both.|||10. Add or Deduct: Whether you want to add or deduct the tax.","نموذج ضرائب قياسي يمكن تطبيقه على جميع معاملات الشراء. يمكن أن يحتوي هذا النموذج على قائمة رؤوس الضرائب وأيضًا رؤوس المصاريف الأخرى مثل ""الشحن"" ، ""التأمين"" ، ""المناولة"" إلخ. |||||| #### ملاحظة |||||| معدل الضريبة الذي تحدده هنا سيكون معدل الضريبة القياسي لجميع ** الأصناف **. إذا كانت هناك ** أصناف ** ذات معدلات مختلفة ، فيجب إضافتها في جدول ** ضريبة الصنف ** في ** الصنف ** الرئيسي. |||||| #### وصف الأعمدة || |||| 1. نوع الحساب: ||| - يمكن أن يكون على ** Net Total ** (أي مجموع المبلغ الأساسي). ||| - ** في الصف السابق الإجمالي / المبلغ ** (للضرائب أو الرسوم المتراكمة). إذا حددت هذا الخيار ، فسيتم تطبيق الضريبة كنسبة مئوية من المبلغ أو الإجمالي للصف السابق (في جدول الضرائب). ||| - ** فعلي ** (كما ذكر) ||| 2. رئيس الحساب: دفتر الأستاذ الذي سيتم بموجبه حجز هذه الضريبة ||| 3. مركز التكلفة: إذا كانت الضريبة / الرسوم عبارة عن دخل (مثل الشحن) أو مصاريف ، فيجب حجزها مقابل مركز التكلفة. ||| 4. الوصف: وصف الضريبة (التي ستتم طباعتها في الفواتير / عروض الأسعار) ||| 5. المعدل: معدل الضريبة. ||| 6. المبلغ: مبلغ الضريبة ||| 7. المجموع: المجموع التراكمي لهذه النقطة ||| 8. أدخل الصف: إذا كان يعتمد على ""إجمالي الصف السابق"" ، يمكنك تحديد رقم الصف الذي سيتم استخدامه كأساس لهذه العملية الحسابية (الافتراضي هو الصف السابق) ||| 9. ضع في اعتبارك الضريبة أو المصاريف الخاصة بـ: في هذا القسم ، يمكنك تحديد ما إذا كانت الضريبة / الرسوم مخصصة للتقييم فقط (ليست جزءًا من الإجمالي) أو للإجمالي فقط (لا تضيف قيمة للصنف) أو لكليهما. ||| 10. الإضافة أو الحسم: سواء كنت ترغب في إضافة أو خصم الضريبة."
,ar,"Standard tax template that can be applied to all Sales Transactions. This template can contain list of tax heads and also other expense / income heads like ""Shipping"", ""Insurance"", ""Handling"" etc.||||||#### Note||||||The tax rate you define here will be the standard tax rate for all **Items**. If there are **Items** that have different rates, they must be added in the **Item Tax** table in the **Item** master.||||||#### Description of Columns||||||1. Calculation Type: ||| - This can be on **Net Total** (that is the sum of basic amount).||| - **On Previous Row Total / Amount** (for cumulative taxes or charges). If you select this option, the tax will be applied as a percentage of the previous row (in the tax table) amount or total.||| - **Actual** (as mentioned).|||2. Account Head: The Account ledger under which this tax will be booked|||3. Cost Center: If the tax / charge is an income (like shipping) or expense it needs to be booked against a Cost Center.|||4. Description: Description of the tax (that will be printed in invoices / quotes).|||5. Rate: Tax rate.|||6. Amount: Tax amount.|||7. Total: Cumulative total to this point.|||8. Enter Row: If based on ""Previous Row Total"" you can select the row number which will be taken as a base for this calculation (default is the previous row).|||9. Is this Tax included in Basic Rate?: If you check this, it means that this tax will not be shown below the item table, but will be included in the Basic Rate in your main item table. This is useful where you want give a flat price (inclusive of all taxes) price to customers.","نموذج ضرائب قياسي يمكن تطبيقه على جميع معاملات المبيعات. يمكن أن يحتوي هذا النموذج على قائمة رؤوس الضرائب وأيضًا رؤوس المصروفات / الدخل الأخرى مثل ""الشحن"" ، ""التأمين"" ، ""المناولة"" إلخ. |||||| #### ملاحظة |||||| معدل الضريبة لك التحديد هنا سيكون معدل الضريبة القياسي لجميع ** الأصناف **. إذا كانت هناك ** أصناف ** ذات معدلات مختلفة ، فيجب إضافتها في جدول ** ضريبة الصنف ** في ** الصنف ** الرئيسي. |||||| #### وصف الأعمدة || |||| 1. نوع الحساب: ||| - يمكن أن يكون على ** Net Total ** (أي مجموع المبلغ الأساسي). ||| - ** في الصف السابق الإجمالي / المبلغ ** (للضرائب أو الرسوم المتراكمة). إذا حددت هذا الخيار ، فسيتم تطبيق الضريبة كنسبة مئوية من المبلغ أو الإجمالي للصف السابق (في جدول الضرائب). ||| - ** فعلي ** (كما ذكر) ||| 2. رئيس الحساب: دفتر الأستاذ الذي سيتم بموجبه حجز هذه الضريبة ||| 3. مركز التكلفة: إذا كانت الضريبة / الرسوم عبارة عن دخل (مثل الشحن) أو مصاريف ، فيجب حجزها مقابل مركز التكلفة. ||| 4. الوصف: وصف الضريبة (التي ستتم طباعتها في الفواتير / عروض الأسعار) ||| 5. المعدل: معدل الضريبة. ||| 6. المبلغ: مبلغ الضريبة ||| 7. المجموع: المجموع التراكمي لهذه النقطة ||| 8. أدخل الصف: إذا كان يعتمد على ""إجمالي الصف السابق"" ، يمكنك تحديد رقم الصف الذي سيتم استخدامه كأساس لهذه العملية الحسابية (الافتراضي هو الصف السابق) ||| 9. هل هذه الضريبة مشمولة في السعر الأساسي؟ هذا مفيد عندما تريد إعطاء سعر ثابت للعملاء (شاملاً جميع الضرائب)."
,ar,Standard user type {0} can not be deleted.,لا يمكن حذف نوع الموظف القياسي {0}.
,ar,Start Job,ابدأ الوظيفة
,ar,Start Recording,ابدأ التسجيل
,ar,Start date: {0},تاريخ البدء: {0}
,ar,Start recording or drag & drop a previously exported data file to view it.,ابدأ التسجيل أو اسحب وأفلت ملف بيانات تم حفظه مسبقًا لعرضه.
,ar,Stock Consumed During Repair,المخزون المستهلك أثناء الإصلاح
,ar,Stock Consumption Details,تفاصيل استهلاك المخزون
,ar,Stock Entries already created for Work Order {0}: {1},تم إنشاء قيود المخزون بالفعل لأمر العمل {0}: {1}
,ar,Stock Reposting Settings,إعدادات إعادة نشر المخزون
,ar,Stock Transactions Settings,إعدادات معاملات المخزون
,ar,Stock Value ({0}) and Account Balance ({1}) are out of sync for account {2} and it's linked warehouses as on {3}.,قيمة المخزون ({0}) ورصيد الحساب ({1}) غير متزامنتين للحساب {2} والمخازن المرتبطة به كما في {3}.
,ar,Stock transactions that are older than the mentioned days cannot be modified.,لا يمكن تعديل حركات المخزون الأقدم من الأيام المذكورة.
,ar,Strip EXIF tags from uploaded images,تجريد علامات EXIF ​​من الصور التي تم تحميلها
,ar,Sub Assembly Item Code,رمز صنف التجميع الفرعي
,ar,Sub Assembly Items,أصناف التجميع الفرعي
,ar,Sub Operation,عملية فرعية
,ar,Sub Operations,العمليات الفرعية
,ar,Subcontract Order Summary,ملخص أمر التشغيل الخارجي
,ar,Subcontracting,التشغيل الخارجي
,ar,Submit Feedback,إرسال ملاحظات
,ar,Submit Invoice Automatically,إرسال الفاتورة تلقائيًا
,ar,Submit on Creation,يقدم عند الأنشاء
,ar,Submitting Review ...,إرسال مراجعة ...
,ar,Subscription Status,حالة الاشتراك
,ar,Success URI,نجاح URI
,ar,Sum of Repair Cost and Value of Consumed Stock Items.,مجموع تكلفة الإصلاح وقيمة أصناف المخزون المستهلكة.
,ar,Sum of all previous slabs,مجموع كل الشرائح السابقة
,ar,Supplied Item,الصنف المورد
,ar,Supplier Address Details,تفاصيل عنوان المورد
,ar,Supplier Contact,الاتصال بالمورد
,ar,Supplier Group Item,صنف مجموعة الموردين
,ar,Supplier Item,صنف المورد
,ar,Supplier Primary Address,عنوان المورد الأساسي
,ar,Supplier Primary Contact,جهة الاتصال الأساسية بالمورد
,ar,Supplier Warehouse mandatory for sub-contracted {0},مخزن الموردين إلزامي للتشغيل الخارجي {0}
,ar,Supplies made to Composition Taxable Persons,التوريدات المقدمة إلى الأشخاص الخاضعين للضريبة
,ar,Supplies subject to the reverse charge provision,تخضع الإمدادات لشروط الاحتساب العكسي
,ar,Surgery,جراحة
,ar,Surgical history,التاريخ الجراحي
,ar,Switch Theme,تبديل السمة
,ar,Sync Based On,تزامن على أساس
,ar,Sync Missing Old Shopify Orders,مزامنة القديمة المفقودة Shopify الطلبات
,ar,Sync Now,زامن الآن لنقل البيانات
,ar,Sync Started,بدأت المزامنة
,ar,Syncing Missing Orders,مزامنة الطلبات المفقودة
,ar,Syntax Error,خطأ في بناء الجملة
,ar,System will auto-delete Prepared Reports permanently after these many days since creation,سيقوم النظام تلقائيًا بحذف التقارير المعدة بشكل دائم بعد عدد يوم منذ الإنشاء
,ar,System will automatically create the serial numbers / batch for the Finished Good on submission of work order,سيقوم النظام تلقائيًا بإنشاء الأرقام التسلسلية / الدُفعة للسلعة النهائية عند تقديم أمر العمل
,ar,System will not check overbilling since amount for Item {0} in {1} is zero,لن يتحقق النظام من الفوترة الزائدة نظرًا لأن مبلغ الصنف {0} في {1} يساوي صفرًا
,ar,TDS Payable,TDS مستحقة الدفع
,ar,TO_TSVECTOR,TO_TSVECTOR
,ar,Table Fieldname,اسم حقل الجدول
,ar,Table Fieldname Missing,اسم حقل الجدول مفقود
,ar,Take Exact Completed Years,خذ السنوات المكتملة بالضبط
,ar,Target Warehouse is set for some items but the customer is not an internal customer.,تم تعيين المخزن المستهدف لبعض الأصناف ولكن العميل ليس عميلاً داخليًا.
,ar,Task {0} depends on Task {1}. Please add Task {1} to the Tasks list.,تعتمد المهمة {0} على المهمة {1}. الرجاء إضافة المهمة {1} إلى قائمة المهام.
,ar,Tax Breakup Table Based On HSN Code,جدول التفصيل الضريبي على أساس رمز HSN
,ar,Tax Exemption 80G Certificate,شهادة الإعفاء الضريبي 80G
,ar,Tax Exemption 80G Certificate Detail,تفاصيل شهادة الإعفاء الضريبي 80G
,ar,"Tax Liability (Advances Received) - 11A(1), 11A(2)",المسؤولية الضريبية (دفعات مقدمة) - 11 أ (1) ، 11 أ (2)
,ar,Tax Refunds provided to Tourists under the Tax Refunds for Tourists Scheme,المبالغ المستردة الضريبية المقدمة للسياح بموجب نظام استرداد الضرائب للسياح
,ar,Tax Settings,إعدادات الضرائب
,ar,Tax Withholding Category {} against Company {} for Customer {} should have Cumulative Threshold value.,يجب أن تحتوي فئة الاستقطاع الضريبي {} مقابل الشركة {} للعميل {} على قيمة حد تراكمية.
,ar,Tax category can be set on Addresses. An address can be Shipping or Billing address. Set which addres to select when applying Tax Category.,يمكن تعيين فئة الضريبة على العناوين. يمكن أن يكون العنوان هو عنوان الشحن أو الفواتير. قم بتعيين الأصناف التي سيتم تحديدها عند تطبيق فئة الضريبة.
,ar,Tax detail table fetched from item master as a string and stored in this field.|||Used for Taxes and Charges,تم جلب جدول التفاصيل الضريبية من مدير الصنف كسلسلة وتخزينه في هذا الحقل ||| يُستخدم للضرائب والرسوم
,ar,Tax will be withheld only for amount exceeding the cumulative threshold,سيتم اقتطاع الضريبة فقط للمبلغ الذي يتجاوز الحد التراكمي
,ar,TaxJar Nexus,TaxJar Nexus
,ar,Taxes Table,جدول الضرائب
,ar,Taxes and Charges Template,نموذج الضرائب والرسوم
,ar,Team,فريق
,ar,Team Members Subtitle,أعضاء الفريق الترجمة
,ar,Telephony,مكالمة تلفونية
,ar,Temperature,درجة حرارة
,ar,Temporary Against Account Number,مؤقت مقابل رقم الحساب
,ar,Territory Item,صنف التوزيع الجغرافى
,ar,Test rename new,اختبار إعادة تسمية جديد
,ar,Thank you for submitting your review,شكرا لك على تقديم مراجعة
,ar,Thank you for the review,أشكركم على المراجعة
,ar,Thank you for your valuable feedback!,شكرا لتواصلك معنا!
,ar,Thanks,شكرا
,ar,The Certificate Date is not in the Fiscal Year {0},تاريخ الشهادة ليس في السنة المالية {0}
,ar,"The Client ID obtained from the Google Cloud Console under <a href=""https://console.cloud.google.com/apis/credentials"">|||""APIs &amp; Services"" &gt; ""Credentials""|||</a>","معرّف العميل الذي تم الحصول عليه من Google Cloud Console ضمن <a href=""https://console.cloud.google.com/apis/credentials""> ||| ""واجهات برمجة التطبيقات والخدمات"" & gt؛ ""أوراق الاعتماد"" ||| </a>"
,ar,The File URL you've entered is incorrect,عنوان URL للملف الذي أدخلته غير صحيح
,ar,The Linked Item should be a service item,يجب أن يكون الصنف المرتبط صنف خدمة
,ar,"The Payment Request {0} is already paid, cannot process payment twice",تم دفع طلب الدفع {0} بالفعل ، ولا يمكن معالجة الدفع مرتين
,ar,The Sum Total of Amounts of All Selected Vouchers Should be Less than the Unallocated Amount of the Bank Transaction,يجب أن يكون المجموع الإجمالي لمبالغ جميع القسائم المحددة أقل من المبلغ غير المخصص للمعاملات البنكية
,ar,The application name will be used in the Login page.,سيتم استخدام اسم التطبيق في صفحة تسجيل الدخول.
,ar,"The browser API key obtained from the Google Cloud Console under <a href=""https://console.cloud.google.com/apis/credentials"">|||""APIs &amp; Services"" &gt; ""Credentials""|||</a>","مفتاح واجهة برمجة تطبيقات المتصفح الذي تم الحصول عليه من Google Cloud Console ضمن <a href=""https://console.cloud.google.com/apis/credentials""> ||| ""واجهات برمجة التطبيقات والخدمات"" & gt؛ ""أوراق الاعتماد"" ||| </a>"
,ar,The date on which Salary Component with Amount will contribute for Earnings/Deduction in Salary Slip.,التاريخ الذي سيساهم فيه مكون الراتب مع المبلغ في الأرباح / الخصم في قسيمة الراتب.
,ar,The days between {0} to {1} are not valid holidays.,الأيام الواقعة بين {0} و {1} ليست أيام أجازات صالحة.
,ar,"The document type selected is a child table, so the parent document type is required.",نوع المستند المحدد هو جدول فرعي ، لذا فإن نوع المستند الأصلي مطلوب.
,ar,The field {0} is mandatory,الحقل {0} إلزامي
,ar,The finished product {0} quantity {1} and For Quantity {2} cannot be different,لا يمكن أن تختلف {0} كمية {1} المنتج النهائي عن الكمية {2}
,ar,"The following Items, having Putaway Rules, could not be accomodated:",الأصناف التالية ، التي لها قواعد مجمعة ، لا يمكن استيعابها:
,ar,The fraction of Daily Salary per Leave should be between 0 and 1,يجب أن يكون جزء الراتب اليومي لكل إجازة بين 0 و 1
,ar,The input you've entered doesn't match the GSTIN format for UIN Holders or Non-Resident OIDAR Service Providers,القيد الذي أدخلته لا يتطابق مع تنسيق الرقم الضريبى لحاملي UIN أو مقدمي خدمة OIDAR غير المقيمين
,ar,The input you've entered doesn't match the format of GSTIN.,القيد الذي أدخلته لا يتطابق مع تنسيق الرقم الضريبي.
,ar,The items {0} and {1} are present in the following {2} :,الأصناف {0} و {1} موجودة في {2} التالية:
,ar,The limit has not set for the user type {0} in the site config file.,لم يتم تعيين الحد لنوع الموظف {0} في ملف تكوين الموقع.
,ar,The metrics for this report are calculated based on the Standard Working Hours. Please set {0} in {1}.,يتم حساب المقاييس الخاصة بهذا التقرير بناءً على ساعات العمل القياسية. يرجى تعيين {0} في {1}.
,ar,The operation {0} can not add multiple times,العملية {0} لا يمكن أن تضاف عدة مرات
,ar,The operation {0} can not be the sub operation,لا يمكن أن تكون العملية {0} هي العملية الفرعية
,ar,"The percentage by which you can overbill transactions. For example, if the order value is $100 for an Item and percentage here is set as 10% then you are allowed to bill for $110.",النسبة المئوية التي يمكنك من خلالها المبالغة في فواتير المعاملات. على سبيل المثال ، إذا كانت قيمة الطلب هي 100 دولار لصنف ما وتم تعيين النسبة المئوية هنا على 10٪ ، فيُسمح لك بالفوترة بمبلغ 110 دولارات.
,ar,"The percentage you are allowed to transfer more against the quantity ordered. For example, if you have ordered 100 units, and your Allowance is 10%, then you are allowed transfer 110 units.",النسبة المئوية المسموح لك بتحويلها أكثر مقابل الكمية المطلوبة. على سبيل المثال ، إذا طلبت 100 وحدة ، وكان المخصص الخاص بك 10٪ ، فيُسمح لك بنقل 110 وحدة.
,ar,"The project number obtained from Google Cloud Console under <a href=""https://console.cloud.google.com/iam-admin/settings"">|||""IAM &amp; Admin"" &gt; ""Settings""|||</a>","رقم المشروع الذي تم الحصول عليه من Google Cloud Console ضمن <a href=""https://console.cloud.google.com/iam-admin/settings""> ||| ""IAM & amp؛ Admin"" & gt؛ ""إعدادات"" ||| </a>"
,ar,The role {0} should be a custom role.,يجب أن يكون الدور {0} دورًا مخصصًا.
,ar,The selected {0} does not contain the selected Asset Item.,لا يحتوي {0} المحدد على صنف الأصل المحدد.
,ar,The serial no {0} has added multiple times in the stock entry {1},الرقم التسلسلي {0} تمت إضافته عدة مرات في قيد المخزون {1}
,ar,"The sync has started in the background, please check the {0} list for new records.",بدأت المزامنة في الخلفية ، يرجى التحقق من {0} قائمة السجلات الجديدة.
,ar,"The task has been enqueued as a background job. In case there is any issue on processing in background, the system will add a comment about the error on this Stock Reconciliation and revert to the Submitted stage",تم إدراج المهمة في قائمة الانتظار كوظيفة في الخلفية. في حالة وجود أي مشكلة في المعالجة في الخلفية ، سيقوم النظام بإضافة تعليق حول الخطأ في تسوية المخزون والعودة إلى مرحلة الإرسال
,ar,The total column width cannot be more than 10.,لا يمكن أن يكون إجمالي عرض العمود أكثر من 10.
,ar,The total number of user document types limit has been crossed.,تم تجاوز العدد الإجمالي لحد أنواع مستندات الموظف.
,ar,"The user that will be used to create Donations, Memberships, Invoices, and Payment Entries. This user should have the relevant permissions.",الموظف الذي سيتم استخدامه لإنشاء التبرعات والعضويات والفواتير وقيود الدفع. يجب أن يمتلك هذا الموظف الأذونات ذات الصلة.
,ar,"The users with this Role are allowed to create/modify a stock transaction, even though the transaction is frozen.",يُسمح للموظفين الذين لديهم هذا الدور بإنشاء / تعديل معاملة مخزون ، على الرغم من تجميد المعاملة.
,ar,The {0} {1} is used to calculate the valuation cost for the finished good {2}.,يتم استخدام {0} {1} لحساب تكلفة التقييم للسلعة النهائية {2}.
,ar,There are no upcoming events for you.,لا توجد أحداث قادمة لك.
,ar,There are not enough asset created or linked to {0}. Please create or link {1} Assets with respective document.,لا توجد أصول كافية تم إنشاؤها أو ربطها بـ {0}. يرجى إنشاء أو ربط {1} الأصول بالمستند المعني.
,ar,There aren't any item variants for the selected item,لا توجد أي متغيرات صنف للصنف المحدد
,ar,There is already a valid Lower Deduction Certificate {0} for Supplier {1} against category {2} for this time period.,توجد بالفعل شهادة خصم أقل صالحة {0} للمورد {1} مقابل الفئة {2} لهذه الفترة الزمنية.
,ar,There is no Salary Structure assigned to {0}. First assign a Salary Stucture.,لم يتم تعيين هيكل رواتب لـ {0}. قم أولاً بتعيين هيكل الراتب.
,ar,There was an error creating Bank Account while linking with Plaid.,حدث خطأ أثناء إنشاء حساب مصرفي أثناء الارتباط بـ Plaid.
,ar,There was an error syncing transactions.,حدث خطأ أثناء مزامنة المعاملات.
,ar,There was an error updating Bank Account {} while linking with Plaid.,حدث خطأ أثناء تحديث الحساب البنكي {} أثناء الارتباط بـ Plaid.
,ar,There was an issue connecting to Plaid's authentication server. Check browser console for more information,حدثت مشكلة في الاتصال بخادم مصادقة Plaid. تحقق من وحدة تحكم المتصفح لمزيد من المعلومات
,ar,There were issues unlinking payment entry {0}.,حدثت مشكلات أثناء إلغاء ربط قيد الدفع {0}.
,ar,There's no Employee with Salary Structure: {0}. Assign {1} to an Employee to preview Salary Slip,لا يوجد موظف له هيكل رواتب: {0}. قم بتعيين {1} إلى موظف لمعاينة قسيمة الراتب
,ar,"These leaves are holidays permitted by the company however, availing it is optional for an Employee.",هذه الإجازات هي إجازات تسمح بها الشركة ، ولكن الاستفادة منها اختياري للموظف.
,ar,These settings are required if 'Custom' LDAP Directory is used,"هذه الإعدادات مطلوبة إذا تم استخدام دليل LDAP ""المخصص"""
,ar,This Doctype does not contain latitude and longitude fields,لا يحتوي نوع Doctype هذا على حقول خطوط الطول والعرض
,ar,This Doctype does not contain location fields,لا يحتوي نوع Doctype هذا على حقول مواقع
,ar,This Donor Type will be set for the Donor created via Donation web form entry.,سيتم تعيين نوع المتبرع هذا للمانح الذي تم إنشاؤه عبر قيد نموذج ويب التبرع.
,ar,This company will be set for the Donations created via webhook.,سيتم تعيين هذه الشركة للتبرعات التي تم إنشاؤها عبر الويب هوك.
,ar,This company will be set for the Memberships created via webhook.,سيتم تعيين هذه الشركة للأعضاء التي تم إنشاؤها عبر webhook.
,ar,"This document is already amended, you cannot amend it again",تم تعديل هذا المستند بالفعل ، ولا يمكنك تعديله مرة أخرى
,ar,This field allows you to set the maximum number of consecutive leaves an Employee can apply for.,يسمح لك هذا الحقل بتعيين الحد الأقصى لعدد الإجازات المتتالية التي يمكن للموظف التقدم للحصول عليها.
,ar,This field allows you to set the maximum number of leaves that can be allocated annually for this Leave Type while creating the Leave Policy,يسمح لك هذا الحقل بتعيين الحد الأقصى لعدد الإجازات التي يمكن تخصيصها سنويًا لنوع الإجازة هذا أثناء إنشاء سياسة الإجازة
,ar,This field is used to set the 'Customer'.,"يستخدم هذا الحقل لتعيين ""العميل""."
,ar,This field will appear only if the fieldname defined here has value OR the rules are true (examples): |||myfield|||eval:doc.myfield=='My Value'|||eval:doc.age&gt;18,سيظهر هذا الحقل فقط إذا كان اسم الحقل المحدد هنا له قيمة أو كانت القواعد صحيحة (أمثلة): ||| myfield ||| Eval: doc.myfield == 'My Value' ||| Eval: doc.age & gt؛ 18
,ar,This filter will be applied to Journal Entry.,سيتم تطبيق هذا الفلتر على قيد دفتر اليومية.
,ar,This item filter has already been applied for the {0},تم تطبيق فلتر هذا الصنف بالفعل لـ {0}
,ar,This method can only be accessed in development,لا يمكن الوصول إلى هذه الطريقة إلا في التطوير
,ar,This option can be checked to edit the 'Posting Date' and 'Posting Time' fields.,"يمكن تحديد هذا الخيار لتعديل حقلي ""تاريخ النشر"" و ""وقت الإرسال""."
,ar,"This table is used to set details about the 'Item', 'Qty', 'Basic Rate', etc.","يستخدم هذا الجدول لتعيين تفاصيل حول ""الصنف "" ، ""الكمية"" ، ""السعر الأساسي"" ، إلخ."
,ar,This {} will be treated as material transfer.,سيتم التعامل مع هذا {} على أنه نقل مادة.
,ar,Time Taken,الوقت المستغرق
,ar,Time in Queries (ms),الوقت في الاستعلامات (مللي ثانية)
,ar,Time in mins,الوقت بالدقائق
,ar,Time in mins.,الوقت بالدقائق.
,ar,Time slot is not available,الفترة الزمنية غير متوفرة
,ar,Timeless Night,أسود ليلى
,ar,To Delivery Date,حتى تاريخ التسليم
,ar,To Order Id,لطلب رقم
,ar,To Payment Date,إلى تاريخ الدفع
,ar,"To add dynamic subject, use jinja tags like||||||<div><pre><code>New {{ doc.doctype }} #{{ doc.name }}</code></pre></div>",لإضافة موضوع ديناميكي ، استخدم علامات jinja مثل |||||| <div> <pre> <code> جديد {{doc.doctype}} # {{doc.name}} </code> </pre> </ div>
,ar,"To add dynamic subject, use jinja tags like||||||<div><pre><code>{{ doc.name }} Delivered</code></pre></div>",لإضافة موضوع ديناميكي ، استخدم علامات jinja مثل |||||| <div> <pre> <code> {{doc.name}} تم التسليم </ code> </pre> </div>
,ar,To apply for a Half Day check 'Half Day' and select the Half Day Date,"لتقديم طلب للحصول على نصف يوم حدد ""نصف يوم"" وحدد تاريخ نصف يوم"
,ar,To be Delivered to Customer,ليتم تسليمها للعميل
,ar,To cancel a {} you need to cancel the POS Closing Entry {}.,لإلغاء {} تحتاج إلى إلغاء قيد إغلاق نقطة البيع {}.
,ar,"To make material requests, 'Make Material Request for Warehouse' field is mandatory","لتقديم طلبات المواد ، يعد حقل ""إنشاء طلب المواد للمخزن"" إلزاميًا"
,ar,"To set the role {0} in the user {1}, kindly set the {2} field as {3} in one of the {4} record.",لتعيين الدور {0} في الموظف {1} ، يرجى تعيين الحقل {2} على أنه {3} في أحد سجلات {4}.
,ar,To submit the invoice without purchase order please set {0} as {1} in {2},لإرسال الفاتورة بدون أمر شراء ، يرجى تعيين {0} على {1} في {2}
,ar,To submit the invoice without purchase receipt please set {0} as {1} in {2},لإرسال الفاتورة بدون إيصال شراء ، يُرجى تعيين {0} على {1} في {2}
,ar,To(Year),إلى سنة)
,ar,To(Year) year can not be less than From(year),إلى (سنة) سنة لا يمكن أن تكون أقل من من (سنة)
,ar,Tobacco past use,التدخين في الماضي
,ar,Tobacco use,التدخين
,ar,Today is {0}'s birthday 🎉,اليوم عيد ميلاد {0} 🎉
,ar,Today {0} at our Company! 🎉,اليوم {0} في شركتنا! 🎉
,ar,Toggle Full Width,تبديل العرض الكامل
,ar,Token Cache,الرمز المخبأ
,ar,Token Type,نوع الرمز
,ar,Token URI,رمز URI
,ar,Top Center,مركز أعلى
,ar,Top Right,فوق على اليمين
,ar,Total Allocated Leave,إجمالي الإجازة المخصصة
,ar,Total Amount can not be zero,لا يمكن أن يكون المبلغ الإجمالي صفرًا
,ar,Total Billing Hours,إجمالي الساعات المفوترة
,ar,Total Deduction (Company Currency),إجمالي الخصم (عملة الشركة)
,ar,Total Hours (T),إجمالي الساعات (T)
,ar,Total Interest Paid,إجمالي الفائدة المدفوعة
,ar,Total Issues,إجمالي الأعداد
,ar,Total Item Value + Taxes - Discount is not equal to the Invoice Grand Total. Please check taxes / discounts for any correction.,إجمالي قيمة الصنف + الضرائب - الخصم لا يساوي الإجمالي الكلي للفاتورة. يرجى التحقق من الضرائب / الخصومات لأي تحرير.
,ar,Total Non-Billed Hours,إجمالي الساعات غير المفوترة
,ar,Total Operation Time,إجمالي وقت العملية
,ar,Total Penalty Paid,مجموع الغرامات المدفوعة
,ar,Total Pending Interest Amount,إجمالي مبلغ الفائدة المعلقة
,ar,Total Repair Cost,التكلفة الإجمالية للإصلاح
,ar,Total Repayment,إجمالي السداد
,ar,Total Selected Qty,إجمالي الكمية المحددة
,ar,Total Supplied Qty,إجمالي الكمية الموردة
,ar,Total Taxable Value of the items is not equal to the Invoice Net Total. Please check item taxes / discounts for any correction.,إجمالي القيمة الخاضعة للضريبة للأصناف لا يساوي صافي إجمالي الفاتورة. يرجى التحقق من ضرائب / خصومات المنتج لأي تحرير.
,ar,Total Time (in Mins),الوقت الإجمالي (بالدقائق)
,ar,Total Value,القيمة الإجمالية
,ar,Total Value of the items is not equal to the Invoice Grand Total. Please check item taxes / discounts for any correction.,القيمة الإجمالية للأصناف لا تساوي الإجمالي الكلي للفاتورة. يرجى التحقق من ضرائب / خصومات المنتج لأي تحرير.
,ar,Total allocated leaves {0} cannot be less than already approved leaves {1} for the period,إجمالي الإجازات المخصصة {0} لا يمكن أن يكون أقل من الإجازات المعتمدة بالفعل {1} للفترة
,ar,Total in words (Company Currency),الإجمالي بالكلمات (عملة الشركة)
,ar,Total salary booked against this component for this employee from the beginning of the year (payroll period or fiscal year) up to the current salary slip's end date.,إجمالي الراتب المحجوز مقابل هذا المكون لهذا الموظف من بداية السنة (فترة الرواتب أو السنة المالية) حتى تاريخ انتهاء قسيمة الراتب الحالية.
,ar,Total salary booked for this employee from the beginning of the month up to the current salary slip's end date.,إجمالي الراتب المحجوز لهذا الموظف من بداية الشهر حتى تاريخ انتهاء قسيمة الراتب الحالية.
,ar,Total salary booked for this employee from the beginning of the year (payroll period or fiscal year) up to the current salary slip's end date.,إجمالي الراتب المحجوز لهذا الموظف من بداية العام (فترة كشوف المرتبات أو السنة المالية) حتى تاريخ انتهاء قسيمة الراتب الحالية.
,ar,Total working Days Per Year,إجمالي أيام العمل في السنة
,ar,"Track if your email has been opened by the recipient.|||<br>|||Note: If you're sending to multiple recipients, even if 1 recipient reads the email, it'll be considered ""Opened""","تتبع ما إذا كان المستلم قد فتح بريدك الإلكتروني. ||| <br> ||| ملاحظة: إذا كنت ترسل إلى عدة مستلمين ، حتى إذا قرأ مستلم واحد البريد الإلكتروني ، فسيتم اعتباره ""مفتوحًا"""
,ar,Tracking Status,حالة التتبع
,ar,Tracking Status Info,تتبع معلومات الحالة
,ar,Tracking URL,تتبع URL
,ar,Transaction Deletion Record,سجل حذف المعاملة
,ar,Transaction Deletion Record Item,صنف سجل حذف المعاملة
,ar,Transaction Limit,حد الحركة
,ar,Transaction Settings,إعدادات المعاملات
,ar,Transactions Settings,إعدادات المعاملات
,ar,Transactions against the Company already exist! Chart of Accounts can only be imported for a Company with no transactions.,المعاملات مقابل الشركة موجودة بالفعل! لا يمكن استيراد مخطط الحسابات إلا لشركة بدون معاملات.
,ar,Transactions cannot be created for an Inactive Employee {0}.,لا يمكن إنشاء المعاملات لموظف غير نشط {0}.
,ar,Treatment Plan Template,نموذج خطة العلاج
,ar,Treatment Plan Template Item,صنف نموذج خطة العلاج
,ar,Treatment Plan Template Practitioner,طبيب نموذج خطة العلاج
,ar,Tweet length Must be less than 280.,يجب أن يكون طول التغريدة أقل من 280.
,ar,Tweet length must be less than 280.,يجب أن يكون طول التغريدة أقل من 280.
,ar,Twitter Error {0} : {1},خطأ Twitter {0}: {1}
,ar,Type Distribution,نوع التوزيع
,ar,Type of the new Service Unit,نوع وحدة الخدمة الجديدة
,ar,UAE VAT 201,ضريبة القيمة المضافة في الإمارات العربية المتحدة 201
,ar,UAE VAT Account,حساب ضريبة القيمة المضافة في الإمارات العربية المتحدة
,ar,UAE VAT Accounts,حسابات ضريبة القيمة المضافة في الإمارات العربية المتحدة
,ar,UAE VAT Settings,إعدادات ضريبة القيمة المضافة في الإمارات العربية المتحدة
,ar,"URIs for receiving authorization code once the user allows access, as well as failure responses. Typically a REST endpoint exposed by the Client App.|||<br>e.g. http://hostname//api/method/frappe.www.login.login_via_facebook",URIs لتلقي رمز التفويض بمجرد أن يسمح الموظف بالوصول ، وكذلك استجابات الفشل. عادةً ما يتم عرض نقطة نهاية REST بواسطة تطبيق العميل. ||| <br> على سبيل المثال ، http: //hostname//api/method/frappe.www.login.login_via_facebook
,ar,URL must start with http:// or https://,يجب أن يبدأ عنوان URL بـ http: // أو https: //
,ar,Unassigned Qty,الكمية غير المعينة
,ar,Unbilled Services,الخدمات غير المفوترة
,ar,Under Review,قيد المراجعة
,ar,Undo,تراجع
,ar,Undue Booked Interest,الفائدة المحجوزة غير المبررة
,ar,Unmarked Days is treated as {0}. You can can change this in {1},يتم التعامل مع الأيام غير المميزة على أنها {0}. يمكنك تغيير هذا في {1}
,ar,Unpublish {0}?,هل تريد إلغاء النشر {0}؟
,ar,Unrealized Profit / Loss Account,حساب الربح / الخسارة غير المحقق
,ar,Unrealized Profit / Loss account for intra-company transfers,حساب الربح / الخسارة غير المحقق للتحويلات داخل الشركة
,ar,Unreconciled Amount,المبلغ الذي لم تتم تسويته
,ar,Unreconciled Entries,قيود لم تتم تسويتها
,ar,Untracked Hours,الساعات التي لم يتم تعقبها
,ar,Untracked Hours (U),الساعات التي لم يتم تعقبها (U)
,ar,Upcoming Holidays Reminder,تذكير العطل القادمة
,ar,Update Counter,عداد التحديث
,ar,Update Counter Value for Prefix: {0},تحديث قيمة العداد للبادئة: {0}
,ar,Update E-Way Bill Cancelled Status?,هل تريد تحديث حالة إلغاء فاتورة E-Way؟
,ar,Update Existing Price List Rate,تحديث سعر قائمة الأسعار الحالية
,ar,Update Nexus List,تحديث قائمة Nexus
,ar,Update Rate as per Last Purchase,معدل التحديث حسب آخر عملية شراء
,ar,Updating Work Order status,تحديث حالة أمر العمل
,ar,Upload Bank Statement,تحميل كشف حساب بنكي
,ar,Upper Range,النطاق العلوي
,ar,Use HTML,استخدم HTML
,ar,Use different login,استخدام تسجيل دخول مختلف
,ar,Use original name for amended document,استخدم الاسم الأصلي للوثيقة المعدلة
,ar,Used Leave,إجازة مستخدمة
,ar,User Document Type,نوع مستند الموظف
,ar,User Document Types Limit Exceeded,تم تجاوز حد أنواع مستندات الموظف
,ar,User Forum,منتدى الموظف
,ar,User Group,مجموعة الموظفين
,ar,User Group Member,عضو مجموعة الموظف
,ar,User Group Members,أعضاء مجموعة الموظف
,ar,User Id Field,حقل رقم الموظف
,ar,User Id Field is mandatory in the user type {0},حقل رقم الموظف إلزامي في نوع الموظف {0}
,ar,User Select Document Type,حدد نوع المستند
,ar,User Type Module,وحدة نوع الموظف
,ar,User does not have permission to create the new {0},الموظف ليس لديه إذن لإنشاء {0} الجديد
,ar,"User exists with Email {}, Mobile {}<br>Please check email / mobile or disable 'Invite as User' to skip creating User","الموظف موجود مع البريد الإلكتروني {} ، الجوال {} <br> الرجاء التحقق من البريد الإلكتروني / الجوال أو تعطيل ""دعوة كمستخدم"" لتخطي إنشاء مستخدم"
,ar,Userinfo URI,Userinfo URI
,ar,Users with this Role are allowed to set frozen accounts and create/modify accounting entries against frozen accounts.,يُسمح للموظفين الذين لهم هذا الدور بتعيين حسابات مجمدة وإنشاء / تعديل قيود المحاسبة مقابل الحسابات المجمدة.
,ar,Users with this role are allowed to over bill above the allowance percentage,يُسمح للموظفين الذين يشغلون هذا الدور بفواتير تزيد عن نسبة البدل
,ar,Users with this role are allowed to over deliver/receive against orders above the allowance percentage,يُسمح للموظفين الذين لديهم هذا الدور بالتسليم / الاستلام مقابل الطلبات التي تزيد عن النسبة المئوية المسموح بها
,ar,Utilization,استغلال
,ar,VAT Accounts,حسابات ضريبة القيمة المضافة
,ar,VAT Amount (AED),مبلغ ضريبة القيمة المضافة (درهم)
,ar,VAT Amount (SAR),مبلغ ضريبة القيمة المضافة (ريال سعودي)
,ar,VAT Audit Report,تقرير تدقيق ضريبة القيمة المضافة
,ar,VAT on Expenses and All Other Inputs,ضريبة القيمة المضافة على المصروفات وجميع المدخلات الأخرى
,ar,VAT on Sales and All Other Outputs,ضريبة القيمة المضافة على المبيعات وجميع المخرجات الأخرى
,ar,Valuation Rate (In / Out),معدل التقييم (داخل / خارج)
,ar,Valuation rate for customer provided items has been set to zero.,تم تعيين معدل التقييم للأصناف المقدمة من العميل على صفر.
,ar,Value Based Inspection,الفحص على أساس القيمة
,ar,Value Details,تفاصيل القيمة
,ar,Value of Goods,قيمة البضائع
,ar,Value of goods cannot be 0,لا يمكن أن تكون قيمة البضائع 0
,ar,Via Landed Cost Voucher,عبر قسيمة تكلفة المشتريات
,ar,View Feedback,عرض الملاحظات
,ar,View More,عرض المزيد
,ar,View Switcher,مشاهدة ملف المحول
,ar,View all reviews,عرض جميع الاستعراضات
,ar,View in Quote,عرض في اقتباس
,ar,Visits Completed,تمت الزيارات
,ar,Voice Call Settings,إعدادات المكالمات الصوتية
,ar,Waiting for payment...,في انتظار الدفع ...
,ar,Warehouse Capacity Summary,ملخص سعة المخازن
,ar,Warehouse Capacity for Item '{0}' must be greater than the existing stock level of {1} {2}.,"يجب أن تكون سعة المخزن للصنف ""{0}"" أكبر من مستوى المخزون الحالي {1} {2}."
,ar,Warehouse {0} does not belong to Company {1}.,المخزن {0} لا ينتمي إلى الشركة {1}.
,ar,"Warehouse {0} is not linked to any account, please mention the account in the warehouse record or set default inventory account in company {1}.",المخزن {0} غير مرتبط بأي حساب ، يرجى ذكر الحساب في سجل المخزن أو تعيين حساب المخزون الافتراضي في الشركة {1}.
,ar,Warning: Updating counter may lead to document name conflicts if not done properly,تحذير: قد يؤدي تحديث العداد إلى تعارض في اسم المستند إذا لم يتم بشكل صحيح
,ar,Watch Tutorial,مشاهدة البرنامج التعليمي
,ar,Web Template is not specified,لم يتم تحديد نموذج الويب
,ar,Webhook Request Log,سجل طلب Webhook
,ar,Website Filters,مرشحات الموقع
,ar,Website Item already exists against Item {0},صنف موقع الويب موجود بالفعل مقابل الصنف {0}
,ar,Website Item already exists against {0},صنف موقع الويب موجود بالفعل مقابل {0}
,ar,Website Item {0} has been created.,تم إنشاء صنف موقع الويب {0}.
,ar,Weight (kg),الوزن (كجم)
,ar,"When checked, if user proceeds to make payment from an invoice, the system will open a Journal Entry instead of a Payment Entry.",عند تحديده ، إذا استمر الموظف في إجراء الدفع من فاتورة ، فسيفتح النظام قيد دفتر يومية بدلاً من قيد الدفع.
,ar,Why is this Candidate Qualified for this Position?,لماذا هذا الفلتر مؤهل لهذا المنصب؟
,ar,Width (cm),العرض (سم)
,ar,Will be serially suffixed to maintain uniquness. Example: 'Ward' will be named as 'Ward-####',"سيتم إلحاقه بشكل متسلسل للحفاظ على التفرد. مثال: سيتم تسمية ""Ward"" باسم ""Ward - ####"""
,ar,Wishlist,قائمة الرغبات
,ar,Wishlist is empty !,قائمة الرغبات فارغة!
,ar,Wishlist is empty!,قائمة الرغبات فارغة!
,ar,Withdrawal,انسحاب
,ar,Work Anniversaries,احتفالات الذكرى السنوية للعمل
,ar,Work Anniversary Reminder,تذكير ذكرى العمل
,ar,Work Experience Calculation method,طريقة حساب خبرة العمل
,ar,Work Order / Subcontract PO,أمر العمل / أمر شراء التشغيل الخارجي
,ar,Work Order Tree,شجرة أوامر العمل
,ar,Work References,مراجع العمل
,ar,Workspace,مساحة العمل
,ar,Workspace Chart,مخطط مساحة العمل
,ar,Workspace Link,ارتباط مساحة العمل
,ar,Workspace Shortcut,اختصار مساحة العمل
,ar,Write Off Details,شطب التفاصيل
,ar,Write Off amount cannot be greater than pending loan amount,لا يمكن أن يكون مبلغ الشطب أكبر من مبلغ القرض المعلق
,ar,Write a Review,أكتب مراجعة
,ar,Write off amount cannot be greater than pending principal amount,لا يمكن أن يكون مبلغ الشطب أكبر من المبلغ الأساسي المعلق
,ar,Written Off Amount,المبلغ المشطوب
,ar,Wrong Company,شركة خاطئة
,ar,Wrong Template,نموذج خاطئ
,ar,Year To Date,منذ بداية العام حتى اليوم
,ar,Year To Date(Company Currency),من سنة إلى تاريخ (عملة الشركة)
,ar,Years(s),سنوات (سنوات)
,ar,"Yes, Proceed",نعم ، تابع
,ar,You are not a verified customer yet. Please contact us to proceed.,أنت من العملاء الذي لم يتم التحقق منهم حتى الآن. يرجى الاتصال بنا للمضي قدما.
,ar,You are not allowed to edit the report.,لا يسمح لك لتحرير التقرير.
,ar,You are not authorized to make/edit Stock Transactions for Item {0} under warehouse {1} before this time.,غير مصرح لك بإجراء / تعديل معاملات المخزون للبند {0} تحت المخزن {1} قبل هذا الوقت.
,ar,You are not verified to write a review yet.,لم يتم التحقق لك لكتابة الاستعراض حتى الآن.
,ar,You are trying to unpledge more.,أنت تحاول إلغاء المزيد من التعهدات.
,ar,"You can add a row for a tax rule here. These rules can be applied on the net total, or can be a flat amount.",يمكنك إضافة صف لقاعدة ضريبية هنا. يمكن تطبيق هذه القواعد على الإجمالي الصافي ، أو يمكن أن تكون مبلغًا ثابتًا.
,ar,You can also copy-paste following link in your browser,يمكنك أيضًا نسخ الرابط التالي ولصقه في متصفحك
,ar,"You can claim only an amount of {0}, the rest amount {1} should be in the application as pro-rata component",يمكنك المطالبة بمبلغ {0} فقط ، ويجب أن يكون المبلغ المتبقي {1} في التطبيق كمكوِّن تناسبي
,ar,You can continue with the onboarding after exploring this page,يمكنك متابعة الإعداد بعد استكشاف هذه الصفحة
,ar,You can not define multiple slabs if you have a slab with no lower and upper limits.,لا يمكنك تحديد شرائح متعددة إذا كان لديك شريحة بدون حدود سفلية أو عليا.
,ar,You can only have one default page that extends a particular standard page.,يمكنك فقط الحصول على صفحة افتراضية واحدة تمد صفحة قياسية معينة.
,ar,You can only set the 3 custom doctypes in the Document Types table.,يمكنك فقط تعيين أنواع المستندات الثلاثة المخصصة في جدول أنواع المستندات.
,ar,You can't make any changes to Job Card since Work Order is stopped.,لا يمكنك إجراء أي تغييرات على بطاقة العمل منذ إيقاف طلب العمل.
,ar,You cannot change the rate if BOM is mentioned against any Item.,لا يمكنك تغيير السعر إذا تم ذكر قائمة مكونات الصنف مقابل أي صنف.
,ar,You cannot edit the invoice after generating IRN,لا يمكنك تحرير الفاتورة بعد إنشاء IRN
,ar,You didn't have permission to access this API,لم يكن لديك إذن للوصول إلى واجهة برمجة التطبيقات هذه
,ar,You do not have Read or Select Permissions for {},ليس لديك أذونات قراءة أو تحديد لـ {}
,ar,You have entered a duplicate Delivery Note on Row,لقد أدخلت إشعار تسليم مكررة في الصف
,ar,You have not saved any items yet.,لم تقم بحفظ أي أصناف حتى الآن.
,ar,You haven't created a {0} yet,لم تقم بإنشاء {0} حتى الآن
,ar,You hit the rate limit because of too many requests. Please try after sometime.,لقد وصلت إلى الحد الأقصى للسعر بسبب وجود عدد كبير جدًا من الطلبات. يرجى المحاولة بعد مرور بعض الوقت.
,ar,You must add atleast one credentials to be able to use E Invoicing.,يجب عليك إضافة بيانات اعتماد واحدة على الأقل لتتمكن من استخدام الفواتير الإلكترونية.
,ar,You must cancel IRN before cancelling the document.,يجب عليك إلغاء IRN قبل إلغاء المستند.
,ar,You must first use the portal to cancel the e-way bill and then update the cancelled status in the ERPNext system.,يجب عليك أولاً استخدام البوابة الإلكترونية لإلغاء فاتورة الطريق الإلكتروني ثم تحديث حالة الإلغاء في نظام ERPNext.
,ar,You must generate IRN before submitting the document.,يجب عليك إنشاء IRN قبل إرسال المستند.
,ar,You must {} your {} in order to have document id of {} length 16.,يجب أن يكون لديك {} {} رقم المستند {} بطول 16.
,ar,You need to cancel POS Closing Entry {} to be able to cancel this document.,تحتاج إلى إلغاء قيد إغلاق نقطة البيع {} لتتمكن من إلغاء هذا المستند.
,ar,You need to enable <b>Send Acknowledge Email</b> in {0},تحتاج إلى تمكين <b> إرسال بريد إلكتروني بالاستلام </ b> في {0}
,ar,You need to set <b>Debit Account</b> in {0},تحتاج إلى تعيين <b> حساب الخصم </ b> في {0}
,ar,You need to set <b>Default Company</b> for invoicing in {0},تحتاج إلى تعيين <b> الشركة الافتراضية </ b> لإعداد الفواتير في {0}
,ar,You need to set <b>Payment Account</b> for Donation in {0},تحتاج إلى تعيين <b> حساب الدفع </ b> للتبرع في {0}
,ar,You need to set <b>Payment Account</b> for Membership in {0},تحتاج إلى تعيين <b> حساب الدفع </ b> للعضوية في {0}
,ar,You need {0} permission to fetch values from {1} {2},أنت بحاجة إلى إذن {0} لجلب القيم من {1} {2}
,ar,You seem to have written your name instead of your email. Please enter a valid email address so that we can get back.,يبدو أنك كتبت اسمك بدلاً من بريدك الإلكتروني. الرجاء قيد عنوان بريد إلكتروني صالح حتى نتمكن من العودة.
,ar,Your Interview session is rescheduled from {0} {1} - {2} to {3} {4} - {5},تمت إعادة جدولة جلسة المقابلة من {0} {1} - {2} إلى {3} {4} - {5}
,ar,Your verification code is {0},رمز التحقق الخاص بك هو {0}
,ar,Zero Rated,مصنفة صفر
,ar,"[Important] [ERPNext] Razorpay donation webhook failed, please check.",[هام] [ERPNext] فشل الخطاف الإلكتروني للتبرع من Razorpay ، يرجى التحقق.
,ar,[{0}](/app/Form/Item/{0}) is out of stock,[{0}] (/ app / Form / Item / {0}) غير متوفر في المخزون
,ar,__Auth,__وثيقة
,ar,added rows for {0},تمت إضافة صفوف لـ {0}
,ar,as a percentage of finished item quantity,كنسبة مئوية من كمية الصنف النهائي
,ar,assignees,المحال إليهم
,ar,chapters/chapter_name|||leave blank automatically set after saving chapter.,chapters / Chapter_name ||| ترك فارغًا يتم تعيينه تلقائيًا بعد حفظ الفصل.
,ar,commented,علق
,ar,component,مكون
,ar,count,عدد
,ar,d,يوم
,ar,description,وصف
,ar,document id {} exceed 16 letters.,رقم المستند {} يتجاوز 16 حرفًا.
,ar,h,ساعة
,ar,in Minutes|||Updated via 'Time Log',"في دقائق ||| تم التحديث عبر ""سجل الوقت"""
,ar,in category {0},في فئة {0}
,ar,jane@example.com,jane@example.com
,ar,ldc,ldc
,ar,m,دقيقة
,ar,maximum,أقصى
,ar,modify,تعديل
,ar,name,اسم
,ar,naming series,سلسلة التسمية
,ar,nonce,nonce
,ar,on {0},في {0}
,ar,out of 5,من 5
,ar,overwrite,الكتابة فوق
,ar,performing either one below:,يؤدي أحدهما أدناه:
,ar,plain,عادي
,ar,qty,الكمية
,ar,rank,مرتبة
,ar,ratings,التقييمات
,ar,removed rows for {0},تمت إزالة الصفوف لـ {0}
,ar,s,ثانية
,ar,s256,ق 256
,ar,selected Payment Terms Template,نموذج شروط الدفع المحدد
,ar,should not,لا يجب
,ar,slots available for booking,الأوقات المتاحة للحجز
,ar,"string value, i.e. group",قيمة السلسلة ، أي المجموعة
,ar,"string value, i.e. member",قيمة السلسلة ، أي عضو
,ar,test,اختبار
,ar,this form,هذا من
,ar,to know more,لمعرفة المزيد
,ar,to unallocate the amount of this Return Invoice before cancelling it.,لإلغاء تخصيص مبلغ فاتورة الإرجاع هذه قبل إلغائها.
,ar,unique_count,فريد_كونت
,ar,wi,واي
,ar,{0} <br> This error can be due to missing or deleted field.,{0} <br> قد يكون هذا الخطأ بسبب نقص أو حذف حقل.
,ar,{0} Account not found against Customer {1}.,{0} لم يتم العثور على الحساب مقابل العميل {1}.
,ar,{0} Liked,{0} أعجبه
,ar,{0} Map,{0} خريطة
,ar,{0} Not in Stock,{0} غير متوفر
,ar,{0} Page views,{0} مشاهدات الصفحة
,ar,{0} Service Units created,{0} تم إنشاء وحدات الخدمة
,ar,{0} Updated,{0} محدث
,ar,{0} View,{0} عرض
,ar,{0} Views,{0} طرق العرض
,ar,{0} appreciation point for {1},{0} نقطة تقدير لـ {1}
,ar,{0} appreciation points for {1},{0} من نقاط التقدير لـ {1}
,ar,{0} are not valid options for Search Index Field.,{0} ليست خيارات صالحة لحقل فهرس البحث.
,ar,{0} cancelled this document,{0} ألغى هذا المستند
,ar,{0} cancelled this document {1},{0} ألغى هذا المستند {1}
,ar,{0} changed value of {1},تم تغيير {0} من قيمة {1}
,ar,{0} changed value of {1} {2},تم تغيير {0} قيمة {1} {2}
,ar,{0} changed values for {1},تم تغيير قيم {0} للموقع {1}
,ar,{0} changed values for {1} {2},تم تغيير قيم {0} لـ {1} {2}
,ar,{0} criticism point for {1},{0} نقطة نقد لـ {1}
,ar,{0} criticism points for {1},{0} نقاط النقد لـ {1}
,ar,{0} currency must be same as company's default currency. Please select another account.,يجب أن تكون عملة {0} هي العملة الافتراضية للشركة. الرجاء تحديد حساب آخر.
,ar,{0} e-invoices cancelled successfully,تم إلغاء {0} فواتير إلكترونية بنجاح
,ar,{0} e-invoices generated successfully,تم إنشاء {0} فواتير إلكترونية بنجاح
,ar,{0} filter,{0} عامل التصفية
,ar,{0} filters,{0} فلاتر
,ar,{0} gained {1} points,حصل {0} على {1} نقطة
,ar,{0} gave {1} points,أعطى {0} {1} من النقاط
,ar,{0} is mandatory for account {1},{0} إلزامي للحساب {1}
,ar,{0} is not a field of doctype {1},{0} ليس حقلاً من مجالات المستندات {1}
,ar,{0} is not a holiday.,{0} ليس أجازة.
,ar,{0} is not a valid option for Search Index Field.,{0} ليس خيارًا صالحًا لحقل فهرس البحث.
,ar,{0} is not a zip file,{0} ليس ملف مضغوط
,ar,{0} is not allowed to submit Interview Feedback for the Interview: {1},{0} غير مسموح له بإرسال ملاحظات المقابلة للمقابلة: {1}
,ar,{0} qty of Item {1} is being received into Warehouse {2} with capacity {3}.,يتم استلام {0} كمية الصنف {1} في المخزن {2} بسعة {3}.
,ar,{0} removed their assignment.,قام {0} بإزالة التكليف الخاص به.
,ar,{0} removed.,تمت إزالة {0}.
,ar,{0} removed. {1},تمت إزالة {0}. {1}
,ar,{0} reviews,{0} من المراجعات
,ar,{0} role does not have permission on any doctype,{0} ليس لديه إذن على أي مستند
,ar,{0} submission before {1} is not allowed,غير مسموح بتقديم {0} قبل {1}
,ar,{0} submitted this document,أرسل {0} هذا المستند
,ar,{0} submitted this document {1},{0} أرسل هذا المستند {1}
,ar,{0} translation pending,{0} الترجمة معلقة
,ar,{0} units of [{1}](/app/Form/Item/{1}) found in [{2}](/app/Form/Warehouse/{2}),{0} وحدات من [{1}] (/ app / Form / Item / {1}) موجودة في [{2}] (/ app / Form / Warehouse / {2})
,ar,{0} viewed,تم عرض {0}
,ar,{0} will be given as discount.,سيتم منح {0} كخصم.
,ar,{0} {1} is not in any active Fiscal Year,{0} {1} ليس في أي سنة مالية نشطة
,ar,{0} {1}: Account {2} is a Group Account and group accounts cannot be used in transactions,{0} {1}: الحساب {2} هو حساب مجموعة ولا يمكن استخدام حسابات المجموعة في المعاملات
,ar,{0} {1}: Cost Center is required for 'Profit and Loss' account {2}.,"{0} {1}: مركز التكلفة مطلوب لحساب ""الربح والخسارة"" {2}."
,ar,{0} {1}: Cost Center {2} is a group cost center and group cost centers cannot be used in transactions,{0} {1}: مركز التكلفة {2} هو مركز تكلفة جماعي ولا يمكن استخدام مراكز تكلفة المجموعة في المعاملات
,ar,{0}% of total invoice value will be given as discount.,سيتم منح {0}٪ من إجمالي قيمة الفاتورة كخصم.
,ar,{0}: {1} has fee validity till {2},{0}: {1} به رسوم صالحة حتى {2}
,ar,{2} <b>{0}</b> has submitted Assets. Remove Item <b>{1}</b> from table to continue.,قام {2} <b> {0} </b> ترحيل الأصول. قم بإزالة الصنف <b> {1} </b> من الجدول للمتابعة.
,ar,{item_name}'s Sample Size ({sample_size}) cannot be greater than the Accepted Quantity ({accepted_quantity}),لا يمكن أن يكون حجم عينة {item_name} ({sample_size}) أكبر من الكمية المقبولة ({Accept_quantity})
,ar,{} - {} now have {} as they had no outstanding amount left before submitting the Payment Entry.,{} - {} لديك الآن {} لأنه لم يتبق لديهم مبلغ مستحق قبل إرسال قيد الدفع.
,ar,{} Invalid python code on line {},{} كود Python غير صالح في السطر {}
,ar,{} Possibly invalid python code. <br>{},{} يُحتمل أن يكون رمز Python غير صالح. <br> {}
,ar,{} e-invoices cancelled successfully,تم إلغاء {} فواتير إلكترونية بنجاح
,ar,{} e-invoices generated successfully,تم إنشاء {} فواتير إلكترونية بنجاح
,ar,{} has been disabled. It can only be enabled if {} is checked.,تم تعطيل {}. يمكن تمكينه فقط إذا تم تحديد {}.
,ar,{} is a child company.,{} هي شركة فرعية.
,ar,{} is mandatory for generating E-Invoice Summary Report,{} إلزامي لإنشاء تقرير ملخص الفاتورة الإلكترونية
,ar,{} of {} {} ignored for item {} because you have {} role.,تم تجاهل {} من {} {} للصنف {} لأن لديك {} دور.
,ar,{} wants to access the following details from your account,يريد {} الوصول إلى التفاصيل التالية من حسابك
,ar,{} {} is already linked with another {},{} {} مرتبط بالفعل بـ {} آخر
,ar,🎊️🎊️ Work Anniversary Reminder 🎊️🎊️,🎊️🎊️ تذكير ذكرى العمل 🎊️🎊️
,ar,Toggle Theme,تبديل السمة
,ar,A4,A4
,ar,API Endpoint,نقطة وصولAPI
,ar,API Key,مفتاح API
,ar,Access Token,رمز وصول
,ar,Account,حساب
,ar,Accounts Manager,مدير حسابات
,ar,Accounts User,حسابات الموظفين
,ar,Action,إجراء
,ar,Actions,الإجراءات
,ar,Active,نشط
,ar,Add,إضافة
,ar,Add Comment,أضف تعليق
,ar,Add Row,اضف سطر
,ar,Address,عنوان
,ar,Address Line 2,العنوان سطر 2
,ar,Address Title,إسم العنوان
,ar,Address Type,نوع العنوان
,ar,Administrator,مدير
,ar,All Day,كل يوم
,ar,Allow Delete,السماح بالحذف
,ar,Amended From,معدل من
,ar,Amount,كمية
,ar,Applicable For,قابل للتطبيق ل
,ar,Approval Status,حالة الموافقة
,ar,Assign,تكليف
,ar,Assign To,تكليف إلى
,ar,Attachment,مرفق
,ar,Attachments,المرفقات
,ar,Author,مؤلف
,ar,Auto Repeat,تكرار تلقائي
,ar,Base URL,الرابط الأساسي
,ar,Based On,وبناء على
,ar,Beginner,مبتدئ
,ar,Billing,الفواتير
,ar,Cancel,إلغاء
,ar,Category,فئة
,ar,Category Name,اسم التصنيف
,ar,City,مدينة
,ar,City/Town,المدينة / البلدة
,ar,Client,عميل
,ar,Client ID,رمز العميل
,ar,Client Secret,سر العميل
,ar,Closed,مغلق
,ar,Code,رمز
,ar,Collapse All,دمج الجميع
,ar,Color,اللون
,ar,Company Name,اسم الشركة
,ar,Condition,الحالة
,ar,Contact,اتصال
,ar,Contact Details,تفاصيل الاتصال
,ar,Content,محتوى
,ar,Content Type,نوع المحتوى
,ar,Create,انشاء
,ar,Created By,منشئه بواسطه
,ar,Current,الحالى
,ar,Custom HTML,مخصصةHTML
,ar,Custom?,مخصص
,ar,Date Format,تنسيق التاريخ
,ar,Datetime,التاريخ والوقت
,ar,Day,يوم
,ar,Default Letter Head,رأس الصفحة الأفتراضي
,ar,Defaults,الافتراضيات
,ar,Delivery Status,حالة التسليم
,ar,Department,قسم
,ar,Details,تفاصيل
,ar,Document Name,اسم المستند
,ar,Document Status,حالة المستند
,ar,Document Type,نوع المستند
,ar,Domain,شبكة المجال
,ar,Domains,المجالات
,ar,Draft,مسودة
,ar,Edit,تحرير
,ar,Email Account,حساب البريد الإلكتروني
,ar,Email Address,البريد الالكتروني
,ar,Email ID,عنوان الايميل
,ar,Email Sent,إرسال البريد الإلكتروني
,ar,Email Template,نموذج البريد الإلكتروني
,ar,Enable,تمكين
,ar,Enabled,ممكن
,ar,End Date,تاريخ الأنتهاء
,ar,Error Code: {0},رمز الخطأ: {0}
,ar,Error Log,سجل الأخطاء
,ar,Event,حدث
,ar,Expand All,توسيع الكل
,ar,Fail,فشل
,ar,Failed,فشلت
,ar,Fax,فاكس
,ar,Feedback,إستجابة 
,ar,Female,أنثى
,ar,Field Name,اسم الحقل
,ar,Fieldname,اسم الحقل
,ar,Fields,الحقول
,ar,First Name,الاسم الأول
,ar,Frequency,تكرار
,ar,Friday,الجمعة
,ar,From,من
,ar,Full,ممتلئ
,ar,Full Name,الاسم الكامل
,ar,Further nodes can be only created under 'Group' type nodes,"يمكن إنشاء المزيد من الفروع فقط ضمن فرع نوعه ""مجموعة"""
,ar,Gender,نوع الجنس
,ar,GitHub Sync ID,رقم مزامنة جيثب
,ar,Guest,ضيف
,ar,Half Day,نصف يوم
,ar,Half Yearly,نصف سنوي
,ar,High,مستوى عالي
,ar,Hourly,باستمرار
,ar,Hub Sync ID,رقم مزامنة المحور
,ar,IP Address,عنوان IP
,ar,Image,صورة
,ar,Image View,عرض الصورة
,ar,Import Data,بيانات الاستيراد
,ar,Import Log,سجل الاستيراد
,ar,Inactive,غير نشط
,ar,Insert,إدراج
,ar,Interests,الإهتمامات او الفوائد
,ar,Introduction,مقدمة
,ar,Is Active,نشط
,ar,Is Completed,قد اكتمل
,ar,Is Default,افتراضي
,ar,Kanban Board,شريحة كانبان
,ar,Label,ملصق
,ar,Language Name,اسم اللغة
,ar,Last Name,اسم العائلة
,ar,Leaderboard,المتفوقين
,ar,Letter Head,ترئيس الصفحة
,ar,Level,المستوى
,ar,Limit,مستوي
,ar,Log,سجل
,ar,Logs,السجلات
,ar,Low,منخفض
,ar,Maintenance Manager,مدير الصيانة
,ar,Maintenance User,عضو الصيانة
,ar,Male,ذكر
,ar,Mandatory,إلزامي
,ar,Mapping,رسم الخرائط
,ar,Mapping Type,نوع رسم الخرائط
,ar,Medium,متوسط
,ar,Meeting,إجتماع
,ar,Message Examples,أمثلة رسائل
,ar,Method,طريقة
,ar,Middle Name,الاسم الأوسط
,ar,Middle Name (Optional),الاسم الأوسط (اختياري)
,ar,Monday,الاثنين
,ar,Monthly,شهريا
,ar,More,أكثر
,ar,More Information,المزيد من المعلومات
,ar,More...,المزيد...
,ar,Move,نقل
,ar,My Account,حسابي
,ar,New Address,عنوان جديد
,ar,New Contact,جهة اتصال جديدة
,ar,Next,التالي
,ar,No Data,لا توجد بيانات
,ar,No address added yet.,لم تتم إضافة أي عنوان حتى الآن.
,ar,No contacts added yet.,لم تتم إضافة أي جهات اتصال حتى الآن.
,ar,No items found.,لم يتم العثور على الأصناف.
,ar,None,لا شيء
,ar,Not Permitted,لا يسمح
,ar,Not active,غير نشطة
,ar,Notes,ملاحظات
,ar,Number,رقم
,ar,Online,متصل بالإنترنت
,ar,Operation,عملية
,ar,Options,خيارات
,ar,Other,آخر
,ar,Owner,مالك
,ar,Page Missing or Moved,الصفحة مفقودة أو تم نقلها
,ar,Parameter,المعيار
,ar,Password,كلمة السر
,ar,Payment Gateway,بوابة الدفع
,ar,Payment Gateway Name,اسم بوابة الدفع
,ar,Payments,المدفوعات
,ar,Period,فترة
,ar,Pincode,رمز Pin
,ar,Plan Name,اسم الخطة
,ar,Please enable pop-ups,يرجى تمكين النوافذ المنبثقة
,ar,Please select Company,الرجاء اختيار شركة 
,ar,Please select {0},الرجاء اختيار {0}
,ar,Please set Email Address,يرجى وضع عنوان البريد الإلكتروني
,ar,Portal,بوابة
,ar,Portal Settings,إعدادات البوابة
,ar,Preview,معاينة
,ar,Primary,أساسي
,ar,Print Format,تنسيق الطباعة
,ar,Print Settings,إعدادات الطباعة
,ar,Print taxes with zero amount,طباعة الضرائب مع مبلغ صفر
,ar,Private,خاص
,ar,Property,ممتلكات
,ar,Public,عام
,ar,Published,نشرت
,ar,Purchase Manager,مدير المشتريات
,ar,Purchase Master Manager,المدير الرئيسي للمشتريات
,ar,Purchase User,موظف المشتريات
,ar,Query Options,خيارات الاستعلام
,ar,Range,مجال
,ar,Rating,تقييم
,ar,Received,مستلمة
,ar,Recipients,المستلمين
,ar,Redirect URL,إعادة توجيه URL
,ar,Reference,مرجع
,ar,Reference Date,تاريخ المرجع 
,ar,Reference Document,مستند مرجعي
,ar,Reference Document Type,مرجع نوع المستند
,ar,Reference Owner,مرجع المالك
,ar,Reference Type,نوع المرجع
,ar,Refresh Token,تحديث رمز
,ar,Region,منطقة
,ar,Rejected,مرفوض
,ar,Reopen,إعادة فتح
,ar,Replied,رد
,ar,Report,تقرير
,ar,Report Builder,إنشاء تقرير
,ar,Report Type,نوع التقرير
,ar,Reports,تقارير
,ar,Response,الإستجابة
,ar,Role,الدور الوظيفي
,ar,Route,مسار
,ar,Sales Manager,مدير المبيعات
,ar,Sales Master Manager,المدير الرئيسي للمبيعات
,ar,Sales User,موظف المبيعات
,ar,Salutation,اللقب
,ar,Sample,عينة
,ar,Saturday,السبت
,ar,Saved,حفظ
,ar,Scan Barcode,مسح الباركود
,ar,Scheduled,مجدول
,ar,Search,البحث
,ar,Secret Key,المفتاح السري
,ar,Select,حدد
,ar,Select DocType,حدد نوع المستند
,ar,Send Now,أرسل الآن
,ar,Sent,أرسلت
,ar,Series {0} already used in {1},الترقيم المتسلسل {0} مستخدم بالفعل في {1}
,ar,Service,خدمة
,ar,Set as Default,تحديد كافتراضي
,ar,Settings,إعدادات
,ar,Shipping,الشحن
,ar,Short Name,الاسم المختصر
,ar,Slideshow,عرض الشرائح
,ar,Some information is missing,بعض المعلومات مفقود
,ar,Source,المصدر
,ar,Source Name,اسم المصدر
,ar,Standard,اساسي
,ar,Start Date,تاريخ البدء
,ar,Start Import,بدء الاستيراد
,ar,State,حالة
,ar,Stopped,توقف
,ar,Subject,موضوع
,ar,Submit,تسجيل
,ar,Successful,ناجح
,ar,Summary,ملخص
,ar,Sunday,الأحد
,ar,System Manager,مدير النظام
,ar,Target,الهدف
,ar,Task,مهمة
,ar,Tax Category,الفئة الضريبية
,ar,Test,اختبار
,ar,Thank you,شكرا
,ar,The page you are looking for is missing. This could be because it is moved or there is a typo in the link.,الصفحة التي تبحث عنها مفقودة. قد يكون هذا بسبب نقله أو وجود خطأ مطبعي في الارتباط.
,ar,Timespan,الفترة الزمنية
,ar,To,إلى
,ar,To Date,إلى تاريخ
,ar,Tools,أدوات
,ar,Traceback,Traceback
,ar,URL,رابط الانترنت
,ar,Unsubscribed,إلغاء اشتراكك
,ar,Use Sandbox,استخدام ساندبوكس
,ar,User,الموظف
,ar,User ID,رقم الموظف
,ar,Users,الموظفين
,ar,Validity,تحقق
,ar,Warning,تحذير
,ar,Website,الموقع
,ar,Website Manager,مدير الموقع
,ar,Website Settings,إعدادات الموقع
,ar,Wednesday,الأربعاء
,ar,Week,أسبوع
,ar,Weekdays,أيام الأسبوع
,ar,Weekly,الأسبوعية
,ar,Welcome email sent,رسالة الترحيب تم أرسالها
,ar,Workflow,سير العمل
,ar,You need to be logged in to access this page,تحتاج إلى تسجيل الدخول للوصول إلى هذه الصفحة
,ar,old_parent,الأصل القديم
,ar,{0} is mandatory,{0} إلزامي
,ar,to your browser,لمتصفحك
,ar,"""Company History""","""نبذة عن الشركة"""
,ar,"""Parent"" signifies the parent table in which this row must be added","يشير ""الأصل"" إلى الجدول الأصلي الذي يجب إضافة هذا الصف إليه"
,ar,"""Team Members"" or ""Management""","""أعضاء الفريق"" أو ""الإدارة"""
,ar,&lt;head > HTML,HTML
,ar,In Global Search' not allowed for type {0} in row {1},"""في البحث العام"" غير مسموح للنوع {0} في الصف {1}"
,ar,In List View' not allowed for type {0} in row {1},في عرض القائمة' غير مسموح للنوع {0} في الصف {1}
,ar,Recipients' not specified,"لم يتم تحديد ""المستلمين"""
,ar,(Ctrl + G),(كنترول + G)
,ar,** Failed: {0} to {1}: {2},** فشل: {0} إلى {1}: {2}
,ar,**Currency** Master,سجل **العملات**
,ar,0 - Draft; 1 - Submitted; 2 - Cancelled,0 - مسودّة؛ 1 - تأكيد؛ 2 - إلغاء
,ar,0 is highest,0 أعلى قيمة
,ar,1 Currency = [?] Fraction\nFor e.g. 1 USD = 100 Cent,وحدة واحدة من العملة = ؟ أجزاء صغيرة من العملة. على سبيل المثال : 1 ريال سعودي = 100 هللة.
,ar,1 comment,تعليق واحد
,ar,1 hour ago,منذ 1 ساعة
,ar,1 minute ago,منذ 1 دقيقة
,ar,1 month ago,قبل شهر
,ar,1 year ago,منذ سنة
,ar,; not allowed in condition,; غير مسموح به في حالة
,ar,"<h4>Default Template</h4>\n<p>Uses <a href=""http://jinja.pocoo.org/docs/templates/"">Jinja Templating</a> and all the fields of Address (including Custom Fields if any) will be available</p>\n<pre><code>{{ address_line1 }}&lt;br > \n{% if address_line2 %}{{ address_line2 }}&lt;br > {% endif -%}\n{{ city }}&lt;br > \n{% if state %}{{ state }}&lt;br > {% endif -%}\n{% if pincode %} PIN: {{ pincode }}&lt;br > {% endif -%}\n{{ country }}&lt;br > \n{% if phone %}Phone: {{ phone }}&lt;br > {% endif -%}\n{% if fax %}Fax: {{ fax }}&lt;br > {% endif -%}\n{% if email_id %}Email: {{ email_id }}&lt;br > {% endif -%}\n</code></pre>","<h4> افتراضي نموذج <!-- H4--> \n <p> ويستخدم <a href=""http://jinja.pocoo.org/docs/templates/""> جينجا نموذجي templating </a> وجميع مجالات عنوان ( بما في ذلك الحقول المخصصة إن وجدت) سوف تكون متاحة <!-- P--> \n &lt;قبل > &lt;كود > {{address_line1}} العلامة &amp; lt؛ BR &amp; GT؛ \n {٪ إذا address_line2٪} {{address_line2}} العلامة &amp; lt؛ BR &amp; GT؛ { ENDIF٪ -٪} \n {{مدينة}} العلامة &amp; lt؛ BR &amp; GT؛ \n {٪ إذا الدولة٪} {{دولة}} العلامة &amp; lt؛ BR &amp; GT؛ {٪ ENDIF -٪} \n {٪ إذا كان الرقم السري٪} PIN: {{الرقم السري}} العلامة &amp; lt؛ BR &amp; GT؛ {٪ ENDIF -٪} \n {{البلاد}} العلامة &amp; lt؛ BR &amp; GT؛ \n {٪ إذا كان الهاتف٪} الهاتف: {{هاتف}} العلامة &amp; lt؛ BR &amp; GT؛ { ٪ ENDIF -٪} \n {٪ إذا الفاكس٪} فاكس: {{الفاكس}} العلامة &amp; lt؛ BR &amp; GT؛ {٪ ENDIF -٪} \n {٪ إذا٪ email_id} البريد الإلكتروني: {{email_id}} العلامة &amp; lt؛ BR &amp; GT ؛ {٪ ENDIF -٪} \n <!-- الرمز--> <!-- PRE--></p></h4>"
,ar,A Lead with this Email Address should exist,يجب أن يوجد عميل محتمل بعنوان البريد الإلكتروني هذا
,ar,A list of resources which the Client App will have access to after the user allows it.<br> e.g. project,قائمة بالموارد التي سيتمكن تطبيق العميل من الوصول إليها بعد أن يسمح المستخدم بذلك. <br> على سبيل المثال مشروع
,ar,A log of request errors,سجل الاخطاء
,ar,A new account has been created for you at {0},تم إنشاء حساب جديد لك في {0}
,ar,A symbol for this currency. For e.g. $,رمز هذه العملة. $ مثلاً
,ar,A word by itself is easy to guess.,كلمة في حد ذاتها هي سهلة التخمين.
,ar,API Endpoint Args,نقطة وصول API Args
,ar,API Key cannot be regenerated,لا يمكن إعادة إنشاء مفتاح واجهة برمجة التطبيقات
,ar,API Password,API كلمة المرور
,ar,API Secret,كلمة مرور API
,ar,API Username,اسم موظف API
,ar,ASC,تصاعدي
,ar,About Us Settings,إعدادات صفحة من نحن
,ar,About Us Team Member,أعضاء فريق صفحة من نحن
,ar,Accept Payment,يوافق على الدفع
,ar,Access Key ID,رقم مفتاح الوصول
,ar,Access Token URL,رابط رمز الدخول
,ar,Action Failed,فشل الأجراء
,ar,Action Timeout (Seconds),مهلة الإجراء (ثانية)
,ar,"Actions for workflow (e.g. Approve, Cancel).","اجراءات سير العمل مثال : الموافقة,الرفض"
,ar,Active Domains,المجالات النشطة
,ar,Active Sessions,الجلسات النشطة
,ar,Activity Log,سجل النشاط
,ar,Activity log of all users.,سجل النشاط لجميع الموظفين.
,ar,Add / Manage Email Domains.,إضافة / إدارة مجالات البريد الإلكتروني.
,ar,Add / Update,إضافة / تحديث
,ar,Add A New Rule,إضافة قاعدة جديدة
,ar,Add Another Comment,إضافة تعليق آخر
,ar,Add Attachment,إضافة مرفق
,ar,Add Column,إضافة عمود
,ar,Add Contact,إضافة جهة اتصال
,ar,Add Contacts,اضف جهات اتصال
,ar,Add Filter,إضافة (فلتر)
,ar,Add Group,إضافة مجموعة
,ar,Add New Permission Rule,إضافة قاعدة صلاحيات جديدة
,ar,Add Review,إضافة مراجعة
,ar,Add Signature,إضافة التوقيع
,ar,Add Subscribers,إضافة المشتركين
,ar,Add Total Row,إضافة صف الإجمالي
,ar,Add Unsubscribe Link,إضافة رابط إلغاء الاشتراك
,ar,Add User Permissions,إضافة صلاحيات الموظف
,ar,Add a New Role,إضافة دور وظيفي جديد
,ar,Add a column,إضافة عمود
,ar,Add a comment,إضافة تعليق
,ar,Add a new section,إضافة قسم جديد
,ar,Add a tag ...,أضف إشارة ...
,ar,Add all roles,إضافة كافة الأدوار الوظيفية
,ar,Add custom forms.,إضافة نماذج مخصصة.
,ar,Add custom javascript to forms.,إضافة جافا سكريبت الى (forms)
,ar,Add fields to forms.,إضافة حقول إلى النماذج.
,ar,Add meta tags to your web pages,أضف إشارات الرقم إلى صفحات الويب الخاصة بك
,ar,Add script for Child Table,إضافة البرنامج النصي لجدول الفرع
,ar,Add to table,إضافة إلى الجدول
,ar,Add your own translations,أضف الترجمة الخاصة بك
,ar,"Added HTML in the &lt;head > section of the web page, primarily used for website verification and SEO",وأضاف HTML في القسم &lt;head > من صفحة الويب، تستخدم في المقام الأول للتحقق من الموقع وSEO
,ar,Added {0},تمت الإضافة {0}
,ar,Adding System Manager to this User as there must be atleast one System Manager,لابد من إضافة صلاحية مدير النظام لهذا الموظف حيث لابد أن يكون هناك على الأقل موظف له هذه الصلاحية
,ar,Additional Permissions,ضوابط إضافية
,ar,Address Template,نموذج العنوان
,ar,Address Title is mandatory.,إسم العنوان إلزامي.
,ar,Address and other legal information you may want to put in the footer.,العنوان وغيرها من المعلومات القانونية قد تحتاج لوضع في تذييل الصفحة.
,ar,Addresses And Contacts,العناوين و جهات الاتصال
,ar,Adds a client custom script to a DocType,إضافة برنامج نصي عميل مخصص إلى DocType
,ar,Adds a custom field to a DocType,DocType اضافة حقل خاص ل
,ar,Admin,مدير النظام 
,ar,Administrator Logged In,تسجيل دخول مدير النظام 
,ar,Administrator accessed {0} on {1} via IP Address {2}.,.{2} تسجيل دخول مدير النظام {0} بتاريخ {1} عبر العنوان
,ar,Advanced,متقدم
,ar,Advanced Control,تحكم متقدم
,ar,Advanced Search,البحث المتقدم
,ar,Align Labels to the Right,محاذاة التسميات إلى اليمين
,ar,Align Value,محاذاة القيمة
,ar,All Images attached to Website Slideshow should be public,يجب أن تكون جميع الصور الملحقة لموقع معرض الصور على العام
,ar,All customizations will be removed. Please confirm.,سيتم إزالة كافة التخصيصات. يرجى التأكيد.
,ar,"All possible Workflow States and roles of the workflow. Docstatus Options: 0 is""Saved"", 1 is ""Submitted"" and 2 is ""Cancelled""","جميع حالات سير العمل وأدوار سير العمل. خيارات حالة المستندات: 0 ""تم الحفظ"" ، و 1 ""تم الإرسال"" و 2 ""تم الإلغاء"""
,ar,All-uppercase is almost as easy to guess as all-lowercase.,جميع الأحرف الكبيرة تكون سهلة التخمين تقريبا كالأحرف الصغيرة
,ar,Allocated To,المخصصة لـ
,ar,Allow,السماح
,ar,Allow Bulk Edit,السماح بتحرير الكل
,ar,Allow Comments,السماح بالتعليقات
,ar,Allow Consecutive Login Attempts,السماح لمحاولات تسجيل الدخول المتتالية
,ar,Allow Dropbox Access,السماح بالدخول للدروب بوكس
,ar,Allow Edit,السماح بالتحرير
,ar,Allow Guest to View,السماح للزائر بالعرض
,ar,Allow Import (via Data Import Tool),السماح بالاستيراد (عبر أداة استيراد البيانات)
,ar,Allow Incomplete Forms,السماح للنماذج الغير مكتمله
,ar,Allow Login After Fail,السماح بتسجيل الدخول بعد الفشل
,ar,Allow Login using Mobile Number,السماح بتسجيل الدخول باستخدام رقم الهاتف المحمول
,ar,Allow Login using User Name,السماح بتسجيل الدخول باستخدام اسم الموظف
,ar,Allow Modules,السماح لوحدات برمجية
,ar,Allow Multiple,السماح بالتعدد
,ar,Allow Print,السماح للطباعة
,ar,Allow Print for Cancelled,السماح بالطباعة للملفات الملغية
,ar,Allow Print for Draft,السماح بالطباعة للمسودة
,ar,Allow Read On All Link Options,السماح للقراءة على كل خيارات الارتباط
,ar,Allow Rename,السماح بإعادة التسمية
,ar,Allow Roles,الصلاحيات المسموح بها
,ar,Allow Self Approval,السماح بالموافقة الذاتية
,ar,Allow approval for creator of the document,السماح بالموافقة على منشئ المستند
,ar,Allow events in timeline,السماح للأحداث في الرسم البياني الزمني
,ar,Allow in Quick Entry,السماح لأدخال سريع
,ar,Allow on Submit,السماح بالإعتماد
,ar,Allow only one session per user,السماح لجلسة واحدة فقط لكل موظف
,ar,Allow page break inside tables,السماح بفواصل الصفحات داخل الجداول
,ar,Allow saving if mandatory fields are not filled,يسمح بحفظ البيانات في حالة عدم ملئ الحقول الإلزامية
,ar,Allow user to login only after this hour (0-24),تسمح للموظف لتسجيل الدخول فقط بعد هذه الساعة (0-24)
,ar,Allow user to login only before this hour (0-24),تسمح للموظف لتسجيل الدخول فقط قبل هذه الساعة (0-24)
,ar,Allowed,السماح
,ar,Allowed In Mentions,السماح في الأشارة
,ar,"Allowing DocType, DocType. Be careful!",السماح DOCTYPE ، DOCTYPE . كن حذرا!
,ar,Already Registered,مسجل بالفعل
,ar,Also adding the dependent currency field {0},إضافة حقل العملة التابع أيضًا {0}
,ar,"Always add ""Draft"" Heading for printing draft documents","دائما إضافة ""كلمة مسودة"" عند طباعة المسودات"
,ar,Always use Account's Email Address as Sender,استخدم دائماً حساب البريد الألكتروني كمرسل
,ar,Always use Account's Name as Sender's Name,استخدم دائمًا اسم الحساب كاسم المرسل
,ar,Amend,تعديل
,ar,Amending,التعديل
,ar,Amount Based On Field,المبلغ على أساس الحقل
,ar,Amount Field,حقل المبلغ
,ar,Amount must be greater than 0.,يجب أن تكون كمية أكبر من 0.
,ar,An error occured during the payment process. Please contact us.,حدث خطأ أثناء عملية الدفع. الرجاء التواصل معنا.
,ar,An icon file with .ico extension. Should be 16 x 16 px. Generated using a favicon generator. [favicon-generator.org],ملف أيقونة بصيغة ico. يجب أن تكون 16 × 16 بكسل. تم إنشاؤها باستخدام مولد أيقونات. [favicon-generator.org]
,ar,Ancestors Of,أجداد
,ar,Another transaction is blocking this one. Please try again in a few seconds.,هناك معاملة أخرى تمنع هذا. يرجى المحاولة مرة أخرى في بضع ثوان.
,ar,"Another {0} with name {1} exists, select another name",آخر {0} مع اسم {1} موجودا، حدد اسم آخر
,ar,Any string-based printer languages can be used. Writing raw commands requires knowledge of the printer's native language provided by the printer manufacturer. Please refer to the developer manual provided by the printer manufacturer on how to write their native commands. These commands are rendered on the server side using the Jinja Templating Language.,يمكن استخدام أي لغات طابعة قائمة على السلسلة. تتطلب كتابة الأوامر الأولية معرفة اللغة الأصلية للطابعة التي توفرها الشركة المصنعة للطابعة. يرجى الرجوع إلى دليل المطور المقدم من قبل الشركة المصنعة للطابعة حول كيفية كتابة أوامرهم الأصلية. يتم تقديم هذه الأوامر على جانب الخادم باستخدام لغة قالب Jinja.
,ar,"Apart from System Manager, roles with Set User Permissions right can set permissions for other users for that Document Type.",بصرف النظر عن مدير النظام ، مجموعة الأدوار الوظيفية وصلاحيات الموظف يمكن تعيينها لموظفين اخرين لنفس نوع المستند .
,ar,Api Access,الوصول إلى Api
,ar,App,تطبيق
,ar,App Access Key,مفتاح وصول التطبيق
,ar,App Client ID,هوية العميل للتطبيق
,ar,App Client Secret,كلمة مرور التطبيق الثانوي
,ar,App Name,اسم التطبيق
,ar,App Secret Key,المفتاح السري للتطبيق
,ar,App not found,لم يتم العثور على التطبيق
,ar,App {0} already installed,التطبيق {0} مثبت مسبقا
,ar,App {0} is not installed,لم يتم تثبيت التطبيق {0}
,ar,Append To,إلحاق لـ
,ar,Append To can be one of {0},إلحاق يمكن أن يكون واحدا من {0}
,ar,Append To is mandatory for incoming mails,إلحاق إلزامي لرسائل واردة
,ar,"Append as communication against this DocType (must have fields, ""Status"", ""Subject"")","إضافة كإتصال ضد نوع المستند ( يجب أن يتضمن على الحقول ، ""الحالة"" ، ""الموضوع"")"
,ar,Applicable Document Types,أنواع المستندات القابلة للتطبيق
,ar,Apply,تطبيق
,ar,Apply Strict User Permissions,تطبيق صلاحيات الموظف المحدودة
,ar,Apply To All Document Types,تنطبق على جميع أنواع المستندات
,ar,Apply this rule if the User is the Owner,تطبيق هذا الحكم إذا كان الموظف هو مالك
,ar,Apply to all Documents Types,تنطبق على جميع أنواع المستندات
,ar,Appreciate,يقدر
,ar,Appreciation,تقدير
,ar,Archive,أرشيف
,ar,Archived,أرشفة
,ar,Archived Columns,أعمدة من الأرشيف
,ar,Are you sure you want to delete the attachment?,هل أنت متأكد أنك تريد حذف المرفق؟
,ar,Are you sure you want to relink this communication to {0}?,هل أنت متأكد أنك تريد إعادة ربط هذه الاتصالات إلى {0}؟
,ar,Are you sure?,هل أنت واثق؟
,ar,Arial,Arial
,ar,"As a best practice, do not assign the same set of permission rule to different Roles. Instead, set multiple Roles to the same User.",كأفضل ممارسة ، لا تقم بتعيين نفس مجموعة قواعد الإذن لأدوار مختلفة. بدلاً من ذلك ، قم بتعيين أدوار متعددة لنفس الموظف
,ar,Assign Condition,شرط التكليف
,ar,Assign To Users,تكليف للموظفين
,ar,"Assign one by one, in sequence",تكليف واحد تلو الآخر ، في التسلسل
,ar,Assign to me,تكليف لي
,ar,Assign to the one who has the least assignments,كلف الشخص الذي لديه أقل المهام
,ar,Assigned,تم التكليف
,ar,Assigned By,تكليف بواسطة
,ar,Assigned By Full Name,تكليف بواسطة الاسم كامل
,ar,Assigned By Me,تكليف مني
,ar,Assigned To,كلف إلى
,ar,Assigned To/Owner,تكليف لـ / المالك
,ar,Assignment,تكليف
,ar,Assignment Complete,تم التكليف 
,ar,Assignment Completed,تم إنجاز التكليف
,ar,Assignment Rule,قاعدة التكليف
,ar,Assignment Rule User,موظف قاعدة التكليف
,ar,Assignment Rules,قواعد التكليف
,ar,Assignment closed by {0},التكليف مغلق من قبل {0}
,ar,Assignment for {0} {1},تكليف لـ {0} {1}
,ar,Atleast one field of Parent Document Type is mandatory,"على الأقل حقل واحد من ""نوع المستند الأصل"" إلزامي"
,ar,Attach,إرفاق
,ar,Attach Document Print,إرفاق طباعة المستند
,ar,Attach Image,إرفاق صورة
,ar,Attach Print,إرفق طباعة
,ar,Attach Your Picture,إرفاق صورتك
,ar,Attach file for Import,إرفاق ملف للاستيراد
,ar,Attach files / urls and add in table.,إرفاق الملفات / عناوين واضافة في الجدول.
,ar,Attached To DocType,مرفق بDocType
,ar,Attached To Field,مرفق إلى الحقل
,ar,Attached To Name,أرفقت للأسم
,ar,Attachment Limit (MB),الحد مرفق (MB)
,ar,Attachment Removed,تم حذف المرفق
,ar,Attempting Connection to QZ Tray...,محاولة الاتصال بـ QZ Tray ...
,ar,Attempting to launch QZ Tray...,محاولة إطلاق QZ Tray ...
,ar,Auth URL Data,بيانات عنوان المصادقة
,ar,Authenticating...,مصادقة ...
,ar,Authentication,المصادقة
,ar,Authentication Apps you can use are:,تطبيقات المصادقة التي يمكنك استخدامها هي:
,ar,Authentication Credentials,بيانات اعتماد المصادقة
,ar,Authorization Code,رمز المصادقة
,ar,Authorize URL,مصادقة عنوان URL
,ar,Authorized,تمت المصادقة
,ar,Auto,تلقائى
,ar,Auto Email Report,ارسال التقارير عبر البريد الالكتروني الياً
,ar,Auto Name,الإسم التلقائي
,ar,Auto Reply Message,رد تلقائي على الرسائل
,ar,Auto assignment failed: {0},فشل التكليف التلقائي: {0}
,ar,Automatically Assign Documents to Users,تكليف المستندات تلقائيًا للموظفين
,ar,Automation,التشغيل الآلي
,ar,Avatar,الصورة الرمزية
,ar,Average,متوسط
,ar,Average of {0},متوسط {0}
,ar,Avoid dates and years that are associated with you.,تجنب التواريخ والسنوات التي ترتبط معك.
,ar,Avoid recent years.,تجنب السنوات الأخيرة.
,ar,Avoid sequences like abc or 6543 as they are easy to guess,تجنب تسلسل مثل abc أو 6543 كما أنها سهلة لتخمين
,ar,Avoid years that are associated with you.,تجنب السنوات التي ترتبط معك.
,ar,Awaiting Password,في انتظار كلمة المرور
,ar,Away,بالخارج
,ar,BCC,BCC
,ar,Back to Desk,العودة الى المكتب
,ar,Back to Login,العودة إلى تسجيل الدخول
,ar,Background Color,لون الخلفية
,ar,Background Email Queue,قائمة معالجة البريد الإلكتروني
,ar,Background Jobs,قائمة المهام التى تعمل فى الخلفية
,ar,Background Workers,قائمة العمليات
,ar,Backup,النسخ الاحتياطي
,ar,Backup Frequency,معدل النسخ الاحتياطي
,ar,Backup Limit,الحد الاحتياطي
,ar,Backup job is already queued. You will receive an email with the download link,وظيفة النسخ الاحتياطي بالفعل في قائمة الانتظار. سوف تتلقى رسالة بريد إلكتروني مع رابط التحميل
,ar,Backups,النسخ الاحتياطية
,ar,Banner,االبانر
,ar,Banner HTML,البانر HTML
,ar,Banner Image,البانر صورة
,ar,Banner is above the Top Menu Bar.,بانر فوق أعلى شريط القوائم.
,ar,Bar,شريط
,ar,Base Distinguished Name (DN),قاعدة الاسم المميز (DN)
,ar,Based on Permissions For User,اعتماداً على صلاحيات الموظف
,ar,Beta,تجريبى
,ar,Better add a few more letters or another word,من الأفضل إضافة بضعة أحرف أو كلمة أخرى
,ar,Between,ما بين
,ar,Bio,السيرة الذاتية
,ar,Birth Date,تاريخ الميلاد
,ar,Block Module,وحدة برمجية
,ar,Block Modules,وحدات برمجية
,ar,Blocked,محجوب
,ar,Blog,مدونة
,ar,Blog Category,تصنيف المدونة
,ar,Blog Intro,بدايه المدونه
,ar,Blog Introduction,مقدمة المدونه
,ar,Blog Post,منشور المدونه
,ar,Blog Settings,إعدادات المدونه
,ar,Blog Title,عنوان المدونه
,ar,Blogger,مدون
,ar,Bot,آلي
,ar,Both DocType and Name required,كلا DOCTYPE واسم المطلوبة
,ar,Both login and password required,كل من تسجيل الدخول وكلمة المرور المطلوبة
,ar,Bounced,وثب
,ar,Braintree Settings,إعدادات Braintree
,ar,Braintree payment gateway settings,إعدادات بوابة الدفع Braintree
,ar,Brand HTML,العلامة التجارية HTML
,ar,Brand Image,صورة العلامة التجارية
,ar,Breadcrumbs,مسار التصفح
,ar,Browser not supported,المتصفح غير مدعوم
,ar,Brute Force Security,القوة الغاشمة للأمن
,ar,Build Report,بناء تقرير
,ar,Bulk Delete,حذف بالجملة
,ar,Bulk Edit {0},تحرير بالجمله {0}
,ar,Bulk Rename,إعادة تسمية بالجمله
,ar,Bulk Update,تحديث بالجمله
,ar,Busy,مشغول
,ar,Button,زر
,ar,Button Help,زر المساعدة
,ar,Button Label,زر ملصق
,ar,Bypass Two Factor Auth for users who login from restricted IP Address,تجاوز مصادقة العامل الثاني للموظفين الذين يقومون بتسجيل الدخول من عنوان IP المقيد
,ar,Bypass restricted IP Address check If Two Factor Auth Enabled,تحقق من تجاوز عنوان IP المقيد إذا تم تمكين المصادقة الثنائية
,ar,CC,نسخة
,ar,"CC, BCC & Email Template",CC ، BCC والبريد الإلكتروني نموذج
,ar,CSS,CSS
,ar,CSV,CSV
,ar,Cache Cleared,تحديث الصفحة
,ar,Calculate,إحسب
,ar,Calendar Name,اسم التقويم
,ar,Calendar View,عرض التقويم
,ar,Call,أتصال
,ar,Can Read,يمكنه القراءة
,ar,Can Share,يمكن مشاركة
,ar,Can Write,يمكن كتابة
,ar,Can't identify open {0}. Try something else.,لا يمكن تحديد {0} المفتوح. جرب شيئا آخر.
,ar,Can't save the form as data import is in progress.,لا يمكن حفظ النموذج اثناء استيراد البيانات.
,ar,Cancel {0} documents?,إلغاء {0} مستندات؟
,ar,Cancelled Document restored as Draft,تم استعادة المستند الملغى كمسودة
,ar,Cancelling,إلغاء
,ar,Cancelling {0},الغاء {0}
,ar,Cannot Remove,لا يمكن إزالة
,ar,Cannot cancel before submitting. See Transition {0},لا يمكن الإلغاء قبل الإرسال. شاهد الانتقال {0}
,ar,Cannot change docstatus from 0 to 2,لا يمكن تغيير docstatus 0-2
,ar,Cannot change docstatus from 1 to 0,لا يمكن تغيير docstatus من 1 إلى 0
,ar,Cannot change header content,لا يمكن تغيير محتوى الرأس
,ar,Cannot change state of Cancelled Document. Transition row {0},لا يمكن تغيير حالة المستند ملغاة .
,ar,Cannot change user details in demo. Please signup for a new account at https://erpnext.com,لا يمكن تغيير تفاصيل الموظف في العرض التوضيحي. يرجى الاشتراك للحصول على حساب جديد في https://erpnext.com
,ar,Cannot create a {0} against a child document: {1},لا يمكن إنشاء {0} ضد مستند فرع: {1}
,ar,Cannot delete Home and Attachments folders,لا يمكن حذف المجلدات الرئيسية والمرفقات
,ar,Cannot delete file as it belongs to {0} {1} for which you do not have permissions,لا يمكن حذف الملف لأنه ينتمي إلى {0} {1} الذي ليس لديك صلاحيات
,ar,Cannot delete or cancel because {0} {1} is linked with {2} {3} {4},لا يمكن حذف أو إلغاء لأن {0} {1} مرتبط مع {2} {3} {4}
,ar,Cannot delete standard field. You can hide it if you want,لا يمكنك حذف الحقول القياسية. يمكنك إخفاءها فقط إذا كنت تريد
,ar,Cannot delete {0},لا يمكن حذف {0}
,ar,Cannot delete {0} as it has child nodes,لا يمكن حذف {0} لأن لديها فروع تابعة
,ar,"Cannot edit Standard Notification. To edit, please disable this and duplicate it",لا يمكن تحرير الإشعار القياسي. للتحرير ، يرجى تعطيله وتكراره
,ar,Cannot edit a standard report. Please duplicate and create a new report,لا يمكنك التحرير على التقارير القياسية. يرجى نسخ التقريرالقياسي و التحرير على النسخة الجديدة
,ar,Cannot edit cancelled document,لا يمكنك التحرير على مستند ملغية
,ar,Cannot edit standard fields,لا تستطيع تحرير الحقول القياسية
,ar,Cannot have multiple printers mapped to a single print format.,لا يمكن تعيين طابعات متعددة على تنسيق طباعة واحد.
,ar,Cannot link cancelled document: {0},لا يمكن ربط المستند الملغي: {0}
,ar,Cannot map because following condition fails:,لا يمكن تعيين بسبب فشل الشرط التالي:
,ar,Cannot move row,لا يمكن نقل الصف
,ar,Cannot open instance when its {0} is open,لا يمكن فتح المثيل عندما يكون {0} مفتوحًا
,ar,Cannot open {0} when its instance is open,لا يمكن فتح {0} عندما مثيل لها مفتوح
,ar,Cannot remove ID field,لا يمكن إزالة رقم الحقل
,ar,Cannot set Notification on Document Type {0},لا يمكن تعيين الأشعار على نوع المستند {0}
,ar,Cannot update {0},لا يمكن تحديث {0}
,ar,Cannot use sub-query in order by,لا يمكن استخدام أمر البحث الفرعي بالترتيب
,ar,Cannot {0} {1},لا يمكن {0} {1}
,ar,Capitalization doesn't help very much.,لا تساعد الكتابة بالأحرف الكبيرة كثيرًا.
,ar,Card Details,معلومات البطاقة
,ar,Categorize blog posts.,تصنيف تدوينات المدونة
,ar,Category Description,وصف الفئة
,ar,Cent,سنت
,ar,"Certain documents, like an Invoice, should not be changed once final. The final state for such documents is called Submitted. You can restrict which roles can Submit.",يجب عدم تغيير مستندات معينة ، مثل الفاتورة ، مرة واحدة نهائية. الحالة النهائية لمثل هذه المستندات تسمى مُرسلة. يمكنك تقييد الأدوار التي يمكن إرسالها.
,ar,Chain Integrity,توافق السلسلة
,ar,Chaining Hash,تسلسل هاش
,ar,Change Label (via Custom Translation),تغيير التسمية (عبر الترجمة المخصصة)
,ar,Change Password,تغيير كلمة المرور
,ar,"Change field properties (hide, readonly, permission etc.)",تغيير خصائص الحقل (إخفاء ، للقراءة فقط ، صلاحية الخ )
,ar,Channel,قناة
,ar,Chart Name,اسم الرسم البياني
,ar,Chart Options,خيارات الرسم البياني
,ar,Chart Source,مصدر الرسم البياني
,ar,Chart Type,نوع الرسم البياني
,ar,Charts,الرسوم البيانية
,ar,Chat,الدردشة
,ar,Chat Background,دردشة الخلفية
,ar,Chat Message,دردشة رسالة
,ar,Chat Operators,مشغلي الدردشة
,ar,Chat Profile,دردشة الملف الشخصي
,ar,Chat Profile for User {0} exists.,الملف الشخصي لدردشة الموظف {0} موجود.
,ar,Chat Room,غرفة الدردشة
,ar,Chat Room Name,اسم غرفة الدردشة
,ar,Chat Room User,غرفة دردشة الموظف
,ar,Chat Token,رمز الدردشة
,ar,Chat Type,نوع الدردشة
,ar,Chat messages and other notifications.,.رسائل الدردشة والأشعارات الأخرى
,ar,Check,التحقق من
,ar,Check Request URL,تحقق من عنوان الرابط المطلوب
,ar,"Check columns to select, drag to set order.",تحقق الأعمدة لتحديد، اسحب لضبط الترتيب.
,ar,Check this if you are testing your payment using the Sandbox API,تحقق من ذلك إذا كنت تختبر دفعتك باستخدام واجهة برمجة تطبيقات ساندبوكس
,ar,Check this to pull emails from your mailbox,التحقق من ذلك لسحب رسائل البريد الإلكتروني من صندوق البريد
,ar,Check which Documents are readable by a User,تحقق من المستندات التي يمكن للموظف قراءتها
,ar,Checking one moment,لحظة واحدة جارى الفحص
,ar,Checksum Version,نسخة اختبارية
,ar,Child Table Mapping,تعيين الجدول الفرعي
,ar,Child Tables are shown as a Grid in other DocTypes,يتم عرض الجداول الفرعية كشبكة في DocTypes الأخرى
,ar,Choose authentication method to be used by all users,اختر طريقة المصادقة لاستخدامها من قبل جميع الموظفين
,ar,Clear Error Logs,مسح سجلات الاخطاء
,ar,Clear User Permissions,مسح صلاحيات الموظف
,ar,Clear all roles,مسح كافة الأدوار الوظيفية
,ar,"Clearing end date, as it cannot be in the past for published pages.",تاريخ انتهاء المقاصة ، حيث لا يمكن أن يكون في الماضي للصفحات المنشورة.
,ar,Click here to post bugs and suggestions,انقر هنا لنشر الأخطاء والاقتراحات
,ar,Click here to verify,انقر هنا للتأكيد
,ar,Click on the link below to complete your registration and set a new password,انقر على الرابط أدناه لإكمال التسجيل وتعيين كلمة مرور جديدة
,ar,Click on the link below to download your data,انقر على الرابط أدناه لتنزيل بياناتك
,ar,Click on the link below to verify your request,انقر على الرابط أدناه للتحقق من طلبك
,ar,Click table to edit,انقر الجدول لتحرير
,ar,Click to Set Filters,انقر لضبط الفلاتر
,ar,Clicked,النقر
,ar,Client Credentials,مستندات تفويض العميل
,ar,Client Information,معلومات العميل
,ar,Client Script,العميل النصي
,ar,Client URLs,الروابط للعميل
,ar,Client side script extensions in Javascript,ملحقات النصي جانب العميل في جافا سكريبت
,ar,Collapsible,ضم
,ar,Collapsible Depends On,الضم يعتمد على
,ar,Column,عمود
,ar,Column <b>{0}</b> already exist.,عمود <b>{0}</b> موجودة بالفعل.
,ar,Column Break,فاصل عمودي
,ar,Column Labels:,تسميات العمود:
,ar,Column Name,اسم العمود
,ar,Column Name cannot be empty,اسم العمود لا يمكن أن يكون فارغا
,ar,Columns,الأعمدة
,ar,Columns based on,أعمدة بناء على
,ar,Combination of Grant Type (<code>{0}</code>) and Response Type (<code>{1}</code>) not allowed,الجمع بين نوع المنحة ( <code>{0}</code> ) ونوع الاستجابة ( <code>{1}</code> ) غير مسموح به
,ar,Comment By,تعليق من جانب
,ar,Comment Email,تعليق البريد الإلكتروني
,ar,Comment Type,تعليق نوع
,ar,Comment can only be edited by the owner,لا يمكن تحرير التعليق إلا بواسطة المالك
,ar,Commented on {0}: {1},علق على {0}: {1}
,ar,Comments and Communications will be associated with this linked document,سيتم ربط التعليقات والاتصالات بهذا المستند المرتبط
,ar,Comments cannot have links or email addresses,لا يمكن أن تحتوي التعليقات على روابط أو عناوين بريد إلكتروني
,ar,Common names and surnames are easy to guess.,الأسماء الشائعة والألقاب سهلة التخمين.
,ar,Communicated via {0} on {1}: {2},ترسل عن طريق {0} على {1}: {2}
,ar,Communication Type,نوع الإتصال
,ar,Company History,نبذة عن تاريخ الشركة
,ar,Company Introduction,مقدمة الشركة
,ar,Compiled Successfully,جمعت بنجاح
,ar,Complete By,اكتمل بواسطة
,ar,Complete Registration,أكمال التسجيل
,ar,Complete Setup,أكمال الإعداد
,ar,Completed By,اكتمل بواسطة
,ar,Compose Email,كتابة رسالة الكترونية
,ar,Condition Detail,حالة التفاصيل
,ar,Conditions,الشروط
,ar,Configure Chart,تكوين الرسم البياني
,ar,Configure Charts,تكوين الروسم البيانية
,ar,Confirm,تأكيد
,ar,Confirm Deletion of Data,تأكيد حذف البيانات
,ar,Confirm Request,تأكيد الأمر
,ar,Confirm Your Email,تأكيد البريد الإلكتروني الخاص بك
,ar,Confirmed,مؤكد
,ar,Connected to QZ Tray!,متصلا علبة QZ!
,ar,Connection Name,اسم الاتصال
,ar,Connection Success,نجاح الاتصال
,ar,Connection lost. Some features might not work.,فقد الاتصال، بعض الميزات قد لا تعمل.
,ar,Connector Name,اسم الموصل
,ar,Connector Type,نوع الموصل
,ar,Contact Us Settings,إعدادات الاتصال بنا
,ar,"Contact options, like ""Sales Query, Support Query"" etc each on a new line or separated by commas.","خيارات الاتصال ، مثل ""استعلام المبيعات واستعلام الدعم"" وما إلى ذلك في سطر جديد أو مفصولة بفاصلات."
,ar,Contacts,اتصالات
,ar,Content (HTML),المحتوى (HTML)
,ar,Content (Markdown),المحتوى (تخفيض )
,ar,Content Hash,تجزئة المحتوى
,ar,Content web page.,محتوى الويب الصفحة.
,ar,Conversation Tones,نغمات المحادثة
,ar,Copyright,حق النشر
,ar,Core,جوهر
,ar,Core DocTypes cannot be customized.,لا يمكن تخصيص DocTypes الأساسية.
,ar,Could not connect to outgoing email server,لا يمكن الاتصال بخادم البريد الإلكتروني المنتهية الصادر
,ar,Could not find {0},لا يمكن أن تجد {0}
,ar,Could not find {0} in {1},لا يمكن أن تجد {0} في {1}
,ar,Could not identify {0},لا يمكن تحديد {0}
,ar,Count,عدد
,ar,Country Name,اسم الدولة
,ar,County,محافظة
,ar,Create Chart,إنشاء رسم بياني
,ar,Create New,انشاء جديد
,ar,Create Post,انشاء وظيفة
,ar,Create User Email,انشاء بريد إلكتروني
,ar,Create a New Format,انشاء صيغة جديد
,ar,Create a new record,إنشاء سجل جديد
,ar,Create a new {0},انشاء جديد {0}
,ar,Create and Send Newsletters,إنشاء وإرسال النشرات الإخبارية
,ar,Create and manage newsletter,استحداث وإدارة نشرة إخبارية
,ar,Created,أنشأ
,ar,Created Custom Field {0} in {1},إنشاء الحقل المخصص {0} في {1}
,ar,Created On,منشئه في
,ar,Criticism,خصم
,ar,Criticize,يخصم
,ar,Ctrl + Down,CTRL + Down
,ar,Ctrl + Up,CTRL + Up
,ar,Ctrl+Enter to add comment,على Ctrl + Enter لإضافة تعليق
,ar,Currency Name,اسم العملة
,ar,Currency Precision,فكة العملة
,ar,Current Mapping,التخطيط الحالي
,ar,Current Mapping Action,إجراء رسم الخرائط الحالي
,ar,Current Mapping Delete Start,جار تعيين الخريطة الحالية
,ar,Current Mapping Start,بدء تعيين الخرائط الحالية
,ar,Current Mapping Type,نوع التعيين الحالي
,ar,Currently Viewing,يطلع عليها حاليا
,ar,Currently updating {0},جار تحديث {0}
,ar,Custom,مخصص
,ar,Custom Base URL,عنوان URL لقاعدة مخصصة
,ar,Custom CSS,مخصصة CSS
,ar,Custom DocPerm,DocPerm مخصص
,ar,Custom Field,حقل مخصص
,ar,Custom Fields can only be added to a standard DocType.,يمكن إضافة الحقول المخصصة فقط إلى نوع DocType قياسي.
,ar,Custom Fields cannot be added to core DocTypes.,لا يمكن إضافة الحقول المخصصة إلى DocTypes الأساسية.
,ar,Custom Format,تنسيق مخصص
,ar,Custom HTML Help,مخصصةHTML مساعدة
,ar,Custom JS,مخصصة JS
,ar,Custom Menu Items,قائمة مخصصة أصناف
,ar,Custom Report,تقرير مخصص
,ar,Custom Reports,تقارير مخصصة
,ar,Custom Role,تخصيص الدور الوظيفي
,ar,Custom Script,نص مخصص
,ar,Custom Sidebar Menu,قائمة الشريط الجانبي المخصص
,ar,Custom Translations,ترجمة مخصصة
,ar,Customization,التخصيص
,ar,Customizations Reset,إعادة تعيين التخصيصات
,ar,Customizations for <b>{0}</b> exported to:<br>{1},تم تصدير التخصيصات ل <b>{0}</b> إلى: <br> {1}
,ar,Customize Form,تخصيص نموذج
,ar,Customize Form Field,تخصيص حقل نموذج
,ar,"Customize Label, Print Hide, Default etc.",تخصيص تسمية، إخفاء طباعة، الخ الافتراضي
,ar,Customize...,يخصص ...
,ar,"Customized Formats for Printing, Email",تنسيقات مخصصة للطباعة البريد الإلكتروني
,ar,Customized HTML Templates for printing transactions.,نماذج HTML مخصصة لطباعة المعاملات
,ar,Cut,قص
,ar,DESC,تنازلي
,ar,Daily Event Digest is sent for Calendar Events where reminders are set.,يتم إرسال ملخص الأحداث اليومي لأحداث التقويم المطلوب لها تذكير
,ar,Danger,تحذير
,ar,Dark Color,لون غامق
,ar,Dashboard Chart,رسم بياني لوحة المعلومات
,ar,Dashboard Chart Link,ارتباط الرسم البياني للوحة المعلومات
,ar,Dashboard Chart Source,مصدر رسم بياني لوحة المعلومات
,ar,Dashboard Name,اسم لوحة المعلومات
,ar,Dashboards,لوحة المعلومات
,ar,Data,البيانات
,ar,Data Export,تصدير البيانات
,ar,Data Import,استيراد البيانات
,ar,Data Import Template,نموذج ادخال البيانات
,ar,Data Migration,دمج البيانات
,ar,Data Migration Connector,موصل دمج البيانات
,ar,Data Migration Mapping,تعيين دمج البيانات
,ar,Data Migration Mapping Detail,بيانات دمج بيانات التفاصيل
,ar,Data Migration Plan,خطة دمج البيانات
,ar,Data Migration Plan Mapping,تخطيط خطة دمج البيانات
,ar,Data Migration Run,تشغيل دمج البيانات
,ar,Data missing in table,البيانات الناقصة في الجدول
,ar,Database Engine,محرك قاعدة البيانات
,ar,Database Name,اسم قاعدة البيانات
,ar,Date and Number Format,صيغة التاريخ و الرقم
,ar,Date {0} must be in format: {1},يجب أن يكون التاريخ {0} بالشكل: {1}
,ar,Dates are often easy to guess.,التواريخ غالبا ما تكون سهلة التخمين.
,ar,Day of Week,يوم من الأسبوع
,ar,Days After,بعد أيام 
,ar,Days Before,قبل أيام 
,ar,Days Before or After,قبل أو بعد أيام 
,ar,"Dear System Manager,",عزيزي مدير النظام،
,ar,"Dear User,",عزيزي الموظف،
,ar,Dear {0},عزيزي {0}
,ar,Default Address Template cannot be deleted,لا يمكن حذف النموذج الافتراضي العنوان
,ar,Default Inbox,علبة الوارد الافتراضية
,ar,Default Incoming,الوارد الافتراضي
,ar,Default Outgoing,الصادر الافتراضي 
,ar,Default Print Format,طباعة شكل الافتراضي
,ar,Default Print Language,لغة الطباعة الافتراضية
,ar,Default Redirect URI,رابط اعادة التوجيه الافتراضي
,ar,Default Role at Time of Signup,الدور الوظيفي الافتراضي في وقت التسجيل
,ar,Default Sending,إرسال الافتراضي
,ar,Default Sending and Inbox,صندوق الوارد و الصادر الافتراضي
,ar,Default Sort Field,حقل التصنيف الافتراضي
,ar,Default Sort Order,ترتيب الافتراضي
,ar,Default Value,القيمة الافتراضية
,ar,"Default: ""Contact Us""","الافتراضي: ""اتصل بنا"""
,ar,DefaultValue,القيمة الافتراضية
,ar,Define workflows for forms.,تحديد سير العمل للنماذج
,ar,Defines actions on states and the next step and allowed roles.,يحدد الإجراءات على الحالات والخطوة التالية الأدوار الوظيفية المسموح بها.
,ar,Defines workflow states and rules for a document.,تحديد حالات و قواعد سير العمل للمستند
,ar,Delayed,مؤجل
,ar,Delete Data,حذف البيانات
,ar,Delete comment?,حذف التعليق؟
,ar,Delete this record to allow sending to this email address,احذف هذا السجل للسماح بالإرسال إلى عنوان البريد الإلكتروني هذا
,ar,Delete {0} items permanently?,حذف {0} الأصناف نهائيا؟
,ar,Deleted,حذف
,ar,Deleted DocType,DocType المحذوفة
,ar,Deleted Document,المستند المحذوف
,ar,Deleted Documents,المستندات المحذوفة
,ar,Deleted Name,الاسم المحذوف
,ar,Deleting {0},حذف {0}
,ar,Depends On,يعتمد على
,ar,Descendants Of,متأصل من
,ar,Desk,سطح المكتب
,ar,Desk Access,الوصول للمكتب
,ar,Desktop Icon,أيقونة سطح المكتب
,ar,Desktop Icon already exists,رمز سطح المكتب موجود بالفعل
,ar,Developer,مطور
,ar,Did not add,لم تضف
,ar,Did not cancel,لم يتم الإلغاء
,ar,Did not find {0} for {0} ({1}),لم يتم العثور على {0} لـ {0} ( {1} )
,ar,Did not remove,لم تقم بإزالة
,ar,"Different ""States"" this document can exist in. Like ""Open"", ""Pending Approval"" etc.","مختلف ""الحالات"" في هذه المستند يمكن أن تكون موجودة في. مثل ""فتح"" أو ""في انتظار الموافقة"" الخ."
,ar,Direct,مباشرة
,ar,Direct room with {0} already exists.,توجد غرفة مباشرة بها {0} بالفعل.
,ar,Disable Auto Refresh,تعطيل التحديث التلقائي
,ar,Disable Count,تعطيل العد
,ar,Disable Customer Signup link in Login page,تعطيل رابط تسجيل العملاء في صفحة تسجيل الدخول
,ar,Disable Prepared Report,تعطيل التقرير المعد
,ar,Disable Report,تعطيل تقرير
,ar,Disable SMTP server authentication,تعطيل مصادقة خادم SMTP
,ar,Disable Sidebar Stats,تعطيل إحصائيات الشريط الجانبي
,ar,Disable Signup,تعطيل الاشتراك
,ar,Disable Standard Email Footer,تعطيل تذييل البريد الإلكتروني الافتراضي
,ar,Discard,تجاهل
,ar,Display,عرض
,ar,Display Depends On,العرض يعتمد على
,ar,Do not allow user to change after set the first time,لا يسمح للموظف بالتغيير بعد ضبط المرة الأولى
,ar,Do not edit headers which are preset in the template,لا تقم بتحرير الرؤوس التي يتم ضبطها مسبقا في النموذج
,ar,Do not send Emails,لا ترسل رسائل البريد الإلكتروني
,ar,Doc Event,مستند حدث
,ar,Doc Events,مستند الأحداث
,ar,Doc Status,حالة المستند
,ar,DocField,DocField
,ar,DocPerm,DocPerm
,ar,DocShare,DocShare
,ar,DocType <b>{0}</b> provided for the field <b>{1}</b> must have atleast one Link field,يجب أن يحتوي DocType <b>{0}</b> المتوفر للحقل <b>{1}</b> على حقل ارتباط واحد على الأقل
,ar,DocType can not be merged,لا يمكن دمج DOCTYPE
,ar,DocType can only be renamed by Administrator,DOCTYPE لا يمكن تسميتها من قبل المدير النظام
,ar,DocType is a Table / Form in the application.,DOCTYPE هو الجدول / نموذج في التطبيق.
,ar,DocType must be Submittable for the selected Doc Event,يجب أن يكون DocType قابلاً للترحيل لحدث Doc المحدد
,ar,DocType on which this Workflow is applicable.,DOCTYPE على سير العمل هذا الذي ينطبق.
,ar,"DocType's name should start with a letter and it can only consist of letters, numbers, spaces and underscores",يجب أن يبدأ اسم مستند بحرف ويمكن أن يتكون فقط من الحروف والأرقام والمسافات والشرطات السفلية
,ar,Doctype required,Doctype المطلوبة
,ar,Document,مستند
,ar,Document Follow,متابعة المستند
,ar,Document Follow Notification,مستند متابعة الأشعار
,ar,Document Queued,المستند في قائمة الانتظار
,ar,Document Restored,تمت استعادة المستند
,ar,Document Share Report,تقرير مشاركة المستند
,ar,Document States,حالات المستند
,ar,Document Type is not importable,نوع المستند غير قابل للاستيراد
,ar,Document Type is not submittable,نوع المستند غير قابل للترحيل
,ar,Document Type to Track,نوع المستند لتعقب
,ar,Document Types,أنواع المستندات
,ar,Document can't saved.,لا يمكن حفظ المستند.
,ar,Document {0} has been set to state {1} by {2},تم تعيين المستند {0} على الحالة {1} بواسطة {2}
,ar,Documents,مستندات
,ar,Documents assigned to you and by you.,مستندات مكلفة لك ومنك.
,ar,Domain Settings,إعدادات المجال
,ar,Domains HTML,المجالات HTML
,ar,"Don't HTML Encode HTML tags like &lt;script > or just characters like &lt; or > , as they could be intentionally used in this field",لا إشارات HTML شفر HTML مثل &lt;script > أو مجرد شخصيات مثل &lt;أو > ، لأنها يمكن أن تستخدم عمدا في هذا المجال
,ar,Don't Override Status,لا تجاوز الحالة
,ar,Don't create new records,لا تنشئ سجلات جديدة
,ar,Don't have an account? Sign up,ليس لديك حساب ؟ تسجيل الدخول
,ar,"Don't know, ask 'help'",لا تعرف، أبحث عن المساعدة
,ar,Download Data,تحميل البيانات
,ar,Download Files Backup,تحميل الملفات النسخ الاحتياطي
,ar,Download Link,رابط التحميل
,ar,Download Report,تحميل التقرير
,ar,Download Your Data,قم بتنزيل بياناتك
,ar,Download link for your backup will be emailed on the following email address: {0},سوف نرسل عبر البريد الالكتروني رابط التحميل للنسخ الاحتياطي الخاص بك على عنوان البريد الإلكتروني التالي: {0}
,ar,Download with Data,تحميل مع البيانات
,ar,Drag and Drop tool to build and customize Print Formats.,سحب وإسقاط أداة لبناء وتخصيص تنسيقات طباعة.
,ar,Drag elements from the sidebar to add. Drag them back to trash.,أصناف السحب من الشريط الجانبي لإضافة. جرها إلى سلة المهملات.
,ar,Dropbox Access Key,دروب بوكس مفتاح الوصول
,ar,Dropbox Access Secret,دروب بو كس الدخول السرية
,ar,Dropbox Access Token,دروب بو كس رمز الوصول
,ar,Dropbox Settings,إعدادات دروب بوكس
,ar,Dropbox Setup,إعداد دروب بو كس
,ar,Dropbox access is approved!,تمت الموافقة الوصول دروب بو كس!
,ar,Dropbox backup settings,إعدادات النسخ الاحتياطي دروب بو كس
,ar,Duplicate Filter Name,تكرار اسم الفلتر
,ar,Dynamic Link,الارتباط الديناميكي
,ar,Dynamic Report Filters,فلاتر تقرير ديناميكي
,ar,ESC,زر ESC فى الكيبورد
,ar,Edit Auto Email Report Settings,تحرير إعدادات تقرير البريد الإلكتروني الآلي
,ar,Edit Custom HTML,تحرير مخصص HTML
,ar,Edit DocType,تحرير القائمة
,ar,Edit Filter,تحرير (فلترة)
,ar,Edit Format,تحرير تنسيق
,ar,Edit HTML,تحرير HTML
,ar,Edit Heading,تحرير العنوان
,ar,Edit Properties,تحرير خصائص
,ar,Edit to add content,تحرير لإضافة محتوى
,ar,Edit {0},تحرير {0}
,ar,Editable Grid,قابلة للتحرير Grid
,ar,Editing Row,تحرير صف
,ar,Eg. smsgateway.com/api/send_sms.cgi,على سبيل المثال، smsgateway.com / API / send_sms.cgi
,ar,Email Account Name,البريد الإلكتروني اسم الحساب
,ar,Email Account added multiple times,تمت إضافة حساب البريد الإلكتروني عدة مرات
,ar,Email Addresses,عناوين البريد الإلكتروني
,ar,Email Domain,المجال البريد الإلكتروني
,ar,"Email Domain not configured for this account, Create one?","عنوان مجال البريد الألكتروني غير رقم لهذا الحساب, إنشيء واحد ؟"
,ar,Email Flag Queue,البريد الإلكتروني العلم قائمة الانتظار
,ar,Email Footer Address,تذييل البريد الإلكتروني
,ar,Email Group,البريد الإلكتروني المجموعة
,ar,Email Group List,البريد الإلكتروني قائمة المجموعة
,ar,Email Group Member,أرسل عضو المجموعة
,ar,Email Login ID,رقم تسجيل الدخول إلى البريد الإلكتروني
,ar,Email Queue,قائمة إنتظار البريد الإلكتروني
,ar,Email Queue Recipient,البريد الإلكتروني المستلم قائمة الانتظار
,ar,Email Queue records.,سجلات البريد الإلكتروني قائمة الانتظار.
,ar,Email Reply Help,البريد الالكتروني رد مساعدة
,ar,Email Rule,البريد الإلكتروني القاعدة
,ar,Email Server,خادم البريد الإلكتروني
,ar,Email Settings,إعدادات البريد الإلكتروني
,ar,Email Signature,توقيع البريد الالكترونى
,ar,Email Status,حالة البريد الإلكتروني
,ar,Email Sync Option,خيارات مزامنة البريد الإلكتروني 
,ar,Email Templates for common queries.,قوالب البريد الإلكتروني للاستعلامات الشائعة.
,ar,Email To,البريد الإلكتروني إلى
,ar,Email Unsubscribe,إلغاء الاشتراك البريد الإلكتروني
,ar,Email has been marked as spam,تم وضع علامة على البريد الإلكتروني كغير مرغوب فيه
,ar,Email has been moved to trash,تم نقل البريد الإلكتروني إلى المهملات
,ar,Email not sent to {0} (unsubscribed / disabled),البريد الإلكتروني لا يرسل إلى {0} (غير مشترك / غيرمفعل)
,ar,Email not verified with {0},البريد الإلكتروني غير متحقق من {0}
,ar,Emails are muted,رسائل البريد الإلكتروني هي صامتة
,ar,Emails will be sent with next possible workflow actions,سيتم إرسال رسائل البريد الإلكتروني مع إجراءات سير العمل التالية المحتملة
,ar,Embed image slideshows in website pages.,تضمين عرض الشرائح صورة في صفحات الموقع.
,ar,Enable / Disable Domains,تمكين / تعطيل المجالات
,ar,Enable Auto Reply,تمكين الرد التلقائي
,ar,Enable Automatic Backup,تمكين النسخ الاحتياطي التلقائي
,ar,Enable Chat,تمكين الدردشة
,ar,Enable Comments,تمكين تعليقات
,ar,Enable Incoming,تمكين الوارد
,ar,Enable Outgoing,تمكين البريد الصادر
,ar,Enable Password Policy,تمكين سياسة كلمة المرور
,ar,Enable Print Server,تمكين خادم الطباعة
,ar,Enable Raw Printing,تمكين الطباعة الخام
,ar,Enable Report,تمكين تقرير
,ar,Enable Scheduled Jobs,تمكين المهام المجدولة
,ar,Enable Social Login,تمكين تسجيل الدخول الاجتماعي
,ar,Enable Two Factor Auth,تمكين اثنين من عامل المصادقة
,ar,Enabled email inbox for user {0},صندوق الوارد للبريد الإلكتروني المُمكّن للموظف {0}
,ar,"Encryption key is invalid, Please check site_config.json",مفتاح التشفير غير صحيح، يرجى التحقق من site_config.json
,ar,End Date Field,حقل تاريخ الانتهاء
,ar,End Date cannot be before Start Date!,لا يمكن أن يكون تاريخ الانتهاء قبل تاريخ البدء!
,ar,Endpoint URL,عنوان نقطة النهاية
,ar,Energy Point Log,سجل نقاط الطاقة
,ar,Energy Point Rule,قاعدة نقاط الطاقة
,ar,Energy Point Settings,إعدادات نقاط الطاقة
,ar,Energy Points,نقاط الطاقة
,ar,Enter Email Recipient(s),أدخل البريد الإلكتروني المستلم
,ar,Enter Form Type,أدخل نوع النموذج
,ar,"Enter default value fields (keys) and values. If you add multiple values for a field, the first one will be picked. These defaults are also used to set ""match"" permission rules. To see list of fields, go to ""Customize Form"".","أدخل حقول القيمة الافتراضية (المفاتيح) والقيم. إذا أضفت قيمًا متعددة للحقل ، فسيتم اختيار أول واحد. تُستخدم هذه الإعدادات الافتراضية أيضًا لتعيين قواعد الأذونات ""المطابقة"". لمشاهدة قائمة الحقول ، انتقل إلى ""تخصيص النموذج""."
,ar,Enter folder name,أدخل اسم المجلد
,ar,"Enter keys to enable login via Facebook, Google, GitHub.",أدخل مفاتيح لتمكين تسجيل الدخول عبر الفيسبوك ، وجوجل، جيت هب.
,ar,Enter python module or select connector type,أدخل وحدة بايثون أو حدد نوع الموصل
,ar,"Enter static url parameters here (Eg. sender=ERPNext, username=ERPNext, password=1234 etc.)",أدخل المعايير URL ثابت هنا (مثلا المرسل = ERPNext، اسم الموظف = ERPNext، كلمة المرور = 1234 الخ)
,ar,Enter url parameter for message,ادخل العنوان للرسالة
,ar,Enter url parameter for receiver nos,ادخل العنوان لمشغل شبكة المستلم
,ar,Enter your password,ادخل رقمك السري
,ar,Entity Name,اسم الكيان
,ar,Equals,تساوي
,ar,Error Message,رسالة خطأ
,ar,Error Report,أبلغ عن مشكلة
,ar,Error Snapshot,لقطة الخطأ
,ar,Error in Custom Script,خطأ في سيناريو مخصص
,ar,Error in Notification,خطأ في الأشعار
,ar,Error in Notification: {},خطأ في الإشعار: {}
,ar,Error while connecting to email account {0},حدث خطأ أثناء الاتصال بحساب البريد الإلكتروني {0}
,ar,Error while evaluating Notification {0}. Please fix your template.,خطأ أثناء تقييم الإشعار {0}. يرجى تحرير النموذج الخاص بك.
,ar,Error: Document has been modified after you have opened it,خطأ: تم تعديل المستند بعد فتحه
,ar,Error: Value missing for {0}: {1},خطأ: قيمة مفقودة ل {0}: {1}
,ar,Errors in Background Events,أخطاء في أحداث الخلفية
,ar,Event Category,فئة الحدث
,ar,Event Participants,المشاركون في الحدث
,ar,Event Type,نوع الحدث
,ar,Event and other calendars.,الحدث والتقويمات الأخرى.
,ar,Events in Today's Calendar,الأحداث في التقويم اليوم
,ar,Everyone,كل شخص
,ar,Example,مثال
,ar,Example Email Address,مثال عنوان البريد الإلكتروني
,ar,Example: {{ subject }},مثال: {{topic}}
,ar,Excel,تفوق
,ar,Exception,استثناء
,ar,Exception Type,نوع الاستثناء
,ar,Execution Time: {0} sec,وقت التنفيذ: {0} ثانية
,ar,Expert,خبير
,ar,Expiration time,وقت انتهاء الصلاحية
,ar,Expire Notification On,تنتهي الأشعار على
,ar,Expires In,ينتهي في
,ar,Expiry time of QR Code Image Page,وقت انتهاء صلاحية رمز الاستجابة السريعة صورة الصفحة
,ar,Export All {0} rows?,تصدير كل الصفوف {0}؟
,ar,Export Custom Permissions,تصدير ضوابط مخصص
,ar,Export Customizations,تصدير تخصيصات
,ar,Export Data,تصدير البيانات
,ar,Export Data in CSV / Excel format.,تصدير البيانات بتنسيق CSV / Excel.
,ar,Export Report: {0},تصدير التقرير: {0}
,ar,Expose Recipients,كشف المستلمين
,ar,"Expression, Optional",التعبير والاختياري
,ar,Facebook,الفيسبوك
,ar,Failed to complete setup,فشل في إكمال الإعداد
,ar,Failed to connect to server,فشل الاتصال بالخادم
,ar,Failed while amending subscription,فشل أثناء تحرير الاشتراك
,ar,FavIcon,أيقونة المفضلة
,ar,Feedback Request,أمر التعليق
,ar,Fetch From,إحضار من
,ar,Fetch If Empty,إحضار إذا كانت فارغة
,ar,Fetch Images,جلب الصور
,ar,Fetch attached images from document,إحضار الصور المرفقة من المستند
,ar,"Field ""route"" is mandatory for Web Views","حقل ""المسار"" إلزامي للويب المشاهدات"
,ar,"Field ""value"" is mandatory. Please specify value to be updated","حقل ""قيمة"" إلزامي. يرجى تحديد قيمة ليتم تحديثها"
,ar,Field Description,وصف الحقل
,ar,Field Maps,حقل خرائط
,ar,Field Type,نوع الحقل
,ar,"Field that represents the Workflow State of the transaction (if field is not present, a new hidden Custom Field will be created)",الحقل الذي يمثل حالة سير العمل للصفقة (إذا حقل غير موجود، سيتم إنشاء حقل مخصص جديد مخفي)
,ar,Field to Track,حقل لتعقب
,ar,Field type cannot be changed for {0},لا يمكن تغيير نوع الحقل ل {0}
,ar,Field {0} not found.,الحقل {0} غير موجود.
,ar,Fieldname is limited to 64 characters ({0}),اسم الحقل محدد ب 64 حرف< ({0})
,ar,Fieldname not set for Custom Field,أسم الحقل لم يتم تعيينه لحقل مخصص
,ar,Fieldname which will be the DocType for this link field.,أسم الحقل الذي سيكون DOCTYPE لهذا الحقل الارتباط.
,ar,Fieldname {0} cannot have special characters like {1},FIELDNAME {0} لا يمكن أن يكون أحرف خاصة مثل {1}
,ar,Fieldname {0} conflicting with meta object,أسم الحقل {0} متعارض مع الكلمات الدلائلية
,ar,Fields Multicheck,الحقول متعددة
,ar,"Fields separated by comma (,) will be included in the ""Search By"" list of Search dialog box","سيتم تضمين الحقول المفصولة بفواصل (،) في قائمة ""البحث حسب"" من مربع حوار البحث"
,ar,Fieldtype,نوع الحقل
,ar,Fieldtype cannot be changed from {0} to {1} in row {2},لا يمكن تغيير نوع الحقل من {0} إلى {1} في الصف {2}
,ar,File '{0}' not found,ملف '{0}' لم يتم العثور
,ar,File Backup,ملف النسخ الاحتياطي
,ar,File Name,اسم الملف
,ar,File Size,حجم الملف
,ar,File Type,نوع الملف
,ar,File URL,ملف URL
,ar,File Upload,رفع الملف
,ar,File Upload Disconnected. Please try again.,تم إلغاء رفع الملف. حاول مرة اخرى.
,ar,File Upload in Progress. Please try again in a few moments.,رفع الملف قيد التقدم. يرجى المحاولة مرة أخرى في بضع لحظات.
,ar,File backup is ready,ملف النسخ الاحتياطي جاهز
,ar,File not attached,الملف غير مرفق
,ar,File size exceeded the maximum allowed size of {0} MB,تجاوز حجم الملف الحد الأقصى المسموح به لحجم {0} ميجابايت
,ar,File too big,الملف كبير جدا
,ar,File {0} does not exist,الملف {0} غير موجود
,ar,Files,الملفات
,ar,Filter,فلتر
,ar,Filter Data,فلترة البيانات
,ar,Filter List,قائمة فلترة
,ar,Filter Meta,فلترة ميتا
,ar,Filter Name,اسم الفلتر
,ar,Filter Values,قيم الفلترة
,ar,Filter must be a tuple or list (in a list),يجب أن يكون الفلتر عبارة عن قائمة أو قائمة (في قائمة)
,ar,"Filter must have 4 values (doctype, fieldname, operator, value): {0}",يجب أن يحتوي الفلتر على 4 قيم (مستندتيب، فيلدنام، أوبيراتور، فالو): {0}
,ar,Filter...,فلترة ...
,ar,"Filtered by ""{0}""","تمت تصفيتها من قبل ""{0}"""
,ar,Filters Display,عرض الفلاتر
,ar,Filters JSON,فلاتر JSON
,ar,Filters saved,فلاتر حفظ
,ar,Find {0} in {1},البحث عن {0} في {1}
,ar,First Level,المستوى الأول
,ar,First Success Message,رسالة النجاح الأولى
,ar,First Transaction,أول معاملة
,ar,First data column must be blank.,يجب أن يكون عمود البيانات الأولى فارغة.
,ar,First set the name and save the record.,أولا قم بتعيين الإسم وحفظ السجل.
,ar,Flag,علم
,ar,Float,رقم عشري
,ar,Float Precision,كسور الرقم العشري
,ar,Fold,طية
,ar,Fold can not be at the end of the form,لا يمكن أن تكون الطية في نهاية النموذج
,ar,Fold must come before a Section Break,يجب أن تأتي الطية قبل فاصل القسم
,ar,Folder,مجلد
,ar,Folder name should not include '/' (slash),يجب ألا يتضمن اسم المجلد '/' (شرطة مائلة)
,ar,Folder {0} is not empty,المجلد {0} غير فارغ
,ar,Follow,يتبع
,ar,Followed by,متابع بـ
,ar,Following fields are missing:,الحقول التالية مفقودة:
,ar,Following fields have missing values:,الحقول التالية والقيم المفقودة:
,ar,Font,الخط
,ar,Font Size,حجم الخط
,ar,Fonts,الخطوط
,ar,Footer,تذييل الصفحة
,ar,Footer HTML,تذييل HTML
,ar,Footer Items,تذييل الأصناف
,ar,Footer will display correctly only in PDF,سيعرض تذييل الصفحة بشكل صحيح في PDF فقط
,ar,For Document Type,لنوع المستند
,ar,"For Links, enter the DocType as range.\nFor Select, enter list of Options, each on a new line.",للارتباطات ، أدخل نوع المستند كمجال. للتحديد ، ادخل قائمه الخيارات ، كل ادخال في سطر جديد.
,ar,For User,للموظف
,ar,For Value,للقيمة
,ar,"For currency {0}, the minimum transaction amount should be {1}",للعملة {0} ، يجب أن يكون الحد الأدنى لمبلغ المعاملة {1}
,ar,For example if you cancel and amend INV004 it will become a new document INV004-1. This helps you to keep track of each amendment.,على سبيل المثال إذا قمت بإلغاء وتحرير INV004 أنها سوف تصبح مستند INV004-1 جديدة. هذا يساعدك على تتبع كل تحرير.
,ar,"For example: If you want to include the document ID, use {0}",على سبيل المثال: إذا كنت تريد تضمين المستند ID، استخدم {0}
,ar,"For updating, you can update only selective columns.",لتحديث، يمكنك تحديث الأعمدة انتقائية فقط.
,ar,For {0} at level {1} in {2} in row {3},ل {0} في {1} مستوى في {2} في {3} الصف
,ar,Force,فرض
,ar,Force Show,عرض ألزامي
,ar,Forgot Password,هل نسيت كلمة المرور
,ar,Forgot Password?,هل نسيت كلمة المرور؟
,ar,Form Customization,تخصيص النموذج
,ar,Form Settings,إعدادات النموذج
,ar,Format,تنسيق
,ar,Format Data,تنسيق البيانات
,ar,Forward To Email Address,انتقل إلى عنوان البريد الإلكتروني
,ar,Fraction,جزء
,ar,Fraction Units,كسور الوحدة
,ar,Frames,إطارات
,ar,Frappe,فرابي
,ar,Frappe Framework,الإطار فرابي
,ar,Friendly Title,عنوان جيد
,ar,From Date Field,من حقل التاريخ
,ar,From Document Type,من نوع المستند
,ar,From Full Name,من الاسم الكامل
,ar,Full Page,صفحة كاملة
,ar,Fw: {0},FW: {0}
,ar,GCalendar Sync ID,GCalendar Sync ID
,ar,GMail,بريد جوجل
,ar,Gantt,رسم بياني جانت
,ar,Gateway,بوابة
,ar,Gateway Controller,بوابة تحكم
,ar,Gateway Settings,إعدادات البوابة
,ar,Generate Keys,إنشاء مفاتيح
,ar,Generate New Report,إنشاء تقرير جديد
,ar,Generated File,الملف الذي تم إنشاؤه
,ar,Geo,الجغرافية
,ar,Geolocation,تحديد الموقع الجغرافي
,ar,Get Alerts for Today,الحصول على تنبيهات لهذا اليوم
,ar,Get Contacts,الحصول على اتصالات
,ar,Get Fields,احصل على الحقول
,ar,Get your globally recognized avatar from Gravatar.com,الحصول على الرمزية الخاص بك المعترف بها عالميا من Gravatar.com
,ar,GitHub,جت هب (GITHUB)
,ar,Give Review Points,إعطاء نقاط مراجعة
,ar,Global Unsubscribe,إلغاء الاشتراك العام
,ar,Go to the document,انتقل إلى المستند
,ar,Go to this URL after completing the form (only for Guest users),انتقل إلى عنوان URL هذا بعد إكمال النموذج (فقط لموظفي الضيف)
,ar,Go to {0},أنتقل إلى {0}
,ar,Go to {0} List,انتقل إلى قائمة {0}
,ar,Go to {0} Page,انتقل إلى صفحة {0}
,ar,Google,جوجل
,ar,Google Analytics ID,جوجل تحليلات ID
,ar,Google Calendar ID,رقم تقويم Google
,ar,Google Font,خطوط جوجل
,ar,Google Services,خدمات جوجل
,ar,Grant Type,نوع المنحة
,ar,Group Name,أسم المجموعة
,ar,Group name cannot be empty.,لا يمكن أن يكون اسم المجموعة فارغا.
,ar,Groups of DocTypes,مجموعات من DocTypes
,ar,HTML,HTML
,ar,HTML Editor,محرر HTML
,ar,"HTML Header, Robots and Redirects",HTML رأس والروبوتات وإعادة التوجيه
,ar,HTML for header section. Optional,HTML لرأس القسم. اختياري
,ar,Half,نصف
,ar,Has Attachment,يحتوي على مرفق
,ar,Has Attachments,يحتوي على مرفقات
,ar,Has Domain,لديه مجال
,ar,Has Role,له الدور الوظيفي
,ar,Has Web View,لديه عرض الويب
,ar,Have an account? Login,هل لديك حساب ؟ تسجيل الدخول
,ar,Header,العنوان الرأسي
,ar,Header HTML,رأس HTML
,ar,Header HTML set from attachment {0},تعيين HTML رأس من المرفق {0}
,ar,Header Image,صورة الهيدر
,ar,Headers,التذييل
,ar,Heading,التذييل
,ar,Hello {0},مرحبا {0}
,ar,Hello!,مرحبا!
,ar,Help Articles,مقالات المساعدة
,ar,Help Category,فئة المساعدة
,ar,Help on Search,المساعدة في البحث
,ar,"Help: To link to another record in the system, use ""#Form/Note/[Note Name]"" as the Link URL. (don't use ""http://"")","مساعدة: لربط إلى سجل آخر في النظام، إستخدم ""# نموذج / ملاحظة / [اسم الملاحظة]""، كرابط URL. (لا تستخدم ""http://"")"
,ar,Helvetica,هلفتيكا
,ar,Hi {0},أهلا{0}
,ar,Hide Copy,إخفاء النسخة
,ar,Hide Footer Signup,إخفاء التذييل
,ar,Hide Sidebar and Menu,إخفاء الشريط الجانبي والقائمة
,ar,Hide Standard Menu,إخفاء القائمة الرئيسية
,ar,Hide Weekends,إخفاء عطلة نهاية الأسبوع
,ar,Hide details,إخفاء التفاصيل
,ar,Hide footer in auto email reports,إخفاء تذييل الصفحة في تقارير البريد الإلكتروني التلقائية
,ar,Higher priority rule will be applied first,سيتم تطبيق قاعدة الأولوية الأعلى أولاً
,ar,Highlight,تسليط الضوء
,ar,"Hint: Include symbols, numbers and capital letters in the password",تلميح: تضمين الرموز والأرقام والأحرف الكبيرة في كلمة المرور
,ar,Home Page,الصفحة الرئيسية
,ar,Home Settings,الإعدادات الرئيسية
,ar,Home/Test Folder 1,الصفحة الرئيسية / اختبار المجلد 1
,ar,Home/Test Folder 1/Test Folder 3,الرئيسي / اختبار 1 / مجلد اختبار 3
,ar,Home/Test Folder 2,الصفحة الرئيسية / مجلد اختبار 2
,ar,Host,مضيف
,ar,Hostname,اسم المضيف
,ar,"How should this currency be formatted? If not set, will use system defaults",كيف ينبغي أن يتم تنسيق هذه العملة؟ إذا لم يتم تعيين و، استخدم افتراضيات النظام
,ar,I found these:,لقد وجدت هذه:
,ar,ID,رقم
,ar,ID (name) of the entity whose property is to be set,معرّف (اسم) الكيان الذي سيتم تعيين ملكيته
,ar,Icon will appear on the button,سيظهر الرمز على الزر
,ar,Identity Details,تفاصيل المعرف
,ar,Idx,مسلسل
,ar,"If Apply Strict User Permission is checked and User Permission is defined for a DocType for a User, then all the documents where value of the link is blank, will not be shown to that User",إذا تم تحديد تطبيق إذن الموظف الصارم وتم تحديد إذن الموظف لـ DocType للموظف ، فلن يتم عرض جميع المستندات التي تكون فيها قيمة الارتباط فارغة لهذا الموظف
,ar,If Checked workflow status will not override status in list view,إذا لم يتم تجاوز حالة سير العمل المحددة في عرض القائمة
,ar,If Owner,هو مالك المستند
,ar,"If a Role does not have access at Level 0, then higher levels are meaningless.",إذا لم يكن لديك الوصول الدور الوظيفي في المستوى 0، ثم مستويات أعلى لا معنى لها.
,ar,"If checked, all other workflows become inactive.",إذا تم، جميع مهام سير العمل الأخرى تصبح خاملة.
,ar,"If checked, this field will be not overwritten based on Fetch From if a value already exists.","إذا تم تحديده ، فلن تتم الكتابة فوق هذا الحقل استنادًا إلى ميزة ""الجلب من"" إذا كانت القيمة موجودة بالفعل."
,ar,"If checked, users will not see the Confirm Access dialog.",إذا تم تحديدها، فلن يرى الموظفون مربع حوار تأكيد الوصول.
,ar,"If disabled, this role will be removed from all users.",إذا تعطيل، ستتم إزالة هذه الدور الوظيفي من كافة الموظفين.
,ar,"If enabled, user can login from any IP Address using Two Factor Auth, this can also be set for all users in System Settings",في حالة التمكين ، يمكن للموظف تسجيل الدخول من أي عنوان IP باستخدام المصادقة الثنائية ، كما يمكن تعيين ذلك لجميع الموظفين في إعدادات النظام
,ar,"If enabled, all users can login from any IP Address using Two Factor Auth. This can also be set only for specific user(s) in User Page","إذا تم تمكينه ، يمكن لكافة الموظفين تسجيل الدخول من أي عنوان IP باستخدام ""عامل عامل"". يمكن أيضًا تعيين ذلك لموظفين محددين في صفحة الموظف"
,ar,"If enabled, changes to the document are tracked and shown in timeline",في حالة التمكين ، يتم تعقب التغييرات في المستند وعرضها في الرسم البياني الزمني
,ar,"If enabled, document views are tracked, this can happen multiple times",في حالة التمكين ، يتم تعقب طرق عرض المستندات ، وقد يحدث ذلك عدة مرات
,ar,"If enabled, the document is marked as seen, the first time a user opens it",في حالة التمكين ، يتم تمييز المستند على أنه مرئي ، وهي المرة الأولى التي يقوم فيها الموظف بفتحها
,ar,"If enabled, the password strength will be enforced based on the Minimum Password Score value. A value of 2 being medium strong and 4 being very strong.",إذا تم تمكينه، سيتم فرض قوة كلمة المرور استنادا إلى قيمة الحد الأدنى لقيمة كلمة المرور. قيمة 2 كونها متوسطة قوية و 4 قوية جدا.
,ar,"If enabled, users who login from Restricted IP Address, won't be prompted for Two Factor Auth",في حالة التمكين ، لن تتم مطالبة الموظفين الذين يقومون بتسجيل الدخول من عنوان IP المقيد بـ Two Factor Auth
,ar,"If enabled, users will be notified every time they login. If not enabled, users will only be notified once.",إذا تم تمكينه، فسيتم إشعار الموظفين في كل مرة يسجلون فيها الدخول. إذا لم يتم تمكينه، فسيتم إشعار الموظفين مرة واحدة فقط.
,ar,If non standard port (e.g. 587),إذا غير المنفذ الرئيسي (على سبيل المثال 587)
,ar,"If non standard port (e.g. 587). If on Google Cloud, try port 2525.",إذا كان المنفذ غير قياسي (على سبيل المثال 587). إذا كنت على Google Cloud ، فجرّب المنفذ 2525.
,ar,"If not set, the currency precision will depend on number format",إذا لم يتم تعيينها، فإن دقة العملة تعتمد على تنسيق الأرقام
,ar,If the condition is satisfied user will be rewarded with the points. eg. doc.status == 'Closed'\n,إذا كانت الحالة راضية ، فسيتم مكافأة الموظف بالنقاط. على سبيل المثال. doc.status == 'مغلق'
,ar,"If the user has any role checked, then the user becomes a ""System User"". ""System User"" has access to the desktop","إذا كان الموظف لديه أي دور وظيفي تم اختياره، فسيصبح الموظف ""موظف النظام"". ""موظف النظام"" لديه حق الوصول إلى سطح المكتب"
,ar,"If these instructions where not helpful, please add in your suggestions on GitHub Issues.",إذا هذه التعليمات حيث لم تكن مفيدة ، يرجى إضافة في اقتراحاتكم بشأن قضايا جيثب .
,ar,"If this is checked, rows with valid data will be imported and invalid rows will be dumped into a new file for you to import later.",إذا تم تحديد ذلك ، فسيتم استيراد الصفوف التي تحتوي على بيانات صحيح وسيتم طرح صفوف غير صحيح في ملف جديد يمكنك استيراده لاحقًا.
,ar,If user is the owner,إذا كان الموظف هو المالك
,ar,"If you are updating, please select ""Overwrite"" else existing rows will not be deleted.","إذا كنت تقوم بتحديث، يرجى تحديد ""الكتابة"" لن يتم حذف الصفوف الموجودة آخر."
,ar,If you are updating/overwriting already created records.,إذا كنت تقوم بتحديث / استبدال السجلات التي تم إنشاؤها
,ar,"If you are uploading new records, ""Naming Series"" becomes mandatory, if present.","إذا كنت ترفع سجلات جديدة، ""تسمية السلسلة"" تصبح إلزامية، إذا كان موجودا."
,ar,"If you are uploading new records, leave the ""name"" (ID) column blank.","إذا كنت ترفع سجلات جديدة، وترك ""اسم"" (رقم ) العمود فارغا."
,ar,If you don't want to create any new records while updating the older records.,إذا كنت لا تريد إنشاء أي سجلات جديدة أثناء تحديث السجلات القديمة.
,ar,"If you set this, this Item will come in a drop-down under the selected parent.",إذا قمت بتعيين هذا ، فإن هذا البند تأتي في قائمة منسدلة تحت الأصل المحدد .
,ar,"If you think this is unauthorized, please change the Administrator password.",إذا كنت تعتقد أن هذا غير المصرح به، الرجاء تغيير كلمة مرور المدير النظام.
,ar,"If your data is in HTML, please copy paste the exact HTML code with the tags.",إذا كانت البيانات في HTML، يرجى نسخ لصق رمز HTML المحدد مع الأشارات.
,ar,Ignore User Permissions,تجاهل صلاحيات الموظف
,ar,Ignore XSS Filter,تجاهل فلتر XSS
,ar,Ignore attachments over this size,تجاهل إرفاق ملفات أكثر من هذا الحجم
,ar,Ignore encoding errors,تجاهل أخطاء الترميز
,ar,Ignored: {0} to {1},تجاهل: {0} إلى {1}
,ar,Illegal Access Token. Please try again,رمز وصول غير صحيح. حاول مرة اخرى
,ar,Illegal Document Status for {0},حالة المستند غير صحيحه لـ {0}
,ar,Image Field,حقل صورة
,ar,Image Link,رابط الصورة
,ar,Image field must be a valid fieldname,يجب أن يكون حقل الصورة اسم حقل صحيحا
,ar,Image field must be of type Attach Image,يجب أن يكون حقل الصورة من النوع إرفاق صورة
,ar,Images,صور
,ar,Implicit,ضمني
,ar,Import,استيراد
,ar,Import Email From,استيراد البريد الإلكتروني من
,ar,Import Status,حالة الاستيراد
,ar,Import Subscribers,استيراد المشتركون
,ar,Import Zip,استيراد الرمز البريدي
,ar,In Filter,في فلترة
,ar,In Global Search,في البحث الشاملة
,ar,In Grid View,في شبكة عرض
,ar,In Hours,في ساعات
,ar,In List View,في عرض القائمة
,ar,In Preview,في المعاينة
,ar,In Reply To,ردا على
,ar,In Standard Filter,في الفلترة الرئيسية
,ar,In Valid Request,طلب غير صحيح
,ar,In points. Default is 9.,في نقطة. الافتراضي هو 9.
,ar,In seconds,في ثوان
,ar,Include Search in Top Bar,اضافة البحث في الشريط العلوي
,ar,"Include symbols, numbers and capital letters in the password",تضمين الرموز والأرقام والأحرف الكبيرة في كلمة المرور
,ar,Incoming email account not correct,حساب البريد الإلكتروني الوارد غير صحيح
,ar,Incomplete login details,تفاصيل تسجيل الدخول غير مكتملة
,ar,Incorrect User or Password,موظف غير صحيح أو كلمة مرور
,ar,Incorrect Verification code,رمز التحقق غير صحيح
,ar,Incorrect value in row {0}: {1} must be {2} {3},قيمة غير صحيحة في الصف {0} : {1} يجب أن يكون {2} {3}
,ar,Incorrect value: {0} must be {1} {2},قيمة غير صحيحة: {0} يجب أن يكون {1} {2}
,ar,Index,فهرس
,ar,Indicator,مؤشر
,ar,Info,معلومات
,ar,Info:,معلومات:
,ar,Initial Sync Count,عدد مزامنة الأولي
,ar,InnoDB,InnoDB
,ar,Insert Above,إدراج فوق
,ar,Insert After,إدراج بعد
,ar,Insert After cannot be set as {0},الإدراج بعد لا يمكن تعيينه ك {0}
,ar,"Insert After field '{0}' mentioned in Custom Field '{1}', with label '{2}', does not exist",إدراج بعد الحقل '{0}' المذكورة في الحقل المخصص '{1}'، مع التصنيف '{2}'، غير موجود
,ar,Insert Below,إدراج بالأسفل
,ar,Insert Column Before {0},إدراج عمود قبل {0}
,ar,Insert Style,إدراج نموذج
,ar,Insert new records,إدراج سجلات جديدة
,ar,Instructions Emailed,تعليمات عبر البريد الإلكتروني
,ar,Insufficient Permission for {0},عدم كفاية الصلاحية {0}
,ar,Int,رقم
,ar,Integration Request,طلب الاندماج
,ar,Integration Request Service,خدمة طلب الاندماج
,ar,Integration Type,نوع الاندماج
,ar,Integrations,الاندماج
,ar,Integrations can use this field to set email delivery status,يمكن الاندماج استخدام هذا الحقل لتغيير الحالة تسليم البريد الإلكتروني
,ar,Internal Server Error,خطأ في الخادم الداخلي
,ar,Internal record of document shares,السجل الداخلي لمشاركة المستند
,ar,Introduce your company to the website visitor.,اعرض شركتك لزائرين الموقع الألكتروني
,ar,Introductory information for the Contact Us Page,المعلومات التمهيدية لصفحة اتصل بنا
,ar,Invalid,غير صحيح
,ar,"Invalid ""depends_on"" expression","تعبير ""under_on"" غير صحيح"
,ar,Invalid Access Key ID or Secret Access Key.,رقم مفتاح الوصول غير صحيح أو مفتاح الوصول السري.
,ar,Invalid CSV Format,تنسيق CSV غير صحيح
,ar,Invalid Home Page,الصفحة الرئيسية غير صحيح
,ar,Invalid Link,رابط غير صحيح
,ar,Invalid Login Token,رمز تسجيل الدخول غير صالح
,ar,Invalid Login. Try again.,تسجيل الدخول غير صحيح. حاول ثانية.
,ar,Invalid Mail Server. Please rectify and try again.,خادم البريد غير صحيح . يرجى تحرير و حاول مرة أخرى.
,ar,Invalid Outgoing Mail Server or Port,خادم البريد الصادر غير صحيح أو المنفذ
,ar,Invalid Output Format,تنسيق الإخراج غير صحيح
,ar,Invalid Password,رمز مرور خاطئ
,ar,Invalid Password:,رمز مرور خاطئ:
,ar,Invalid Request,طلب غير صحيح
,ar,Invalid Search Field {0},حقل البحث غير صحيح {0}
,ar,Invalid Subscription,اشتراك غير صحيح
,ar,Invalid Token,رمز غير صحيح
,ar,Invalid User Name or Support Password. Please rectify and try again.,اسم الموظف غير صحيح أو كلمة المرور الدعم . يرجى تحرير و حاول مرة أخرى.
,ar,Invalid column,عمود غير صحيح
,ar,Invalid field name {0},اسم الحقل غير صحيح {0}
,ar,Invalid fieldname '{0}' in autoname,اسم الحقل غير صحيح '{0}' في الاسم تلقائي
,ar,Invalid file path: {0},مسار الملف غير صحيح: {0}
,ar,Invalid login or password,معلومات الدخول خاطئة او كلمة المرور خاطئة
,ar,Invalid module path,مسار الوحدة النمطية غير صالح
,ar,Invalid naming series (. missing),سلسلة التسمية غير صحيحه (. مفقود)
,ar,Invalid payment gateway credentials,أوراق بوابة الدفع غير صحيحه
,ar,Invalid recipient address,عنوان المستلم غير صحيح
,ar,Invalid {0} condition,حالة {0} غير صحيح
,ar,Inverse,معكوس
,ar,Is,هل
,ar,Is Attachments Folder,هو مجلد المرفقات
,ar,Is Child Table,هو الجدول التابع
,ar,Is Custom Field,هو حقل مخصص
,ar,Is First Startup,هو بدء التشغيل الأول
,ar,Is Folder,هو مجلد
,ar,Is Global,هو عالمي
,ar,Is Globally Pinned,مثبت على الجميع
,ar,Is Home Folder,هو المجلد الرئيسي
,ar,Is Mandatory Field,هو حقل إلزامي
,ar,Is Pinned,مثبت
,ar,Is Primary Contact,هو جهة الاتصال الرئيسية
,ar,Is Private,غير الخاصة
,ar,Is Published Field,ونشرت حقل
,ar,Is Published Field must be a valid fieldname,"""تم نشر"" الحقل يجب أن يكون اسم حقل صحيح"
,ar,Is Single,مفردة
,ar,Is Spam,هو المزعج
,ar,Is Standard,هو معيار
,ar,Is Submittable,يستطيع الترحيل
,ar,Is Table,هو الجدول
,ar,Is Your Company Address,يكون عنوان شركتك
,ar,It is risky to delete this file: {0}. Please contact your System Manager.,أنه أمر محفوف بالمخاطر لحذف هذا الملف: {0}. يرجى الاتصال بمدير النظام الخاص بك.
,ar,Item cannot be added to its own descendents,الصنف لا يمكن أن تضاف الى فروعها
,ar,JS,JS
,ar,JSON,JSON
,ar,JavaScript Format: frappe.query_reports['REPORTNAME'] = {},جافا سكريبت الصيغة: frappe.query_reports [' REPORTNAME '] = { }
,ar,Javascript to append to the head section of the page.,لإضافة الجافا سكربت لقسم الرأس في الصفحة
,ar,Jinja,جينجا
,ar,John Doe,فلان الفلاني
,ar,Kanban,شريحة المهام
,ar,Kanban Board Column,عمود شريحة كانبان
,ar,Kanban Board Name,اسم شريحة كانبان
,ar,Karma,كرما
,ar,Keep track of all update feeds,تتبع كل التحديثات
,ar,Keeps track of all communications,بتتبع جميع الاتصالات
,ar,Key,مفتاح
,ar,Knowledge Base,قاعدة المعرفة
,ar,Knowledge Base Contributor,مشارك قاعدة المعرفة
,ar,Knowledge Base Editor,محرر قاعدة المعرفة
,ar,LDAP Email Field,LDAP البريد الإلكتروني حقل
,ar,LDAP First Name Field,LDAP الاسم حقل
,ar,LDAP Not Installed,لم يتم تثبيت LDAP 
,ar,LDAP Search String,LDAP بحث سلسلة
,ar,"LDAP Search String needs to end with a placeholder, eg sAMAccountName={0}",يجب أن تنتهي سلسلة بحث LDAP بعنصر نائب ، على سبيل المثال sAMAccountName = {0}
,ar,LDAP Security,أمان LDAP
,ar,LDAP Server Url,خادم LDAP رابط
,ar,LDAP Username Field,LDAP اسم الموظف حقل
,ar,LDAP is not enabled.,لم يتم تمكين LDAP.
,ar,Label Help,مساعدة التسمية 
,ar,Label and Type,التسمية و النوع
,ar,Label is mandatory,التسمية إلزامية
,ar,Landing Page,صفحة الهبوط
,ar,Language,اللغة
,ar,Language Code,كود اللغة
,ar,"Language, Date and Time settings",إعدادات اللغة و التاريخ والوقت 
,ar,Last Active,آخر نشاط في
,ar,Last IP,أخر IP
,ar,Last Known Versions,أخر اصدار معروف
,ar,Last Login,آخر تسجيل دخول
,ar,Last Message,اخر رسالة
,ar,Last Modified By,التحرير الأخير من قبل
,ar,Last Modified Date,تاريخ آخر تحرير
,ar,Last Modified On,آخر تحرير ل
,ar,Last Month,الشهر الماضي
,ar,Last Point Allocation Date,تاريخ تخصيص النقطة الأخيرة
,ar,Last Quarter,الربع الأخير
,ar,Last Synced On,آخر مزامنة في
,ar,Last Updated By,آخر تحديث بواسطة
,ar,Last Updated On,آخر تحديث يوم
,ar,Last User,آخر موظف
,ar,Last Week,الاسبوع الماضي
,ar,Last Year,العام الماضي
,ar,Last synced {0},آخر مزامنة {0}
,ar,Leave a Comment,أترك تعليق
,ar,Leave blank to repeat always,اتركه فارغ لتكرار دائما
,ar,Leave this conversation,ترك هذه المحادثة
,ar,Left this conversation,تركت هذه المحادثة
,ar,Length,طول
,ar,Length of {0} should be between 1 and 1000,يجب أن يكون طول {0} بين 1 و 1000
,ar,Let's avoid repeated words and characters,دعونا تجنب الكلمات المكررة وشخصيات
,ar,Let's prepare the system for first use.,دعونا نقوم بإعداد النظام للمرة الاولى.
,ar,Letter,رسالة
,ar,Letter Head Based On,رأس الصفحة بناء على
,ar,Letter Head Image,صورة رأس الصفحة
,ar,Letter Head Name,اسم ترئيس الصفحة
,ar,Letter Head in HTML,ترئيس الصفحة كصيغة HTML
,ar,Level Name,اسم المستوى
,ar,Liked,أعجب
,ar,Liked By,أعجب بواسطة
,ar,Liked by {0},يعجب بـ {0}
,ar,Likes,اعجابات
,ar,Limit Number of DB Backups,الحد من عدد النسخ الاحتياطية لقاعدة البيانات
,ar,Line,سطر
,ar,Link DocType,رابط الاستمارة
,ar,Link Expired,انتهت صلاحية الرابط
,ar,Link Name,اسم الرابط
,ar,Link Title,رابط العنوان
,ar,"Link that is the website home page. Standard Links (index, login, products, blog, about, contact)",ربط هذا هو الصفحة الرئيسية ل موقع الويب. روابط القياسية ( مؤشر ، تسجيل الدخول ، والمنتجات، مدونة، عن، الاتصال )
,ar,Link to the page you want to open. Leave blank if you want to make it a group parent.,الرابط إلى الصفحة التي تريد فتحها. اتركه فارغا إذا كنت تريد أن تجعل من أحد الأصول المجموعة.
,ar,Linked,مرتبط
,ar,Linked With,مرتبط مع 
,ar,Linked with {0},مرتبط ب {0}
,ar,Links,الروابط
,ar,List,قائمة
,ar,List Filter,فلترة القائمة
,ar,List View Setting,قائمة عرض الإعداد
,ar,List a document type,قائمة نوع مستند
,ar,"List as [{""label"": _(""Jobs""), ""route"":""jobs""}]","القائمة كما [{ ""التسمية"": _ ( ""وظائف"")، ""الطريق"": ""وظائف""}]"
,ar,List of backups available for download,قائمة احتياطية متوفرة للتحميل
,ar,List of patches executed,قائمة التصحيحات المنفذة
,ar,List of themes for Website.,قائمة من السمات عن الموقع.
,ar,Load Balancing,توازن الأحمال
,ar,Loading,تحميل
,ar,Local DocType,نوع المستند المحلي
,ar,Local Fieldname,إسم الحقل المحلي
,ar,Local Primary Key,مفتاح أساسي محلي
,ar,Locals,محلي
,ar,Log Details,تفاصيل السجل
,ar,Log of Scheduler Errors,سجل من الأخطاء جدولة
,ar,Log of error during requests.,تسجيل الخطأ خلال الأمرات.
,ar,Log of error on automated events (scheduler).,تسجيل من خطأ على الأحداث الآلي ( جدولة ) .
,ar,Logged Out,تسجيل الخروج
,ar,Logged in as Guest or Administrator,تم تسجيل الدخول كضيف أو مدير النظام
,ar,Login,دخول
,ar,Login After,الدخول بعد
,ar,Login Before,تسجيل الدخول قبل
,ar,Login Id is required,مطلوب رقم تسجيل الدخول
,ar,Login Required,تسجيل الدخول مطلوب
,ar,Login Verification Code from {},رمز التحقق من تسجيل الدخول من {}
,ar,Login and view in Browser,تسجيل الدخول وعرض في المتصفح
,ar,Login not allowed at this time,تسجيل الدخول غير مسموح في هذا الوقت
,ar,"Login session expired, refresh page to retry",انتهت صلاحية جلسة تسجيل الدخول، ثم حدث الصفحة لإعادة المحاولة
,ar,Login to comment,سجل الدخول للتعليق
,ar,Login token required,رمز الدخول المطلوب
,ar,Login with LDAP,تسجيل الدخول مع LDAP
,ar,Logout,خروج
,ar,Long Text,نص طويل
,ar,Looks like something is wrong with this site's Paypal configuration.,يبدو أن هناك شيئا خاطئا مع هذا التكوين باي بال لهذا الموقع.
,ar,Looks like something is wrong with this site's payment gateway configuration. No payment has been made.,يبدو أن هناك خطأ ما مع التكوين بوابة الدفع لهذا الموقع. لم يتم إحراز أي دفع.
,ar,"Looks like something went wrong during the transaction. Since we haven't confirmed the payment, Paypal will automatically refund you this amount. If it doesn't, please send us an email and mention the Correlation ID: {0}.",يبدو وكأنه شيء على ما يرام أثناء العملية. وبما أننا لم تؤكد عملية الدفع، سوف باي بال برد تلقائيا هذا المبلغ. إذا لم يحدث ذلك، يرجى مراسلتنا على البريد الإلكتروني، وأذكر رقم الارتباط: {0}.
,ar,Madam,سيدتي
,ar,Main Section,القسم العام
,ar,"Make ""name"" searchable in Global Search","اجعل ""الاسم"" قابلا للبحث في البحث الشامل"
,ar,Make use of longer keyboard patterns,استفد من أنماط لوحة المفاتيح الأطول
,ar,Manage Third Party Apps,إدارة تطبيقات الجهات الخارجية
,ar,Mandatory Information missing:,معلومات إلزامية مفقوده:
,ar,Mandatory field: set role for,الحقل إلزامي :تعيين الدور الوظيفي ل
,ar,Mandatory field: {0},حقل إلزامي: {0}
,ar,"Mandatory fields required in table {0}, Row {1}",الحقول الالزامية في جدول {0} صف رقم {1} مطلوبة
,ar,Mandatory fields required in {0},الحقول الإلزامية المطلوبة في {0}
,ar,Mandatory:,إلزامية:
,ar,Mapping Name,اسم الخرائط
,ar,Mappings,تعيينات
,ar,Mark as Read,ضع إشارة مقروء
,ar,Mark as Spam,علامة كدعاية غير مرغوب فيه 
,ar,Mark as Unread,حدده كغير مقروء
,ar,Markdown,مصغر
,ar,Markdown Editor,محرر مصغر
,ar,Marked As Spam,محددة كدعايات غير مرغوب فيه 
,ar,Max 500 records at a time,500 سجل كحد أقصى في نفس الوقت
,ar,Max Attachment Size (in MB),أقصى حجم للمرفقات (ميجابايت)
,ar,Max Attachments,الحد الأقصى للمرفقات
,ar,Max Length,الحد الاقصى للطول
,ar,Max Value,القيمة القصوى
,ar,Max width for type Currency is 100px in row {0},عرض ماكس لنوع العملة هو 100px في الصف {0}
,ar,Maximum Attachment Limit for this record reached.,تم بلوغ الحد الأقصى لمرفقات هذا السجل
,ar,Maximum {0} rows allowed,الحد الأقصى {0} الصفوف المسموح
,ar,"Meaning of Submit, Cancel, Amend",معنى تسجيل ، إلغاء وتحرير
,ar,Mention transaction completion page URL,ذكر عنوان url لصفحة إتمام المعاملة
,ar,Mentions,يذكر
,ar,Menu,الخيارات
,ar,Merchant ID,رقم التاجر
,ar,Merge with existing,دمج مع الحالي
,ar,Merging is only possible between Group-to-Group or Leaf Node-to-Leaf Node,الدمج مسموح فقط بين مجموعة ومجموعة أو فرع وفرع<br>Merging is only possible between Group-to-Group or Leaf Node-to-Leaf Node
,ar,Message Count,عدد الرسائل
,ar,Message ID,رقم الرسالة
,ar,Message Parameter,معامل الرسالة
,ar,Message Preview,معاينة الرسالة
,ar,Message clipped,رسالة مقصوصة
,ar,Message not setup,لم يتم إعداد الرسالة
,ar,Message to be displayed on successful completion (only for Guest users),الرسالة التي سيتم عرضها عند الانتهاء بنجاح (فقط لموظفي الضيف)
,ar,Message-id,رقم الرسالة
,ar,Meta Tags,الأشارات تاج
,ar,Migration ID Field,رقم حقل الأندماج
,ar,Milestone,مرحلة
,ar,Milestone Tracker,متتبع المراحل
,ar,Minimum Password Score,الحد الأدنى من كلمة المرور
,ar,Miss,مفقود
,ar,Missing Fields,حقول مفقودة
,ar,Missing parameter Kanban Board Name,المعيار مفقودة كانبان اسم المجلس
,ar,Missing parameters for login,المعايير المفقودة لتسجيل الدخول
,ar,Models (building blocks) of the Application,نماذج (اللبنات) من التطبيق
,ar,Modified By,عدل بوسطة
,ar,Module,وحدة
,ar,Module Def,رقم وحدة برمجية
,ar,Module Name,اسم وحدة
,ar,Module Not Found,لم يتم العثور على وحدة برمجية
,ar,Module Path,مسار وحدة برمجية 
,ar,Module to Export,وحدة لتصدير
,ar,Modules HTML,وحدات HTML
,ar,Monospace,معدل النصوص والشروط
,ar,More articles on {0},المزيد من المقالات حول {0}
,ar,More content for the bottom of the page.,المزيد من المحتوى لأسفل الصفحة.
,ar,Most Used,الأكثر استخداما
,ar,Move To,الانتقال إلى
,ar,Move To Trash,ارسال الى سلة المحذوفات
,ar,Move to Row Number,الانتقال إلى رقم الصف
,ar,Mr,السيد
,ar,Mrs,السيدة
,ar,Ms,السيدة
,ar,Multiple root nodes not allowed.,غير مسموح بالفروع الجذرية المتعددة.
,ar,Multiplier Field,حقل المضاعف
,ar,"Must be of type ""Attach Image""","يجب أن يكون من نوع ""إرفاق صورة"""
,ar,Must have report permission to access this report.,يجب أن يكون لديك صلاحية تقارير للوصول إلى هذا التقرير.
,ar,Must specify a Query to run,يجب تحديد استعلام لتشغيل
,ar,Mute Sounds,كتم الصوتيات
,ar,MyISAM,MYISAM
,ar,Name Case,اسم المشكلة
,ar,Name cannot contain special characters like {0},الإسم لا يمكن أن يحتوي على أحرف خاصة مثل {0}
,ar,Name not set via prompt,لم يتم تعيين الاسم عبر المطالبة
,ar,Name of the Document Type (DocType) you want this field to be linked to. e.g. Customer,اسم نوع المستند (DOCTYPE) تريد هذا الحقل لتكون مرتبطة. على سبيل المثال العملاء
,ar,Name of the new Print Format,اسم الشكل الجديد طباعة
,ar,Name of {0} cannot be {1},اسم {0} لا يمكن أن يكون {1}
,ar,Names and surnames by themselves are easy to guess.,الأسماء والألقاب في حد ذاتها سهلة التخمين.
,ar,Naming,التسمية
,ar,"Naming Options:\n<ol><li><b>field:[fieldname]</b> - By Field</li><li><b>naming_series:</b> - By Naming Series (field called naming_series must be present</li><li><b>Prompt</b> - Prompt user for a name</li><li><b>[series]</b> - Series by prefix (separated by a dot); for example PRE.#####</li>\n<li><b>format:EXAMPLE-{MM}morewords{fieldname1}-{fieldname2}-{#####}</b> - Replace all braced words (fieldnames, date words (DD, MM, YY), series) with their value. Outside braces, any characters can be used.</li></ol>","خيارات التسمية: <ol style=""""><li style=""""> <b>الحقل: [اسم المجال]</b> - حسب الحقل </li><li style=""""> <b>naming_series:</b> - حسب تسمية السلسلة (يجب أن يكون الحقل الذي يسمى naming_series موجودًا </li><li style=""""> <b>موجه</b> - موجه الموظف لاسم </li><li style=""""> <b>[سلسلة]</b> - سلسلة بالبادئة (مفصولة بنقطة) ؛ على سبيل المثال PRE. </li><li style=""""> <b>التنسيق: EXAMPLE- {MM} morewords {fieldname1} - {fieldname2} - {#####}</b> - استبدل جميع الكلمات <b>المتكوّنة (أسماء الحقول</b> ، كلمات التاريخ (DD ، MM ، YY) ، السلاسل) مع قيمتها. الأقواس الخارجية ، يمكن استخدام أي أحرف. </li></ol>"
,ar,Naming Series mandatory,تسمية سلسلة إلزامي
,ar,Nested set error. Please contact the Administrator.,خطأ مجموعة متداخلة . يرجى الاتصال بمدير البرنامج.
,ar,New Activity,نشاط جديد
,ar,New Chat,دردشة جديدة
,ar,New Comment on {0}: {1},تعليق جديد على {0}: {1}
,ar,New Connection,اتصال جديد
,ar,New Custom Print Format,تنسيق طباعة مخصص جديد
,ar,New Email,بريد إلكتروني جديد
,ar,New Email Account,حساب بريد إلكتروني جديد
,ar,New Event,حدث جديد
,ar,New Folder,ملف جديد
,ar,New Kanban Board,شريحة كانبان جديدة
,ar,New Message from Website Contact Page,رسالة جديدة من موقع الاتصال الصفحة
,ar,New Name,اسم جديد
,ar,New Newsletter,النشرة الإخبارية جديدة
,ar,New Password,كلمة مرور جديدة
,ar,New Password Required.,كلمة مرور جديدة مطلوبة.
,ar,New Print Format Name,اسم تنسيق طباعة جديد
,ar,New Report name,اسم التقرير الجديد
,ar,New Value,قيمة جديدة
,ar,New data will be inserted.,سيتم إدراج البيانات الجديدة.
,ar,New updates are available,تحديثات جديدة متاحة
,ar,New value to be set,القيمة الجديدة التي سيتم تحديدها
,ar,New {0},{0} جديد
,ar,New {} releases for the following apps are available,تتوفر {} إصدارات جديدة للتطبيقات التالية
,ar,Newsletter Email Group,البريد الإلكتروني المجموعة البريدية
,ar,Newsletter Manager,مدير النشرة الإخبارية
,ar,Newsletter has already been sent,الرسالة الإخبارية قد تم إرسالها من قبل
,ar,"Newsletters to contacts, leads.",النشرات الإخبارية إلى جهات الاتصال، ويؤدي.
,ar,Next Action Email Template,نموذج البريد الإلكتروني للإجراء التالي
,ar,Next Actions HTML,العمليات القادمة HTML
,ar,Next Schedule Date,تاريخ الجدول التالي
,ar,Next Scheduled Date,التاريخ المجدول التالي
,ar,Next State,الحالية التالية
,ar,Next Sync Token,رمز المزامنة التالي
,ar,Next actions,الإجراءات التالية
,ar,No Active Sessions,ليست هناك جلسات نشطة
,ar,No Copy,اي نسخة
,ar,No Email Account,ليس لديك حساب البريد الإلكتروني
,ar,No Email Accounts Assigned,لم يتم تعيين حسابات بريد إلكتروني
,ar,No Emails,لا رسائل بريد الإلكتروني
,ar,No Label,بلا تسمية
,ar,No Permissions Specified,ليس لديك الصلاحية المطلوبة
,ar,No Permissions set for this criteria.,لم يحدد ضوابط لهذه المعايير.
,ar,No Preview,لا معاينة
,ar,No Preview Available,لا تتوفر معاينة
,ar,No Printer is Available.,لا يوجد طابعة متاحة.
,ar,No Results,لا يوجد نتائج
,ar,No Tags,لا إشارات
,ar,No alerts for today,لا تنبيهات لهذا اليوم
,ar,No comments yet,لا توجد تعليقات حتى الآن
,ar,No comments yet. Start a new discussion.,لا تعليقات حتى الآن. بدء مناقشة جديدة.
,ar,No data found in the file. Please reattach the new file with data.,لم يتم العثور على بيانات في الملف. الرجاء إعادة إرفاق الملف الجديد بالبيانات.
,ar,No document found for given filters,لم يتم العثور على أي مستند حسب الفلاتر المحددة
,ar,"No fields found that can be used as a Kanban Column. Use the Customize Form to add a Custom Field of type ""Select"".","لم يتم العثور على الحقول التي يمكن استخدامها كعمود كانبان. استخدم ""تخصيص نموذج"" لإضافة حقل مخصص من النوع ""تحديد""."
,ar,No file attached,أي ملف مرفق
,ar,No further records,لا توجد سجلات أخرى
,ar,No matching records. Search something new,لا توجد سجلات مطابقة. ابحث عن شيء جديد
,ar,"No need for symbols, digits, or uppercase letters.",لا حاجة لرموز أو أرقام أو أحرف كبيرة.
,ar,No of Columns,عدد الأعمدة
,ar,No of Rows (Max 500),عدد الصفوف (بحد أقصى 500)
,ar,No of emails remaining to be synced,عدد رسائل البريد الإلكتروني المتبقية ليكون مزامن
,ar,No permission for {0},لا يوجد صلاحية لـ {0}
,ar,No permission to '{0}' {1},لا توجد صلاحية ل '{0} ' {1}
,ar,No permission to read {0},ليس هناك صلاحية لقراءة {0}
,ar,No permission to {0} {1} {2},لا يوجد صلاحية إلى {0} {1} {2}
,ar,No records deleted,لا توجد سجلات محذوفة
,ar,No records present in {0},لا توجد سجلات في {0}
,ar,No records tagged.,لا توجد سجلات معلمة.
,ar,No template found at path: {0},لم يتم العثور على نموذج في المسار: {0}
,ar,No {0} found,لا يوجد بيانات لـ {0}
,ar,No {0} mail,لا {0} الإلكتروني
,ar,No {0} permission,لا {0} صلاحية
,ar,None: End of Workflow,لا شيء: نهاية سير العمل
,ar,Not Allowed: Disabled User,غير مسموح به: موظف معطل
,ar,Not Ancestors Of,ليس من الأصول
,ar,Not Descendants Of,ليس من الفروع
,ar,Not Equals,لا تساوي
,ar,Not In,ليس في
,ar,Not Linked to any record,غير مرتبط بأي سجل
,ar,Not Published,لم تنشر
,ar,Not Saved,لم يتم الحفظ
,ar,Not Seen,لا أرى
,ar,Not Sent,لا ترسل
,ar,Not Set,غير محدد
,ar,Not a valid Comma Separated Value (CSV File),ليس صحيحا القيمة المفصولة بفواصل ( CSV ملف)
,ar,Not a valid User Image.,ليست صورة صحيحة للموظف.
,ar,Not a valid Workflow Action,ليس إجراء سير عمل صحيح
,ar,Not a valid user,موظف غير صحيح
,ar,Not a zip file,ليس ملف مضغوط
,ar,Not allowed for {0}: {1},غير مسموح لـ {0}: {1}
,ar,Not allowed for {0}: {1} in Row {2}. Restricted field: {3},غير مسموح به {0}: {1} في الصف {2}. المجال المحظور: {3}
,ar,Not allowed for {0}: {1}. Restricted field: {2},غير مسموح لـ {0}: {1}. المجال المقيد: {2}
,ar,Not allowed to Import,لا يسمح ل استيراد
,ar,Not allowed to change {0} after submission,لا يسمح لتغيير {0} بعد ترحيل
,ar,Not allowed to print cancelled documents,لا يسمح لطباعة المستندات الملغاة
,ar,Not allowed to print draft documents,لا يسمح لطباعة مسودات المستندات
,ar,Not enough permission to see links,ليس هناك صلاحية كاف لمشاهدة الروابط
,ar,Not in Developer Mode,ليس في وضع مطور البرامج
,ar,Not in Developer Mode! Set in site_config.json or make 'Custom' DocType.,"ليس في وضع المطور! يقع في site_config.json أو جعل DOCTYPE ""مخصص""."
,ar,Note Seen By,ملاحظة تم مشاهدتها بواسطة 
,ar,Note:,ملحوظة:
,ar,Note: By default emails for failed backups are sent.,ملاحظة: يتم إرسال رسائل البريد الإلكتروني الافتراضية لعمليات النسخ الاحتياطي الفاشلة.
,ar,Note: Changing the Page Name will break previous URL to this page.,ملاحظة: يؤدي تغيير اسم الصفحة إلى فشل عنوان URL السابق لهذه الصفحة.
,ar,"Note: For best results, images must be of the same size and width must be greater than height.",ملاحظة: للحصول على أفضل النتائج ، يجب أن تكون الصور بنفس الحجم والعرض يجب أن يكون أكبر من الارتفاع.
,ar,Note: Multiple sessions will be allowed in case of mobile device,ملاحظة: سيتم السماح جلسات متعددة في حالة جهاز الموبايل
,ar,Nothing to show,لا شيء لإظهار
,ar,Nothing to update,لا شيء للتحديث
,ar,Notification,إشعار
,ar,Notification Recipient,مستلم الأشعار
,ar,Notification Tones,نغمات الأشعار
,ar,Notifications,إشعارات
,ar,Notifications and bulk mails will be sent from this outgoing server.,سيتم إرسال إشعارات ورسائل السائبة من هذا الخادم المنتهية ولايته.
,ar,Notify Users On Every Login,إشعار الموظفين على كل تسجيل الدخول
,ar,Notify if unreplied,يتم الأشعار إذا لم يتم الرد
,ar,Notify if unreplied for (in mins),يتم الأشعار إذا لم يتم الرد ل (في دقيقة)
,ar,Notify users with a popup when they log in,إشعار الموظفين مع منبثقة عندما يقومون بتسجيل الدخول
,ar,Number Format,تنسيق الرقم
,ar,Number of Backups,عدد النسخ الاحتياطية
,ar,Number of DB Backups,عدد النسخ الاحتياطية DB
,ar,Number of DB backups cannot be less than 1,لا يمكن أن يكون عدد نسخ DB الاحتياطية أقل من 1
,ar,Number of columns for a field in a Grid (Total Columns in a grid should be less than 11),عدد الأعمدة للحقل في الشبكة (يجب أن يكون مجموع الأعمدة في شبكة أقل من 11)
,ar,Number of columns for a field in a List View or a Grid (Total Columns should be less than 11),عدد الأعمدة للحقل في قائمة عرض أو الشبكة (يجب أن يكون مجموع الأعمدة أقل من 11)
,ar,OAuth Authorization Code,مصادقة رمز التفويض
,ar,OAuth Bearer Token,حامل رمز المصادقة
,ar,OAuth Client,عميل OAuth
,ar,OAuth Provider Settings,إعدادات موفرOAuth
,ar,OTP App,تطبيق كلمة السر الفريدة
,ar,OTP Issuer Name,اسم جهة المُصدر
,ar,OTP Secret has been reset. Re-registration will be required on next login.,تمت إعادة تعيين كلمة سر المصُدر. سوف تكون هناك حاجة لإعادة التسجيل على تسجيل الدخول المقبل.
,ar,OTP secret can only be reset by the Administrator.,لا يمكن إعادة تعيين كلمة سر المصُدر إلا بواسطة المدير النظام.
,ar,Office,أوفيس
,ar,Office 365,أوفيس 365
,ar,Old Password,كلمة المرور القديمة
,ar,Old Password Required.,كلمة المرور القديمة مطلوبة.
,ar,Older backups will be automatically deleted,سيتم حذف النسخ الاحتياطية القديمة تلقائيا
,ar,"On {0}, {1} wrote:",على {0}، {1} كتب:
,ar,"Once submitted, submittable documents cannot be changed. They can only be Cancelled and Amended.",بمجرد إرسالها ، لا يمكن تغيير المستندات المقدمة. يمكن إلغاؤها وتحريرها فقط.
,ar,"Once you have set this, the users will only be able access documents (eg. Blog Post) where the link exists (eg. Blogger).",وبمجرد الانتهاء من تعيين هذه ، سوف يكون الموظفون قادرين فقط الوصول إلى المستندات (على سبيل المثال مدونة بوست) حيث يوجد رابط (مثل مدون ) .
,ar,One Last Step,خطوة أخيرة واحدة
,ar,One Time Password (OTP) Registration Code from {},كلمة المرور لمرة واحدة (OTP) رمز التسجيل من {}
,ar,Only 200 inserts allowed in one request,فقط 200 إدراج سمحت في طلب واحد
,ar,Only Administrator can delete Email Queue,يمكن فقط للمدير النظام حذف قائمة انتظار البريد الإلكتروني
,ar,Only Administrator can edit,مدير النظام فقط يمكنه التحرير
,ar,Only Administrator can save a standard report. Please rename and save.,مدير النظام فقط يمكن حفظ تقرير القياسية. الرجاء إعادة تسمية وحفظ.
,ar,Only Administrator is allowed to use Recorder,يسمح فقط لمدير النظام باستخدام Recorder
,ar,Only Allow Edit For,السماح بالتحرير فقط لـ
,ar,Only Send Records Updated in Last X Hours,فقط إرسال السجلات التي تم تحديثها في آخر X ساعات
,ar,Only mandatory fields are necessary for new records. You can delete non-mandatory columns if you wish.,ضرورية لسجلات جديدة الحقول الإلزامية فقط. يمكنك حذف الأعمدة غير الإلزامية إذا كنت ترغب في ذلك.
,ar,Only standard DocTypes are allowed to be customized from Customize Form.,يُسمح بتخصيص أنواع DocTypes القياسية فقط من تخصيص النموذج.
,ar,Only users involved in the document are listed,يتم سرد فقط الموظفين المشاركين في المستند
,ar,Oops! Something went wrong,عذارا! حدث شيئا ما خطاء
,ar,"Oops, you are not allowed to know that",عذرا، لا يسمح لك ان تعرف ذلك
,ar,Open Link,فتح الرابط
,ar,Open Source Applications for the Web,التطبيقات المفتوحة المصدر لشبكة الإنترنت
,ar,Open Translation,فتح الترجمة
,ar,Open a dialog with mandatory fields to create a new record quickly,افتح مربع حوار مع الحقول الإلزامية لإنشاء سجل جديد بسرعة
,ar,Open a module or tool,فتح وحدة نموذجية أو أداة
,ar,Open your authentication app on your mobile phone.,افتح تطبيق المصادقة على هاتفك الهاتف المحمول.
,ar,Open {0},مفتوحة {0}
,ar,Opened,افتتح
,ar,Operator must be one of {0},يجب أن يكون المشغل واحدا من {0}
,ar,Option 1,الخيار 1
,ar,Option 2,الخيار 2
,ar,Option 3,الخيار 3
,ar,Optional: Always send to these ids. Each Email Address on a new row,اختياري: إرسال دوما إلى هذه الأرقام. كل عنوان البريد الإلكتروني على صف جديد
,ar,Optional: The alert will be sent if this expression is true,اختياري: سيتم إرسال التنبية إذا كان هذا التعبير صحيح
,ar,Options 'Dynamic Link' type of field must point to another Link Field with options as 'DocType',"يجب أن يشير نوع حقل ""الارتباط الديناميكي"" للخيارات إلى حقل ارتباط آخر مع خيارات مثل ""نوع DocType"""
,ar,Options Help,خيارات مساعدة
,ar,Options for select. Each option on a new line.,خيارات للاختيار. كل خيار على سطر جديد.
,ar,Options not set for link field {0},خيارات لم يتم تعيين لحقل الرابط {0}
,ar,Or login with,أو الدخول مع
,ar,Order,أمر
,ar,Org History,تاريخ المنظمة
,ar,Org History Heading,عنوان تاريخ المنظمة
,ar,Orientation,توجيه
,ar,Original Value,القيمة الأصلية
,ar,Outgoing email account not correct,البريد الالكتروني الصادر غير صحيح 
,ar,Output,الناتج
,ar,PDF Page Size,حجم صفحة صيغة PDF
,ar,PDF Settings,إعدادات PDF
,ar,PDF generation failed,فشل إنشاء PDF
,ar,PDF generation failed because of broken image links,فشل إنشاء PDF بسبب الروابط صورة مكسورة
,ar,"PDF printing via ""Raw Print"" is not yet supported. Please remove the printer mapping in Printer Settings and try again.","طباعة PDF عبر ""طباعة خام"" غير مدعومة بعد. يرجى إزالة تعيين الطابعة في إعدادات الطابعة والمحاولة مرة أخرى."
,ar,Page HTML,صفحة HTML
,ar,Page Length,طول الصفحة
,ar,Page Name,اسم الصفحة
,ar,Page Settings,إعدادات الصفحة
,ar,Page has expired!,انتهت صلاحية الصفحة!
,ar,Page not found,لم يتم العثور على الصفحة
,ar,Page to show on the website\n,صفحة ستظهر على الموقع الالكتروني
,ar,Pages in Desk (place holders),الصفحات في مكتب (أصحاب مكان)
,ar,Parent,الأصل 
,ar,Parent Error Snapshot,لقطة شاشة الأصل خطأ
,ar,Parent Label,الإسم الأصل
,ar,Parent Table,الجدول الأصل
,ar,Parent is required to get child table data,اﻷصل مطلوب للحصول على بيانات الجدول الفرعي
,ar,Parent is the name of the document to which the data will get added to.,الأصل هو اسم المستند الذي ستتم إضافة البيانات إليه.
,ar,Partial Success,نجاح جزئي
,ar,Partially Successful,ناجحة جزئيا
,ar,Participants,المشاركين
,ar,Passive,غير فعال
,ar,Password Reset,إعادة تعيين كلمة المرور
,ar,Password Updated,تم تحديث كلمة المرور
,ar,Password for Base DN,كلمة السر لقاعدة DN
,ar,Password is required or select Awaiting Password,كلمة المرور مطلوبة أو اختر كلمة المرور
,ar,Password not found,لم يتم العثور على كلمة السر
,ar,Password reset instructions have been sent to your email,تم إرسال إرشادات إعادة تعيين كلمة السر إلى بريدك الإلكتروني
,ar,Paste,لصق
,ar,Patch,باتش
,ar,Patch Log,سجل التحرير
,ar,Path to CA Certs File,الطريق إلى CA Certs ملف
,ar,Path to Server Certificate,المسار إلى شهادة الخادم
,ar,Path to private Key File,الطريق إلى ملف مفتاح خاص
,ar,PayPal Settings,اعدادات PayPal
,ar,PayPal payment gateway settings,إعدادات بوابة الدفع باي بال
,ar,Payment Cancelled,تم إلغاء الدفع
,ar,Payment Failed,عملية الدفع فشلت
,ar,Payment Success,تم الدفع بنجاح
,ar,Pending Approval,في انتظار الموافقة
,ar,Pending Verification,في انتظار التحقق
,ar,Percent,في المئة
,ar,Percent Complete,في المئة كاملة
,ar,Perm Level,مستوى الصلاحيات
,ar,Permanent,دائم
,ar,Permanently Cancel {0}?,الغاء دائم {0} ؟
,ar,Permanently Submit {0}?,إرسال دائم {0} ؟
,ar,Permanently delete {0}?,حذف بشكل دائم {0} ؟
,ar,Permission Error,خطأ في الصلاحية
,ar,Permission Level,مستوى الصلاحيات
,ar,Permission Levels,صلاحية مستويات
,ar,Permission Rules,صلاحية قوانين
,ar,Permissions,الصلاحيات
,ar,Permissions are automatically applied to Standard Reports and searches.,يتم تطبيق الصلاحيات تلقائيًا على التقارير القياسية وعمليات البحث.
,ar,"Permissions are set on Roles and Document Types (called DocTypes) by setting rights like Read, Write, Create, Delete, Submit, Cancel, Amend, Report, Import, Export, Print, Email and Set User Permissions.",يتم تعيين الصلاحيات على الأدوار الوظيفية و أنواع المستندات (وتسمى DocTypes ) من خلال وضع حقوق مثل القراءة والكتابة ، إنشاء، حذف، إرسال ، الغاء ، تحرير ، تقرير ، استيراد ، تصدير ، طباعة ، البريد الإلكتروني و تعيين صلاحيات الموظف .
,ar,Permissions at higher levels are Field Level permissions. All Fields have a Permission Level set against them and the rules defined at that permissions apply to the field. This is useful in case you want to hide or make certain field read-only for certain Roles.,ضوابط في المستويات العليا هي صلاحيات على مستوى الحقل. جميع الحقول لديها مجموعة مستوى الصلاحيات ضدهم والقواعد المحددة في تلك الصلاحيات تنطبق على هذا الحقل. وهذا مفيد في حال كنت تريد إخفاء أو جعل حقل معين للقراءة فقط لبعض الأدور الوظيفية.
,ar,"Permissions at level 0 are Document Level permissions, i.e. they are primary for access to the document.",صلاحيات على مستوى 0 هي صلاحيات مستوى المستند، أي أنها الأساسي للوصول إلى هذه المستند.
,ar,Permissions get applied on Users based on what Roles they are assigned.,الحصول على تطبيق الصلاحيات على الموظفين على أساس ما الدور الوظيفي التي تم تعيينها .
,ar,Personal,الشخصية
,ar,Personal Data Deletion Request,أمر حذف البيانات الشخصية
,ar,Personal Data Download Request,أمر تنزيل البيانات الشخصية
,ar,Phone No.,رقم الهاتف
,ar,Pick Columns,اختيار الأعمدة
,ar,Plant,مصنع
,ar,Please Duplicate this Website Theme to customize.,يرجى تكرار موضوع موقع الويب هذا للتخصيص.
,ar,Please Enter Your Password to Continue,يرجى إدخال كلمة المرور للمتابعة
,ar,Please Install the ldap3 library via pip to use ldap functionality.,الرجاء تثبيت مكتبة ldap3 عبر النقطة لاستخدام وظيفة ldap.
,ar,Please Update SMS Settings,يرجى تحديث إعدادات الرسائل القصيرة
,ar,Please add a subject to your email,الرجاء إضافة موضوع إلى بريدك الإلكتروني
,ar,Please ask your administrator to verify your sign-up,الرجاء طلب من المشرف التأكد من تسجيلك
,ar,Please attach a file first.,يرجى إرفاق ملف الأول.
,ar,Please attach an image file to set HTML,يرجى إرفاق ملف صورة لضبط HTML
,ar,Please check your email for verification,يرجى مراجعة من بريدك الالكتروني للتحقق
,ar,Please check your registered email address for instructions on how to proceed. Do not close this window as you will have to return to it.,يرجى مراجعة من عنوان بريدك الإلكتروني المسجل للحصول على إرشادات حول كيفية المتابعة. لا تغلق هذه النافذة كما سيكون لديك للعودة إليها.
,ar,Please close this window,الرجاء إغلاق هذه النافذة
,ar,Please confirm your action to {0} this document.,يرجى تأكيد الإجراء الخاص بك إلى {0} هذا المستند.
,ar,Please do not change the rows above {0},من فضلك لا تغيير الصفوف أعلاه {0}
,ar,Please do not change the template headings.,من فضلك لا تغيير عناوين النموذج.
,ar,Please duplicate this to make changes,يرجى تكرار هذه إلى إجراء تغييرات
,ar,Please enable developer mode to create new connection,الرجاء تمكين وضع مطور البرامج لإنشاء اتصال جديد
,ar,Please ensure that your profile has an email address,يرجى التأكد من أن المعرف الخاص بك لديه عنوان البريد الإلكتروني
,ar,Please enter Access Token URL,الرجاء إدخال عنوان URL لرمز الدخول المميز
,ar,Please enter Authorize URL,الرجاء إدخال عنوان URL للمصادقة
,ar,Please enter Base URL,الرجاء إدخال عنوان URL الأساسي
,ar,Please enter Client ID before social login is enabled,الرجاء إدخال رقم العميل قبل تمكين تسجيل الدخول الاجتماعي
,ar,Please enter Client Secret before social login is enabled,الرجاء إدخال كلمة سر العميل قبل تمكين تسجيل الدخول الاجتماعي
,ar,Please enter Redirect URL,الرجاء إدخال عنوان URL لإعادة التوجيه
,ar,Please enter the password,الرجاء إدخال كلمة المرور
,ar,Please enter valid mobile nos,الرجاء إدخال أرقام جوال صحيح
,ar,Please enter values for App Access Key and App Secret Key,الرجاء إدخال قيم التطبيقات مفتاح الوصول والتطبيقات سر مفتاح
,ar,Please make sure that there are no empty columns in the file.,يرجى التأكد من أنه لا توجد أعمدة فارغة في الملف.
,ar,Please make sure the Reference Communication Docs are not circularly linked.,يرجى التأكد من أن مستندات الاتصال المرجعية غير مرتبطة بشكل دائري.
,ar,Please refresh to get the latest document.,يرجى تحديث للحصول على أحدث مستند.
,ar,Please save before attaching.,الرجاء حفظ قبل إرفاق.
,ar,Please save the Newsletter before sending,يرجى حفظ النشرة الإخبارية قبل إرسالها
,ar,Please save the document before assignment,الرجاء حفظ المستند قبل التكليف
,ar,Please save the document before removing assignment,الرجاء حفظ المستند قبل إزالة التكليف
,ar,Please save the report first,يرجى حفظ التقرير أولا
,ar,Please select DocType first,يرجى تحديد DOCTYPE أولا
,ar,Please select Entity Type first,يرجى اختيار نوع الكيان أولا
,ar,Please select Minimum Password Score,يرجى تحديد الحد الأدنى لسجل كلمة المرور
,ar,Please select a Amount Field.,الرجاء تحديد حقل المبلغ.
,ar,Please select a file or url,يرجى تحديد ملف أو URL
,ar,Please select a new name to rename,يرجى تحديد اسم جديد لإعادة التسمية
,ar,Please select a valid csv file with data,يرجى تحديد ملف CSV ساري المفعول مع البيانات
,ar,Please select another payment method. PayPal does not support transactions in currency '{0}',يرجى تحديد طريقة دفع أخرى. باي بال لا تدعم المعاملات بالعملة'{0}'
,ar,Please select another payment method. Razorpay does not support transactions in currency '{0}',يرجى تحديد طريقة دفع أخرى. Razorpay لا يعتمد المعاملات بالعملة'{0}'
,ar,Please select atleast 1 column from {0} to sort/group,يرجى تحديد عمود واحد على الأقل من {0} إلى التصنيف / المجموعة
,ar,Please select document type first.,يرجى تحديد نوع المستند أولا.
,ar,Please select the Document Type.,الرجاء تحديد نوع المستند.
,ar,Please set Base URL in Social Login Key for Frappe,يرجى تعيين عنوان URL الأساسي في مفتاح تسجيل الدخول الاجتماعي لفراب
,ar,Please set Dropbox access keys in your site config,الرجاء تعيين مفاتيح الوصول دروب بو كس في التكوين موقعك
,ar,Please set a printer mapping for this print format in the Printer Settings,يرجى تعيين طابعة لتنسيق الطباعة هذا في إعدادات الطابعة
,ar,Please set filters,يرجى تعيين الفلاتر
,ar,Please set filters value in Report Filter table.,الرجاء تعيين قيمة عوامل الفلترة في جدول فلترة التقرير.
,ar,"Please setup SMS before setting it as an authentication method, via SMS Settings",يرجى إعداد SMS قبل تعيينه كطريقة المصادقة، عبر إعدادات SMS
,ar,Please setup a message first,يرجى إعداد رسالة أولاً
,ar,Please specify which date field must be checked,يرجى تحديد حقل التاريخ الذي يجب التحقق منه
,ar,Please specify which value field must be checked,يرجى تحديد حقل القيمة الذي يجب التحقق منه
,ar,Please try again,حاول مرة اخرى
,ar,Please verify your Email Address,يرجى التحقق من عنوان البريد الإلكتروني الخاص بك
,ar,Point Allocation Periodicity,دورية تخصيص النقاط
,ar,Points,نقاط
,ar,Points Given,النقاط المقدمة
,ar,Port,المنفذ
,ar,Portal Menu,قائمة البوابة 
,ar,Portal Menu Item,صنف قائمة البوابة
,ar,Post,نشر
,ar,Post Comment,نشر تعليقا
,ar,Postal,بريدي
,ar,Postal Code,الرمز البريدي
,ar,Postprocess Method,طرق عملية النشر
,ar,Posts,المشاركات
,ar,Posts by {0},مشاركات {0}
,ar,Posts filed under {0},الوظائف المقدمة في إطار {0}
,ar,Precision,دقة
,ar,Precision should be between 1 and 6,وينبغي أن تكون الدقة بين 1 و 6
,ar,Predictable substitutions like '@' instead of 'a' don't help very much.,بدائل يمكن التنبؤ بها مثل '@' بدلا من 'a' لا يساعد كثيرا جدا.
,ar,Preferred Billing Address,عنوان الفواتير المفضل
,ar,Preferred Shipping Address,عنوان الشحن المفضل
,ar,Prepared Report,أعد التقرير
,ar,Preparing Report,إعداد التقرير
,ar,Preprocess Method,طريقة المعالجة المسبقة
,ar,Press Enter to save,اضغط على إنتر للحفظ
,ar,Preview HTML,معاينة HTML
,ar,Preview Message,عرض الرسالة
,ar,Previous,سابق
,ar,Previous Hash,السابق هاش
,ar,Primary Color,لون أصلي
,ar,Print Documents,طباعة المستندات
,ar,Print Format Builder,منشئ تنسيق الطباعة
,ar,Print Format Help,تنسيق الطباعة مساعدة
,ar,Print Format Type,نوع تنسيق الطباعة
,ar,Print Format {0} is disabled,تم تعطيل تنسيق الطباعة {0}
,ar,Print Hide,اخفاء الطباعة
,ar,Print Hide If No Value,إخفاء الطابعة اذا كان بدون قيمة
,ar,Print Sent to the printer!,تم إرسال الطباعة إلى الطابعة!
,ar,Print Server,خادم الطباعة
,ar,Print Style,تنسيق الطباعة
,ar,Print Style Name,اسم تنسيق الطباعة
,ar,Print Style Preview,معاينة تنسيق الطباعة
,ar,Print Width,عرض الطباعة
,ar,"Print Width of the field, if the field is a column in a table",حقل عرض الطباعة، إذا كان الحقل عمود في الجدول
,ar,Print with letterhead,طباعة مع رأس الصفحة
,ar,Printer,طابعة
,ar,Printer Mapping,تعيين الطابعة
,ar,Printer Name,اسم الطابعة
,ar,Printer Settings,إعدادات الطابعة
,ar,Printing failed,فشلت الطباعة
,ar,Private Key,مفتاح سري
,ar,Private and public Notes.,ملاحظات الخاصة والشاملة.
,ar,ProTip: Add <code>Reference: {{ reference_doctype }} {{ reference_name }}</code> to send document reference,ProTip: إضافة <code>Reference: {{ reference_doctype }} {{ reference_name }}</code> لإرسال مستند مرجعية
,ar,Processing,معالجة
,ar,Processing...,معالجة...
,ar,Prof,بروفيسور
,ar,Progress,تقدم
,ar,Property Setter,واضع الممتلكات
,ar,Property Setter overrides a standard DocType or Field property,واضع الممتلكات يتجاوز على DOCTYPE القياسية أو الممتلكات حقل
,ar,Property Type,نوع الملكية
,ar,Provider,المزود
,ar,Provider Name,اسم المزود
,ar,Public Key,المفتاح العمومي
,ar,Publishable Key,مفتاح قابل للنشر
,ar,Published On,نشرت في
,ar,Pull,سحب. شد
,ar,Pull Failed,فشل السحب
,ar,Pull Insert,سحب إدراج
,ar,Pull Update,سحب تحديث
,ar,Push,إدفع
,ar,Push Delete,اضغط على حذف
,ar,Push Failed,فشل الدفع
,ar,Push Insert,اضغط إدراج
,ar,Push Update,دفع التحديث
,ar,Python Module,وحدة بيثون
,ar,Pyver,Pyver
,ar,QR Code,رمز الاستجابة السريعة
,ar,QR Code for Login Verification,رمز الاستجابة السريعة لتسجيل الدخول
,ar,QZ Tray Connection Active!,اتصال مشاهدة QZ بالموقع!
,ar,QZ Tray Failed:,فشل علبة QZ:
,ar,Quarter Day,ربع يوم
,ar,Query,إستعلام
,ar,Query Report,الاستعلام عن
,ar,Query must be a SELECT,يجب أن يكون الاستعلام SELECT
,ar,Queue should be one of {0},يجب أن تكون قائمة الانتظار واحدة من {0}
,ar,Queued for backup. It may take a few minutes to an hour.,قائمة الانتظار للنسخ الاحتياطي. قد يستغرق الأمر بضع دقائق إلى ساعة.\n<br>\nQueued for backup. It may take a few minutes to an hour.
,ar,Queued for backup. You will receive an email with the download link,قائمة الانتظار للنسخ الاحتياطي. سوف تتلقى رسالة بريد إلكتروني مع رابط التحميل
,ar,Quick Help for Setting Permissions,مساعدة سريعة لوضع ضوابط
,ar,Rating:,تقييم:
,ar,Raw Commands,أوامر الخام
,ar,Raw Email,البريد الإلكتروني الخام
,ar,Raw Printing,الطباعة الخام
,ar,Razorpay Payment gateway settings,إعدادات بوابة الدفع Razorpay
,ar,Razorpay Settings,إعدادات Razorpay
,ar,Re:,رد:
,ar,Re: {0},رد: {0}
,ar,Read,قرأ
,ar,Read Only,للقراءة فقط
,ar,Read by Recipient,قراءة من قبل المتلقي
,ar,Read by Recipient On,قراءة من قبل المتلقي
,ar,Rebuild,إعادة بناء
,ar,Receiver Parameter,معامل المستقبل
,ar,Recent years are easy to guess.,من السهل تخمين السنوات الأخيرة.
,ar,Recipient,مستلم
,ar,Recipient Unsubscribed,المستلم غير مشترك
,ar,Record does not exist,سجل غير موجود
,ar,Records for following doctypes will be filtered,سيتم فلترة السجلات الخاصة بالمجموعات التالية
,ar,Redirect To,إعادة توجيه ل
,ar,Redirect URI Bound To Auth Code,إعادة التوجيه URI ملزمة لكود التفويض
,ar,Redirect URIs,إعادة توجيه URI 
,ar,Redis cache server not running. Please contact Administrator / Tech support,خادم ذاكرة التخزين المؤقت Redis لا يعمل. يرجى الاتصال بالدعم الفني / المسؤول
,ar,Ref DocType,المرجع DOCTYPE
,ar,Ref Report DocType,تقرير المرجع DocType
,ar,Reference DocName,مرجع DocName
,ar,Reference DocType and Reference Name are required,مطلوب نوع المستند المرجعي والاسم المرجعي
,ar,Reference Report,تقرير مرجعي
,ar,Reference: {0} {1},إشارة: {0} {1}
,ar,Refreshing...,جارى التحديث ...
,ar,Register OAuth Client App,تسجيل مصادقة العميل التطبيقات
,ar,Registered but disabled,سجل لكن معطل
,ar,Relapsed,ارتداد
,ar,Relapses,ارتدادات
,ar,Relink,إعادة ربط
,ar,Relink Communication,الاتصالات إعادة ربط
,ar,Relinked,إعادة ربط
,ar,Reload,تحديث
,ar,Remember Last Selected Value,تذكر القيمة الأخيرة المختارة
,ar,Remote,عن بعد
,ar,Remote Fieldname,اسم الحقل البعيد
,ar,Remote ID,رقم عن بعد
,ar,Remote Objectname,اسم الصنف البعيد
,ar,Remote Primary Key,مفتاح أساسي عن بعد
,ar,Remove,إزالة
,ar,Remove Field,إزالة حقل
,ar,Remove Filter,إزالة (فلترة)
,ar,Remove Section,إزالة القسم
,ar,Remove Tag,إزالة العلامة
,ar,Remove all customizations?,إزالة كافة التخصيصات ؟
,ar,Removed {0},إزالة {0}
,ar,Rename many items by uploading a .csv file.,إعادة تسمية العديد من الأصناف عن طريق تحميل ملف CSV .
,ar,Rename {0},إعادة تسمية {0}
,ar,Repeat Header and Footer in PDF,كرر رأس وتذييل الصفحة في PDF
,ar,Repeat On,كرر على
,ar,Repeat Till,تكرار حتى
,ar,Repeat on Day,كرر يوم
,ar,Repeat this Event,كرر هذا الحدث
,ar,"Repeats like ""aaa"" are easy to guess","كما يكرر ""AAA"" من السهل تخمين"
,ar,"Repeats like ""abcabcabc"" are only slightly harder to guess than ""abc""","يكرر مثل ""abcabcabc"" ليست سوى أصعب قليلا لتخمين من ""اي بي سي"""
,ar,Reply,رد
,ar,Reply All,الرد على الجميع
,ar,Report End Time,تقرير وقت الانتهاء
,ar,Report Filters,تقرير فلاتر
,ar,Report Hide,إخفاء التقرير
,ar,Report Manager,مدير التقارير
,ar,Report Name,تقرير الاسم
,ar,Report Start Time,تقرير وقت البدء
,ar,Report cannot be set for Single types,لا يمكن تعيين التقرير لأنواع واحدة
,ar,Report of all document shares,تقرير عن كافة مشاركات المستند
,ar,Report updated successfully,تم تحديث التقرير بنجاح
,ar,Report was not saved (there were errors),لم يتم حفظ التقرير (كانت هناك أخطاء)
,ar,Report {0},تقرير {0}
,ar,Report {0} is disabled,تقرير غير مفعلة {0}
,ar,Report:,أبلغ عن:
,ar,Represents a User in the system.,يمثل الموظف في النظام.
,ar,Represents the states allowed in one document and role assigned to change the state.,يمثل الحالات المسموح بها في مستند واحد والدور المخصص لتغيير الحالة.
,ar,Request Timed Out,طلب مهلة
,ar,Request URL,طلب عنوان URL
,ar,Require Trusted Certificate,طلب شهادة موثوق بها
,ar,Res: {0},الدقة: {0}
,ar,Reset OTP Secret,إعادة تعيين كلمة المرور
,ar,Reset Password,إعادة تعيين كلمة المرور
,ar,Reset Password Key,إعادة تعيين كلمة المرور الرئيسية
,ar,Reset Permissions for {0}?,إعادة تعيين صلاحيات ل {0} ؟
,ar,Reset to defaults,إعادة تعيين إلى الإعدادات الافتراضية
,ar,Reset your password,اعد ضبط كلمه السر
,ar,Response Type,نوع الاستجابة
,ar,Restore,استعادة
,ar,Restore Original Permissions,استعادة الصلاحيات الأصلية
,ar,Restore or permanently delete a document.,استعادة أو حذف مستند نهائيا.
,ar,Restore to default settings?,استعادة الإعدادات الافتراضية؟
,ar,Restored,إستعادة
,ar,Restrict IP,تقييد IP
,ar,Restrict To Domain,تقييد على المجال
,ar,Restrict user for specific document,تقييد الموظف لمستند معين
,ar,Restrict user from this IP address only. Multiple IP addresses can be added by separating with commas. Also accepts partial IP addresses like (111.111.111),تقييد الموظف من هذا العنوان IP فقط. يمكن إضافة عناوين IP متعددة عن طريق فصل بفواصل. يقبل أيضا عناوين IP جزئية مثل (111.111.111)
,ar,Resume Sending,استئناف إرسال
,ar,Retake,استعادة
,ar,Retry,إعادة المحاولة
,ar,Return to the Verification screen and enter the code displayed by your authentication app,ارجع إلى شاشة التحقق وأدخل الرمز المعروض بواسطة تطبيق المصادقة
,ar,Reverse Icon Color,عكس لون الأيقونات
,ar,Revert,العودة
,ar,Revert Of,العودة من
,ar,Reverted,عادت
,ar,Review Level,مراجعة المستوى
,ar,Review Levels,مراجعة المستويات
,ar,Review Points,مراجعة النقاط
,ar,Reviews,التعليقات
,ar,Revoke,سحب
,ar,Revoked,إلغاء
,ar,Rich Text,نص منسق
,ar,Robots.txt,ملف robots.txt
,ar,Role Name,اسم الدور الوظيفي
,ar,Role Permission for Page and Report,صلاحية الدور الوظيفي للصفحة والتقرير
,ar,Role Permissions,صلاحيات الدور الوظيفي
,ar,Role Profile,الملف الشخصي
,ar,Role and Level,مستوى الدور الوظيفي
,ar,Roles,الدور الوظيفي
,ar,Roles Assigned,الدور الوظيفي المسند
,ar,Roles can be set for users from their User page.,الدور الوظيفي يمكن تعيين للموظفين من صفحة الموظف الخاصة بهم.
,ar,Root {0} cannot be deleted,الأصل {0} لا يمكن حذفه
,ar,Round Robin,جولة روبن
,ar,Route History,سجل الطريق
,ar,Route Redirects,إعادة توجيه الطريق
,ar,Route to Success Link,الطريق إلى رابط ناجح
,ar,Row,صف
,ar,Row #{0}:,الصف # {0}:
,ar,Row Index,فهرس الصف
,ar,Row No,الصف رقم
,ar,Row Status,حالة الصف
,ar,Row Values Changed,تم تغيير قيم الصف
,ar,Row {0}: Not allowed to disable Mandatory for standard fields,الصف {0}: غير مسموح له بتعطيل إلزامي للحقول القياسية
,ar,Row {0}: Not allowed to enable Allow on Submit for standard fields,الصف {0}: غير مسموح له بتمكين السماح عند الإرسال للحقول القياسية
,ar,Rows Added,تمت إضافة الصفوف
,ar,Rows Removed,تمت إزالة الصفوف
,ar,Rule,قاعدة
,ar,Rule Name,اسم القاعدة
,ar,Rules defining transition of state in the workflow.,القوانين التي تحدد انتقال الحالة في سير العمل.
,ar,"Rules for how states are transitions, like next state and which role is allowed to change state etc.",قواعد لكيفية انتقال الحالات ، مثل الحالة التالية والدور الذي يُسمح له بتغيير الحالة وما إلى ذلك.
,ar,Run,تشغيل
,ar,Run scheduled jobs only if checked,قم بتشغيل المهام المجدولة فقط إذا تم تحديدها
,ar,S3 Backup Settings,إعدادات النسخ الاحتياطي لـ S3
,ar,S3 Backup complete!,اكتمل النسخ الاحتياطي S3!
,ar,SMS,رسالة قصيرة SMS
,ar,SMS Gateway URL,SMS بوابة URL
,ar,SMS Parameter,SMS متغيرات
,ar,SMS Settings,SMS إعدادات
,ar,SMS sent to following numbers: {0},رسائل SMS أرسلت الى الارقام التالية: {0}
,ar,SMTP Server,SMTP خادم
,ar,SMTP Settings for outgoing emails,إعدادات SMTP لرسائل البريد الإلكتروني الصادرة
,ar,"SQL Conditions. Example: status=""Open""","شروط SQL. على سبيل المثال: الحالة = ""فتح"""
,ar,SSL/TLS Mode,وضع SSL / TLS
,ar,Salesforce,قوة المبيعات
,ar,Same Field is entered more than once,تم إدخال نفس الحقل أكثر من مرة
,ar,Save API Secret:,حفظ سر API:
,ar,Save As,حفظ باسم
,ar,Save Filter,حفظ الفلتر
,ar,Save Report,حفظ التقرير
,ar,Save filters,حفظ الفلاتر
,ar,Saving,حفظ
,ar,Saving...,حفظ...
,ar,Scan the QR Code and enter the resulting code displayed.,امسح رمز الاستجابة السريعة ضوئيًا وأدخل الرمز الناتج المعروض.
,ar,Scopes,مجالات
,ar,Script,سيناريو
,ar,Script Report,تقرير النصي
,ar,Script or Query reports,تقارير النصي أو سؤال
,ar,Script to attach to all web pages.,النصي مرفق على كل صفحات الويب.
,ar,Search Fields,حقول البحث
,ar,Search Help,مساعدة البحث
,ar,Search field {0} is not valid,حقل البحث {0} غير صحيح
,ar,Search for '{0}',البحث عن'{0}'
,ar,Search for anything,البحث عن أي شيء
,ar,Search in a document type,بحث في نوع المستند
,ar,Search or Create a New Chat,البحث أو إنشاء دردشة جديدة
,ar,Search or type a command,بحث أو كتابة أمر
,ar,Search...,بحث...
,ar,Searching,جاري البحث
,ar,Searching ...,جاري البحث ...
,ar,Section Break,فاصل قسم
,ar,Section Heading,قسم العنوان
,ar,Security,حماية
,ar,Security Settings,إعدادات الأمان
,ar,See all past reports.,عرض جميع التقارير السابقة
,ar,See on Website,مشاهدة على الموقع
,ar,See the document at {0},شاهد المستند على {0}
,ar,Seems API Key or API Secret is wrong !!!,يبدو مفتاح API أو API سر من الخطأ !!!
,ar,Seems Publishable Key or Secret Key is wrong !!!,يبدو مفتاح النشر أو المفتاح السري خاطئ!
,ar,"Seems issue with server's razorpay config. Don't worry, in case of failure amount will get refunded to your account.",يبدو المشكلة مع التكوين razorpay الخادم. لا تقلق، في حالة كمية الفشل سوف تحصل ردها إلى حسابك.
,ar,Seems token you are using is invalid!,يبدو الرمز المميز الذي تستخدمه غير صحيح!
,ar,Seen,مشاهدة
,ar,Seen By,تمت مشاهدته بواسطة
,ar,Seen By Table,يشاهد من خلال الجدول
,ar,Select Attachments,حدد المرفقات
,ar,Select Child Table,حدد جدول الفرع
,ar,Select Column,حدد العمود
,ar,Select Columns,تحديد الأعمدة
,ar,Select Document Type,حدد نوع المستند
,ar,Select Document Type or Role to start.,حدد نوع المستند أو الدور الوظيفي للبدء.
,ar,Select Document Types to set which User Permissions are used to limit access.,حدد أنواع المستندات لتعيين صلاحيات الموظف المستخدمة لتقييد الوصول.
,ar,Select File Format,حدد تنسيق الملف
,ar,Select File Type,حدد نوع الملف
,ar,Select Language...,اختار اللغة...
,ar,Select Languages,اختر اللغات
,ar,Select Module,اختر وحدة برمجية
,ar,Select Print Format,حدد تنسيق طباعة
,ar,Select Print Format to Edit,حدد تنسيق طباعة إلى تحرير
,ar,Select Role,حدد الدور الوظيفي
,ar,Select Table Columns for {0},حدد أعمدة الجدول لـ {0}
,ar,Select Your Region,حدد منطقتك
,ar,Select a Brand Image first.,اختر صورة العلامة التجارية لأول مرة.
,ar,Select a DocType to make a new format,أختر DocType لتنشئ تنسيق جديد
,ar,Select a chat to start messaging.,حدد دردشة لبدء الرسائل.
,ar,Select a group node first.,حدد فرع المجموعة أولا.
,ar,Select an existing format to edit or start a new format.,تحديد شكل القائمة لتحرير أو اضافة شكل جديد.
,ar,Select an image of approx width 150px with a transparent background for best results.,اختر صورة بعرض 150px تقريبا مع خلفية شفافة لنتيجة افضل
,ar,Select atleast 1 record for printing,اختر على الأقل سجل 1 للطباعة
,ar,Select or drag across time slots to create a new event.,اختر أو اسحب عبر فتحات الوقت لإنشاء حدث جديد.
,ar,Select records for assignment,حدد السجلات للتكليف
,ar,Select the label after which you want to insert new field.,حدد التسمية التي تريد إدراج حقل جديد بعدها.
,ar,"Select your Country, Time Zone and Currency",اختر بلدك، المنطقة الزمنية والعملات
,ar,Select {0},حدد {0}
,ar,Self approval is not allowed,الموافقة الذاتية غير مسموح بها
,ar,Send After,إرسال بعد
,ar,Send Alert On,إرسال تنبيه في
,ar,Send Email Alert,إرسال تنبيه عبر البريد الإلكتروني
,ar,Send Email Print Attachments as PDF (Recommended),إرسال البريد الإلكتروني المرفقات طباعة بصيغة PDF (يستحسن)
,ar,Send Email for Successful Backup,إرسال بريد إلكتروني للنجاح النسخ الاحتياطي
,ar,Send Me A Copy of Outgoing Emails,أرسل لي نسخة من رسائل البريد الإلكتروني الصادرة
,ar,Send Notification to,إرسال إشعار إلى
,ar,Send Notifications To,إرسال إشعارات إلى
,ar,Send Print as PDF,إرسال الطباعة بصيغة PDF
,ar,Send Read Receipt,إرسال التنبيه بالقرائة
,ar,Send Unsubscribe Link,إرسال رابط إلغاء الإشتراك
,ar,Send Welcome Email,إرسال رسالة ترحيبية
,ar,Send alert if date matches this field's value,إرسال تنبيه إذا تاريخ توافق مع قيمة هذا الحقل
,ar,Send alert if this field's value changes,إرسال تنبيه إذا تغيرت قيمة هذا الحقل
,ar,Send an email reminder in the morning,إرسال رسالة تذكير في الصباح
,ar,Send days before or after the reference date,إرسال أيام قبل أو بعد التاريخ المرجعي
,ar,Send enquiries to this email address,إرسال الاستفسارات إلى عنوان البريد الإلكتروني هذا
,ar,Send me a copy,أرسل لي نسخة
,ar,Send only if there is any data,إرسال فقط إذا كان هناك أي بيانات
,ar,Send unsubscribe message in email,إرسال رسالة إلغاء الاشتراك في البريد الإلكتروني
,ar,Sender,مرسل
,ar,Sender Email,البريد الإلكتروني للمرسل
,ar,Sendgrid,Sendgrid
,ar,Sent Read Receipt,إرسال تنبيه بالقراءة
,ar,Sent or Received,المرسلة أو المستلمة
,ar,Sent/Received Email,البريد المرسل / المستلم
,ar,Server IP,خادم IP
,ar,Session Expired,انتهت الجلسة
,ar,Session Expiry,انتهاء الجلسة
,ar,Session Expiry Mobile,جلسة انتهاء موبايل
,ar,Session Expiry in Hours e.g. 06:00,انتهاء صلاحية الجلسات على سبيل المثال. 06:00
,ar,Session Expiry must be in format {0},يجب أن يكون انتهاء الجلسة بالتنسيق {0}
,ar,Session Start Failed,فشل بدء الجلسة
,ar,Set Banner from Image,تعيين ترويسة من الصورة
,ar,Set Chart,مجموعة الرسم البياني
,ar,Set Filters,ضبط الفلاتر
,ar,Set New Password,وضع كلمة سر جديدة
,ar,Set Number of Backups,تعيين عدد من النسخ الاحتياطية
,ar,Set Only Once,تعيين مرة واحدة فقط
,ar,Set Password,تعيين كلمة المرور
,ar,Set Permissions,تعيين صلاحيات
,ar,Set Permissions on Document Types and Roles,قم بتعيين الصلاحيات لأنواع المستندات والأدوار الوظيفية
,ar,Set Property After Alert,تعيين الملكية بعد تنبيه
,ar,Set Quantity,ضبط الكمية
,ar,Set Role For,تعيين الدور الوظيفي لل
,ar,Set User Permissions,تعيين صلاحيات الموظف
,ar,Set Value,تعيين القيمة
,ar,Set custom roles for page and report,تعيين الأدوار الوظيفية المخصصة للصفحة والتقرير
,ar,"Set default format, page size, print style etc.",تعيين تنسيق افتراضي، حجم الصفحة، نموذج الطباعة الخ
,ar,Set non-standard precision for a Float or Currency field,قم بتحديد كسور عشرية غير قياسية لحقل كسور العملة أو عملة
,ar,Set numbering series for transactions.,تحديد الترقيم المتسلسل للمعاملات .
,ar,Set up rules for user assignments.,إعداد القواعد لتعيينات الموظف.
,ar,Setting this Address Template as default as there is no other default,تحديد قالب العنوان هذا كافتراضي لأنه لا يوجد افتراضي آخر
,ar,Setting up your system,إعداد النظام الخاص بك
,ar,Settings for About Us Page.,إعدادات صفحة من نحن
,ar,Settings for Contact Us Page,إعدادات صفحة الاتصال بنا
,ar,Settings for Contact Us Page.,إعدادات صفحة الاتصال بنا
,ar,Settings for OAuth Provider,إعدادات مزود مصادقة
,ar,Settings for the About Us Page,إعدادات صفحة من نحن
,ar,Setup Auto Email,الإعداد التلقائي البريد الإلكتروني
,ar,Setup Complete,الإعداد كاملة
,ar,Setup Notifications based on various criteria.,إعداد الأشعارات على أساس معايير مختلفة.
,ar,Setup Reports to be emailed at regular intervals,إعداد التقارير ليتم إرسالها بالبريد الإلكتروني على فترات منتظمة
,ar,"Setup of top navigation bar, footer and logo.",الإعداد من أعلى شريط التنقل و تذييل والشعار.
,ar,Share,مشاركة
,ar,Share URL,مشاركة عنوان URL
,ar,Share With,مشاركة مع
,ar,Share this document with,مشاركة هذا المستند مع
,ar,Share {0} with,مشاركة {0} مع
,ar,Shared,مشترك
,ar,Shared With,مشترك مع
,ar,Shared with everyone,مشترك مع الجميع
,ar,Shared with {0},مشترك مع {0}
,ar,Shop,تسوق
,ar,Short keyboard patterns are easy to guess,من السهل تخمين أنماط لوحة المفاتيح القصيرة
,ar,Show Attachments,عرض المرفقات
,ar,Show Calendar,إظهار التقويم
,ar,Show Dashboard,عرض لوحة المعلومات 
,ar,Show Full Error and Allow Reporting of Issues to the Developer,إظهار الخطأ الكامل والسماح بالإبلاغ عن المشكلات إلى المطور
,ar,Show Line Breaks after Sections,إظهار فواصل الأسطر بعد الأقسام
,ar,Show Permissions,مشاهدة الصلاحيات
,ar,Show Preview Popup,إظهار معاينة Popup
,ar,Show Relapses,مشاهدة المعاودة
,ar,Show Report,عرض تقرير
,ar,Show Section Headings,عرض عناوين القسم
,ar,Show Sidebar,مشاهدة الشريط الجانبي
,ar,Show Title,اظهار العنوان
,ar,Show Totals,مشاهدة المجموع
,ar,Show Weekends,عرض عطلة نهاية الاسبوع
,ar,Show all Versions,عرض كل الإصدارات
,ar,Show as Grid,تظهر كشبكة
,ar,Show as cc,كما تظهرCC
,ar,Show failed jobs,مشاهدة الوظائف الفاشلة
,ar,Show in Module Section,عرض في قسم الوحدة البرمجية
,ar,Show in filter,تظهر في الفلتر
,ar,Show more details,إظهار مزيد من التفاصيل
,ar,Show only errors,عرض الأخطاء فقط
,ar,"Show title in browser window as ""Prefix - title""","اظهار العنوان في نافذة المتصفح كما ""بادئة - عنوان"""
,ar,Showing only Numeric fields from Report,عرض حقول رقمية فقط من التقرير
,ar,Sidebar Items,أصناف الشريط الجانبي
,ar,Sidebar Settings,إعدادات الشريط الجانبي
,ar,Sidebar and Comments,الشريط الجانبي وتعليقات
,ar,Sign Up,سجل
,ar,Sign Up is disabled,تم تعطيل الاشتراك
,ar,Signature,توقيع
,ar,"Simple Python Expression, Example: Status in (""Closed"", ""Cancelled"")","تعبير Python البسيط ، مثال: الحالة في (""مغلق"" ، ""تم الإلغاء"")"
,ar,"Simple Python Expression, Example: status == 'Open' and type == 'Bug'",تعبير Python البسيط ، مثال: status == 'Open' واكتب == 'Bug'
,ar,Simultaneous Sessions,جلسات متزامنة
,ar,Single DocTypes cannot be customized.,لا يمكن تخصيص DocTypes مفردة.
,ar,Single Post (article).,نشرة واحدة (المقال).
,ar,Single Types have only one record no tables associated. Values are stored in tabSingles,الأنواع الفردية لها سجل واحد فقط لا توجد جداول مرتبطة به. يتم تخزين القيم في علامات تبويب
,ar,Skip Authorization,تجاهل حق الوصول
,ar,Skip rows with errors,تخطي الصفوف التي بها أخطاء
,ar,Skype,سكايب
,ar,Slack,سلاك
,ar,Slack Channel,قناة سلاك
,ar,Slack Webhook Error,خطأ Slack Webhook
,ar,Slack Webhook URL,Slack Webhook URL
,ar,Slack Webhooks for internal integration,Slack Webhooks من أجل التكامل الداخلي
,ar,Slideshow Items,أصناف عرض الشرائح 
,ar,Slideshow Name,اسم عرض الشرائح 
,ar,Slideshow like display for the website,عرض الشرائح مثل عرض للموقع
,ar,Small Text,نص صغير
,ar,Smallest Currency Fraction Value,أصغر قيمه لكسور العملة
,ar,Smallest circulating fraction unit (coin). For e.g. 1 cent for USD and it should be entered as 0.01,أصغر وحدة كسور متداولة (عملة معدنية). على سبيل المثال سنت واحد للدولار الأمريكي ويجب إدخاله على أنه 0.01
,ar,Snapshot View,مشاهدة لقطة
,ar,Social,اجتماعي
,ar,Social Login Key,مفتاح تسجيل الدخول الاجتماعي
,ar,Social Login Provider,موفر تسجيل الدخول الاجتماعي
,ar,Social Logins,تسجيل الدخول الاجتماعي
,ar,Socketio is not connected. Cannot upload,سوكتيو غير متصل. يتعذر التحميل
,ar,Soft-Bounced,لينة المرتجعة
,ar,Some of the features might not work in your browser. Please update your browser to the latest version.,قد لا تعمل بعض الميزات في المتصفح. يرجى تحديث المتصفح إلى أحدث إصدار.
,ar,Something went wrong,حدث خطأ ما
,ar,Something went wrong while generating dropbox access token. Please check error log for more details.,حدث خطأ ما أثناء إنشاء رمز الدخول إلى DropBox. يرجى التحقق من سجل الخطأ لمزيد من التفاصيل.
,ar,Sorry! I could not find what you were looking for.,"عذراَ ! , لا يمكن العثورعلى ما تبحث عنه."
,ar,Sorry! Sharing with Website User is prohibited.,معذرة! المشاركة مع موظف الموقع محظور.
,ar,Sorry! User should have complete access to their own record.,معذرة! يجب أن يكون للموظف الوصول الكامل إلى السجل الخاصة بهم.
,ar,Sorry! You are not permitted to view this page.,"عذراَ !, غير مسموح لك مشاهدة هذه الصفحة."
,ar,"Sorry, you're not authorized.",عذرا، أنت غير مصرح لك.
,ar,Sort Field,نوع الحقل
,ar,Sort Order,ترتيب
,ar,Sort field {0} must be a valid fieldname,يجب أن يكون حقل التصنيف {0} اسم حقل صالحًا
,ar,Source Text,النص المصدر
,ar,Spam,بريد غير مرغوب فيه
,ar,SparkPost,SparkPost
,ar,Special Characters are not allowed,يمنع استعمال الرموز والأحرف الخاصة
,ar,"Standard DocType cannot have default print format, use Customize Form",لا يمكن أن يكون لـ DocType القياسي تنسيق طباعة افتراضي ، استخدم نموذج مخصص
,ar,Standard Print Format cannot be updated,لا يمكن تحديث تنسيق الطباعة القياسية
,ar,Standard Print Style cannot be changed. Please duplicate to edit.,لا يمكن تغيير نموذج الطباعة القياسي. الرجاء انشاء تكرار نسخة مماثلة وتحريرها.
,ar,Standard Reports,تقارير قياسية
,ar,Standard Sidebar Menu,قائمة الشريط الجانبي الرئيسية
,ar,Standard roles cannot be disabled,الادوار الوظيفية القياسية لا يمكن تعطيلها
,ar,Standard roles cannot be renamed,الأدوار الوظيفية القياسية لا يمكن إعادة تسميتها
,ar,Standings,الترتيب
,ar,Start Date Field,حقل تاريخ البدء
,ar,Start a conversation.,بدء محادثة.
,ar,Start entering data below this line,البدء في إدخال البيانات تحت هذا الخط
,ar,Start new Format,بدء تنسيق جديد
,ar,StartTLS,STARTTLS
,ar,Started,بدأت
,ar,Starting Frappe ...,جارٍ بدء النظام ...
,ar,Starts on,يبدأ يوم
,ar,States,الحالات
,ar,"States for workflow (e.g. Draft, Approved, Cancelled).",حالات سير العمل (على سبيل المثال مسودة ، وافق ، ألغي ) .
,ar,Static Parameters,معايير ثابتة
,ar,Stats based on last month's performance (from {0} to {1}),الإحصائيات بناءً على أداء الشهر الماضي (من {0} إلى {1})
,ar,Stats based on last week's performance (from {0} to {1}),الإحصائيات بناءً على أداء الأسبوع الماضي (من {0} إلى {1})
,ar,Status: {0},الحالة: {0}
,ar,Steps to verify your login,خطوات التحقق من تسجيل الدخول
,ar,Stores the JSON of last known versions of various installed apps. It is used to show release notes.,يخزن JSON من الإصدارات المعروفة الأخيرة من مختلف التطبيقات المثبتة. يتم استخدامها لعرض ملاحظات الإصدار.
,ar,Straight rows of keys are easy to guess,من السهل تخمين صفوف مستقيمة من المفاتيح
,ar,Stripe Settings,إعدادات Stripe 
,ar,Stripe payment gateway settings,إعدادات بوابة الدفع Stripe 
,ar,Style,التنسيق
,ar,Style Settings,إعدادات التنسيق
,ar,"Style represents the button color: Success - Green, Danger - Red, Inverse - Black, Primary - Dark Blue, Info - Light Blue, Warning - Orange",التنسيق يمثل لون الزر: النجاح-الأخضر ، الخطر-الأحمر ، معكوس-الأسود ، أساسي-أزرق داكن ، المعلومات-أزرق سماوي ، تحذير-برتقالي
,ar,Stylesheets for Print Formats,تصميم نماذج الطباعة
,ar,"Sub-currency. For e.g. ""Cent""","كسورالعملات. ل ""سنت"" على سبيل المثال"
,ar,Sub-domain provided by erpnext.com,المجال الفرعي مقدم من erpnext.com
,ar,Subdomain,مجال فرعي
,ar,Subject Field,حقل الموضوع
,ar,Submit after importing,تأكيد بعد الاستيراد
,ar,Submit an Issue,ترحيل المشكلة
,ar,Submit this document to confirm,ترحيل هذا المستند للتأكيد
,ar,Submit {0} documents?,ترحيل{0} مستندات؟
,ar,Submiting {0},ترحيل {0}
,ar,Submitted Document cannot be converted back to draft. Transition row {0},المستند المرحلة لا يمكن تحويلها إلى مسودة row {0}
,ar,Submitting,ترحيل
,ar,Subscription Notification,إشعار الاشتراك
,ar,Subsidiary,شركة فرعية
,ar,Success Action,نجاح العمل
,ar,Success Message,رسالة النجاح
,ar,Success URL,رابط النجاح
,ar,Successful: {0} to {1},ناجح: {0} إلى {1}
,ar,Successfully Done,تمت بنجاح
,ar,Successfully Updated,تم التحديث بنجاح
,ar,Successfully updated translations,تم تحديث الترجمات بنجاح
,ar,Suggested Username: {0},اقترح اسم الموظف : {0}
,ar,Sum,مجموع
,ar,Sum of {0},مجموع {0}
,ar,Support Email Address Not Specified,عنوان البريد الإلكتروني للدعم غير محدد
,ar,Suspend Sending,تعليق إرسال
,ar,Switch To Desk,التبديل إلى مكتب
,ar,Symbol,رمز
,ar,Sync,مزامنة
,ar,Sync on Migrate,المزامنة عند الدمج
,ar,Syntax error in template,خطأ في بناء جملة في النموذج
,ar,System,نظام
,ar,System Page,صفحة النظام
,ar,System Settings,إعدادات النظام
,ar,System User,موظف النظام
,ar,System and Website Users,النظام و الموقع الالكتروني للموظفين
,ar,Table,جدول
,ar,Table Field,حقل الجدول
,ar,Table HTML,جدول HTML
,ar,Table MultiSelect,جدول أختيار متعدد
,ar,Table updated,الجدول محدث
,ar,Table {0} cannot be empty,جدول {0} لا يمكن أن يكون فارغا
,ar,Take Backup Now,ابداء النسخ الاحتياطي الآن
,ar,Take Photo,تصوير
,ar,Team Members,أعضاء الفريق
,ar,Team Members Heading,رئيسي أعضاء الفريق
,ar,Temporarily Disabled,موقوف مؤقتا
,ar,Test Email Address,اختبار عنوان البريد الإلكتروني
,ar,Test Runner,اختبار تشغيل
,ar,Test_Folder,إختبار المجلد
,ar,Text,نص
,ar,Text Align,محاذاة النص
,ar,Text Color,لون الخط
,ar,Text Content,محتوى النص
,ar,Text Editor,محرر النصوص
,ar,Text to be displayed for Link to Web Page if this form has a web page. Link route will be automatically generated based on `page_name` and `parent_website_route`,النصوص يتم عرضها لرابط صفحة الانترنت إذا هذا النموذج لديه صفحة على شبكة الإنترنت. الطريق للرابط سيتم تكوينه تلقائيا على أساس `` page_name` وparent_website_route`
,ar,Thank you for your email,شكرا لك على بريدك الالكتروني
,ar,Thank you for your interest in subscribing to our updates,شكرا لك على اهتمامك في الاشتراك في تحديثاتنا
,ar,Thank you for your message,شكرا لرسالتك
,ar,The CSV format is case sensitive,تنسيق CSV حساس لحالة الأحرف
,ar,The Condition '{0}' is invalid,الشرط '{0}' غير صحيح
,ar,The First User: You,الموظف الأول : أنت
,ar,"The application has been updated to a new version, please refresh this page",تم تحديث التطبيق إلى الإصدار الجديد، يرجى تحديث هذه الصفحة
,ar,The attachments could not be correctly linked to the new document,لا يمكن ربط المرفقات بشكل صحيح مع المستند الجديد
,ar,The document could not be correctly assigned,لا يمكن تعيين المستند بشكل صحيح
,ar,The document has been assigned to {0},تم تعيين المستند إلى {0}
,ar,The first user will become the System Manager (you can change this later).,الموظف الأول سوف تصبح مدير النظام (يمكنك تغيير هذا لاحقا).
,ar,The name that will appear in Google Calendar,الاسم الذي سيظهر في تقويم Google
,ar,The process for deletion of {0} data associated with {1} has been initiated.,بدأت عملية حذف البيانات {0} المرتبطة {1}.
,ar,The resource you are looking for is not available,المصدر الذي تبحث عنه غير متاح
,ar,The system provides many pre-defined roles. You can add new roles to set finer permissions.,ويوفر النظام العديد من الأدوار الوظيفية محددة مسبقا. يمكنك إضافة أدوار وظيفية جديدة لتعيين صلاحيات دقيقة.
,ar,The user from this field will be rewarded points,سيتم مكافأة نقاط الموظف من هذا المجال
,ar,Theme,سمة
,ar,Theme URL,عنوان URL سمة
,ar,There can be only one Fold in a form,يمكن أن يكون هناك طية واحده فقط في الشكل
,ar,There is an error in your Address Template {0},يوجد خطأ في نموذج العناوين {0}
,ar,There is no data to be exported,لا توجد بيانات ليتم تصديرها
,ar,There is some problem with the file url: {0},هناك بعض المشاكل مع رابط الملف: {0}
,ar,There must be atleast one permission rule.,يجب أن يكون هناك على الأقل قاعدة صلاحية واحد.
,ar,"There seems to be an issue with the server's braintree configuration. Don't worry, in case of failure, the amount will get refunded to your account.",يبدو أن هناك مشكلة مع تكوين طباعة الخادم. لا تقلق، في حالة الفشل، سيتم استرداد المبلغ إلى حسابك.
,ar,There should remain at least one System Manager,يجب أن يظل هناك مدير نظام واحد على الأقل
,ar,There was an error saving filters,كان هناك خطأ في حفظ الفلاتر
,ar,There were errors,كانت هناك أخطاء
,ar,There were errors while creating the document. Please try again.,كانت هناك أخطاء أثناء إنشاء المستند. حاول مرة اخرى.
,ar,There were errors while sending email. Please try again.,كانت هناك أخطاء أثناء إرسال البريد الإلكتروني. يرجى المحاولة مرة أخرى.
,ar,"There were some errors setting the name, please contact the administrator",كانت هناك بعض الأخطاء التي تحدد الاسم، يرجى الاتصال بمدير النظام
,ar,These values will be automatically updated in transactions and also will be useful to restrict permissions for this user on transactions containing these values.,وسيتم تحديث هذه القيم تلقائيا في المعاملات وأيضا سوف تكون مفيدة لتقييد الصلاحيات لهذا الموظف على المعاملات التي تحتوي على هذه القيم.
,ar,Third Party Apps,تطبيقات الجهات الخارجية
,ar,Third Party Authentication,إثبات مصادقة الطرف الثالث
,ar,This Currency is disabled. Enable to use in transactions,تم تعطيل هذه العملات . أضغط تمكين لاستخدامها في المعاملات
,ar,This Kanban Board will be private,شريحة كانبان هذه سوف تكون خاصة
,ar,This document cannot be reverted,لا يمكن التراجع عن هذا المستند
,ar,This document has been modified after the email was sent.,تم تحرير هذا المستند بعد إرسال البريد الإلكتروني.
,ar,This document has been reverted,تم إرجاع هذا المستند
,ar,This document is currently queued for execution. Please try again,هذا المستند في قائمة الانتظار حاليا لتنفيذها. حاول مرة اخرى
,ar,This email is autogenerated,تم إنشاء هذا البريد الإلكتروني تلقائيا
,ar,This email was sent to {0},أرسلت هذه الرسالة إلى {0}
,ar,This email was sent to {0} and copied to {1},وقد أرسلت هذه الرسالة الى {0} ونسخها إلى {1}
,ar,This feature is brand new and still experimental,هذه الميزة جديدة ولا تزال تجريبية
,ar,This field will appear only if the fieldname defined here has value OR the rules are true (examples): \nmyfield\neval:doc.myfield=='My Value'\neval:doc.age > 18,"سيظهر هذا المجال إلا إذا كان أسم الحقل المحدد هنا له قيمة أو قواعد صحيحة (أمثلة): myfield حدة التقييم: doc.myfield == ;بلدي القيمة ""وحدة التقييم: doc. ; 18"
,ar,This form does not have any input,هذا النموذج لا يحتوي على اي مدخل
,ar,This form has been modified after you have loaded it,تم تحرير هذا النموذج بعد تحميله
,ar,This format is used if country specific format is not found,يتم استخدام هذا التنسيق إذا لم يتم العثور على تنسيق خاص بالبلد
,ar,This goes above the slideshow.,هذا يذهب فوق عرض الشرائح.
,ar,This is a background report. Please set the appropriate filters and then generate a new one.,هذا هو تقرير الخلفية. يرجى تعيين الفلاتر المناسبة ثم إنشاء واحدة جديدة.
,ar,This is a top-10 common password.,هذا هو كلمة السر المشتركة من أعلى إلى 10.
,ar,This is a top-100 common password.,هذا هو كلمة السر المشتركة من أعلى إلى 100.
,ar,This is a very common password.,هذا هو كلمة شائعة جدا.
,ar,This is an automatically generated reply,هذا الرد تلقائي
,ar,This is similar to a commonly used password.,هذا هو مماثل لكلمة شائعة الاستخدام.
,ar,This is the template file generated with only the rows having some error. You should use this file for correction and import.,هذا هو ملف النموذج الذي تم إنشاؤه مع وجود بعض الأخطاء في الصفوف فقط. يجب استخدام هذا الملف للتصحيح والاستيراد.
,ar,This link has already been activated for verification.,تم تنشيط هذا الرابط بالفعل للتحقق منه.
,ar,This link is invalid or expired. Please make sure you have pasted correctly.,هذا الرابط غير صالح أو منتهي الصلاحية. يرجى التأكد من أنك لصقت بشكل صحيح.
,ar,This may get printed on multiple pages,قد تتم طباعة هذا على صفحات متعددة
,ar,This month,هذا الشهر
,ar,This query style is discontinued,تم إيقاف نموذج أمر البحث هذا
,ar,This report was generated on {0},تم إنشاء هذا التقرير في {0}
,ar,This report was generated {0}.,تم إنشاء هذا التقرير {0}.
,ar,This request has not yet been approved by the user.,لم تتم الموافقة على هذا الأمر من قبل الموظف.
,ar,This role update User Permissions for a user,يقوم هذا الدور الوظيفي بتحديث صلاحيات للموظف
,ar,This will log out {0} from all other devices,سيقوم هذا بتسجيل الخروج {0} من كافة الأجهزة الأخرى
,ar,This will permanently remove your data.,سيؤدي هذا إلى إزالة بياناتك نهائيًا.
,ar,Throttled,محدود
,ar,Thumbnail URL,URL المصغرة
,ar,Time Interval,الفاصل الزمني
,ar,Time Series,السلاسل الزمنية
,ar,Time Series Based On,سلسلة زمنية بناء على
,ar,Time Zone,منطقة زمنية
,ar,Time Zones,من المناطق الزمنية
,ar,Time in seconds to retain QR code image on server. Min:<strong>240</strong>,الوقت في ثوان للاحتفاظ صورة رمز الاستجابة السريعة على الخادم. الحد الأدنى: <strong>240</strong>
,ar,Timeline DocType,DOCTYPE الزمني
,ar,Timeline Field,الجدول الزمني حقل
,ar,Timeline Links,الجدول الزمني وصلات
,ar,Timeline Name,اسم الزمني
,ar,Timeline field must be a Link or Dynamic Link,يجب أن يكون حقل الرسم البياني الزمني رابطًا أو ارتباطًا ديناميكيًا
,ar,Timeline field must be a valid fieldname,يجب أن يكون حقل الرسم البياني الزمني اسم حقل صحيحا
,ar,Timeseries,السلاسل الزمنية
,ar,Timestamp,الطابع الزمني
,ar,Title Case,عنوان المشكلة
,ar,Title Field,حقل العنوان
,ar,Title Prefix,عنوان الاختصار
,ar,Title field must be a valid fieldname,يجب أن يكون حقل العنوان حقل اسم صحيح
,ar,To Date Field,إلى تاريخ الحقل
,ar,To Do,قائمة المهام
,ar,To User,إلى الموظف
,ar,"To add dynamic subject, use jinja tags like\n\n<div><pre><code>New {{ doc.doctype }} #{{ doc.name }}</code></pre></div>","لإضافة موضوع ديناميكي، استخدم إشارات جينجا مثل <div style=""""><pre style=""""> <code>New {{ doc.doctype }} #{{ doc.name }}</code> </pre> </div>"
,ar,"To add dynamic subject, use jinja tags like\n\n<div><pre><code>{{ doc.name }} Delivered</code></pre></div>","لإضافة موضوع ديناميكي، استخدام إشارات جينجا مثل <div style=""""><pre style=""""> <code>{{ doc.name }} Delivered</code> </pre> </div>"
,ar,To and CC,و إلى CC
,ar,"To get the updated report, click on {0}.",للحصول على التقرير المحدّث ، انقر على {0}.
,ar,ToDo,قائمة المهام
,ar,Today,اليوم
,ar,Toggle Chart,تبديل الرسم البياني
,ar,Toggle Charts,تبديل الرسوم البيانية
,ar,Toggle Grid View,تبديل عرض الشبكة
,ar,Toggle Sidebar,تبديل الشريط الجانبي
,ar,Token,رمز
,ar,Token is missing,رمز مفقود
,ar,"Too many users signed up recently, so the registration is disabled. Please try back in an hour",قام عدد كبير جدًا من الموظفين بالتسجيل مؤخرًا ، لذلك تم تعطيل التسجيل. يرجى المحاولة مرة أخرى في غضون ساعة
,ar,Too many writes in one request. Please send smaller requests,يكتب الكثير في طلب واحد. يرجى إرسال طلبات أصغر
,ar,Top Bar Item,صنف الشريط العلوي
,ar,Top Bar Items,قطع الشريط العلوي
,ar,Top Performer,أفضل أداء
,ar,Top Reviewer,كبار المعلقين
,ar,Top {0},أعلى {0}
,ar,Total Pages,إجمالي الصفحات
,ar,Total Rows,إجمالي الصفوف
,ar,Total Subscribers,إجمالي عدد المشتركين
,ar,Total number of emails to sync in initial sync process,إجمالي عدد الرسائل الإلكترونية المراد مزامنتها في عملية المزامنة الأولية
,ar,Totals Row,الصف الكلي
,ar,Track Changes,تتبع التغيرات
,ar,Track Email Status,تتبع حالة البريد الإلكتروني
,ar,Track Field,حقل المسار
,ar,Track Seen,مشاهدة المسار 
,ar,Track Views,طرق عرض المسار
,ar,"Track if your email has been opened by the recipient.\n<br>\nNote: If you're sending to multiple recipients, even if 1 recipient reads the email, it'll be considered ""Opened""","تتبع إذا تم فتح البريد الإلكتروني الخاص بك من قبل المستلم. <br> ملاحظة: إذا كنت ترسل إلى عدة مستلمين ، حتى إذا قرأ أحد المستلمين البريد الإلكتروني ، فسيتم اعتباره ""مفتوح"""
,ar,Track milestones for any document,تتبع المراحل لأي مستند
,ar,Transaction Hash,تجزئة المعاملة
,ar,Transaction Log,سجل المعاملات
,ar,Transaction Log Report,تقرير سجل المعاملات
,ar,Transition Rules,قوانين الانتقال 
,ar,Transitions,الأنتقالات
,ar,Translatable,للترجمة
,ar,Translate {0},ترجمة {0}
,ar,Translated Text,ترجمة النص
,ar,Translation,ترجمة
,ar,Translations,ترجمة
,ar,Trash,سلة المهملات
,ar,Tree,شجرة
,ar,Trigger Method,طريقة الأستهداف
,ar,Trigger Name,اسم الأستهداف
,ar,"Trigger on valid methods like ""before_insert"", ""after_update"", etc (will depend on the DocType selected)","الأستهداف على الطرق الصحيحة مثل ""before_insert""، ""after_update""، وما إلى ذلك (تعتمد على نوع المستند المحدد)"
,ar,Try to avoid repeated words and characters,في محاولة لتجنب الكلمات المكررة وشخصيات
,ar,Try to use a longer keyboard pattern with more turns,حاول استخدام نمط لوحة مفاتيح أطول بمزيد من المنعطفات
,ar,Two Factor Authentication,توثيق ذو عاملين
,ar,Two Factor Authentication method,أسلوب المصادقة المزدوجة
,ar,Type something in the search box to search,اكتب شيئا في مربع البحث للبحث
,ar,Type:,النوع:
,ar,UID,رمز الموظف
,ar,UIDNEXT,UIDNEXT
,ar,UIDVALIDITY,UIDVALIDITY
,ar,UNSEEN,غير مرئي
,ar,UPPER CASE,الأحرف الكبيرة
,ar,"URIs for receiving authorization code once the user allows access, as well as failure responses. Typically a REST endpoint exposed by the Client App.\n<br>e.g. http://hostname//api/method/frappe.www.login.login_via_facebook",محددات لاستقبال رمز التفويض مرة واحدة يتيح للموظف الوصول، وكذلك ردود الفشل. عادة ما يكون نقطة النهاية بقية عرضة للخطر من قبل العميل التطبيقات. <br> على سبيل المثال HTTP: //hostname//api/method/frappe.www.login.login_via_facebook
,ar,URLs,عناوين
,ar,Unable to find attachment {0},تعذر العثور على مرفق {0}
,ar,Unable to load camera.,تعذر تحميل الكاميرا.
,ar,Unable to load: {0},غير قادر على تحميل: {0}
,ar,Unable to open attached file. Did you export it as CSV?,تعذر فتح الملف المرفق. هل تم تصديره ك CSV؟
,ar,Unable to read file format for {0},تعذر قراءة تنسيق الملف {0}
,ar,Unable to send emails at this time,غير قادر على إرسال رسائل البريد الإلكتروني في هذا الوقت
,ar,Unable to update event,غير قادر على تحديث الحدث
,ar,Unable to write file format for {0},تعذر كتابة تنسيق الملف {0}
,ar,Unassign Condition,إلغاء تعيين الشرط
,ar,Under Development,تحت التطوير
,ar,Unfollow,الغاء المتابعة
,ar,Unhandled Email,البريد الإلكتروني غير معالج
,ar,Unique,فريد من نوعه
,ar,Unknown Column: {0},عمود غير معروف: {0}
,ar,Unknown User,موظف غير معروف
,ar,"Unknown file encoding. Tried utf-8, windows-1250, windows-1252.",ترميز الملفات غير معروف . حاول UTF- 8 ، ويندوز 1250، ويندوز 1252 .
,ar,Unread,غير مقروء
,ar,Unread Notification Sent,إرسال الإشعارات غير المقروءة
,ar,Unselect All,إلغاء تحديد الكل
,ar,Unshared,غير مشارك
,ar,Unsubscribe,إلغاء الاشتراك
,ar,Unsubscribe Method,طريقة إلغاء الاشتراك
,ar,Unsubscribe Param,إلغاء الاشتراك بارام
,ar,Unsupported File Format,تنسيق ملف غير معتمد
,ar,Unzip,فك الضغط
,ar,Unzipped {0} files,الملفات غير المضغوطة {0}
,ar,Unzipping files...,فك ضغط الملفات ...
,ar,Upcoming Events for Today,الأحداث القادمة لهذا اليوم
,ar,Update Field,تحديث الحقل
,ar,Update Translations,تحديث الترجمات
,ar,Update Value,تحديث القيمة
,ar,Update many values at one time.,تحديث العديد من القيم في وقت واحد.
,ar,Update records,تحديث السجلات
,ar,Updated,محدّث
,ar,Updated successfully,تم التحديث بنجاح
,ar,Updated {0}: {1},تحديث {0}: {1}
,ar,Updating,يتم التحديث
,ar,Updating {0},تحديث {0}
,ar,Upload Failed,التحميل فشل
,ar,Uploaded To Dropbox,تم التحميل إلى Dropbox
,ar,Use ASCII encoding for password,استخدم ترميز ASCII لكلمة المرور
,ar,Use Different Email Login ID,استخدام رقم تسجيل دخول مختلف للبريد الإلكتروني
,ar,Use IMAP,استخدام IMAP
,ar,Use POST,استخدم POST
,ar,Use SSL,استخدام SSL
,ar,Use TLS,استخدام TLS
,ar,"Use a few words, avoid common phrases.",.استخدم كلمات قليلة، وتجنب العبارات الشائعة
,ar,Use of sub-query or function is restricted,استخدام الاستعلام الفرعي أو وظيفة مقيدة
,ar,Use socketio to upload file,استخدم socketio لتحميل الملف
,ar,Use this fieldname to generate title,استخدام أسم الحقل هذا لإنشاء عنوان
,ar,User '{0}' already has the role '{1}',الموظف{0} يملك بالفعل الدور الوظيفي {1}<br>User '{0}' already has the role '{1}'
,ar,User Cannot Create,الموظف لا يستطيع أن ينشئ
,ar,User Cannot Search,الموظف لا يستطيع أن يبحث
,ar,User Defaults,الموظف الافتراضي
,ar,User Email,بريد الموظف
,ar,User Emails,مراسلات الموظف
,ar,User Field,حقل الموظف
,ar,User ID of a Blogger,هوية الموظف من المدونه
,ar,User Image,صورة الموظف
,ar,User Name,اسم الموظف
,ar,User Permission,صلاحية الموظف
,ar,User Permissions,ضوابط الموظف
,ar,User Permissions are used to limit users to specific records.,يتم استخدام صلاحيات الموظف لتقييد الموظفين إلى سجلات محددة.
,ar,User Permissions created sucessfully,صلاحيات الموظف التي تم إنشاؤها بنجاح
,ar,User Roles,الدور الوظيفي
,ar,User Social Login,تسجيل الدخول بموقع التواصل الاجتماعي للموظف
,ar,User Tags,إشارات الموظف
,ar,User Type,نوع الموظف
,ar,User can login using Email id or Mobile number,يمكن للموظف تسجيل الدخول باستخدام البريد الإلكتروني أو رقم الهاتف المحمول
,ar,User can login using Email id or User Name,يمكن للموظف تسجيل الدخول باستخدام البريد الإلكتروني أو اسم الموظف
,ar,User editable form on Website.,استمارة قابلة للتحرير للموظف على موقع الويب.
,ar,User is mandatory for Share,الموظف إلزامي للمشاركة
,ar,User not allowed to delete {0}: {1},لايسمح بالحذف للموظف {0}: {1}
,ar,User permission already exists,صلاحية الموظف موجود بالفعل
,ar,User permissions should not apply for this Link,يجب ألا تنطبق صلاحيات الموظف على هذا الرابط
,ar,User {0} cannot be deleted,الموظف {0} لا يمكن حذف
,ar,User {0} cannot be disabled,الموظف {0} لا يمكن تعطيل
,ar,User {0} cannot be renamed,الموظف {0} لا يمكن إعادة تسمية
,ar,User {0} does not have access to this document,الموظف {0} ليس لديه حق الوصول إلى هذا المستند
,ar,User {0} does not have doctype access via role permission for document {1},لا يملك الموظف {0} حق الوصول إلى النموذج عبر صلاحيات الدور الوظيفي للمستند {1}
,ar,Username,اسم االموظف
,ar,Username {0} already exists,اسم الموظف {0} موجود بالفعل
,ar,Users with role {0}:,موظفين مع الدور الوظيفي{0} 
,ar,Uses the Email Address Name mentioned in this Account as the Sender's Name for all emails sent using this Account.,يستخدم اسم عنوان البريد الإلكتروني المذكور في هذا الحساب كاسم المرسل لجميع رسائل البريد الإلكتروني المرسلة باستخدام هذا الحساب.
,ar,Uses the Email Address mentioned in this Account as the Sender for all emails sent using this Account.,يستخدم عنوان البريد الإلكتروني المذكور في هذا الحساب باسم المرسل لجميع رسائل البريد الإلكتروني المرسلة باستخدام هذا الحساب.
,ar,Valid,صحيح
,ar,Valid Login id required.,صحيح رقم تسجيل الدخول المطلوبة.
,ar,Valid email and name required,مطلوب بريد إلكتروني صحيح واسم صحيح
,ar,Value Based On,القيمة بناء على
,ar,Value Change,قيمة التغير
,ar,Value Changed,تم تغير القيمة
,ar,Value To Be Set,قيمة ليتم تعيينها
,ar,Value cannot be changed for {0},لا يمكن تغير القيمة ل {0}
,ar,Value for a check field can be either 0 or 1,يمكن أن تكون قيمة حقل التحقق إما 0 أو 1
,ar,Value for {0} cannot be a list,القيمة {0} لا يمكن أن تكون قائمة
,ar,Value missing for,قيمة مفقودة لـ
,ar,Value too big,قيمة كبيرة جدا
,ar,Values Changed,القيم التي تم تغييرها
,ar,Verdana,فيردانا
,ar,Verfication Code,رمز التحقق
,ar,Verification Link,رابط التحقق
,ar,Verification code has been sent to your registered email address.,تم إرسال رمز التحقق إلى عنوان بريدك الإلكتروني المسجل.
,ar,Verify,تأكد من
,ar,Verify Password,التحقق من كلمة المرور
,ar,Verifying...,التحقق من ...
,ar,Version,الإصدار
,ar,Version Updated,تحديث الإصدار
,ar,View All,عرض الكل
,ar,View Comment,عرض التعليق
,ar,View List,عرض القائمة
,ar,View Log,عرض السجل
,ar,View Permitted Documents,عرض المستندات المسموح بها
,ar,View Properties (via Customize Form),عرض خصائص (عن طريق نموذج تخصيص)
,ar,View Settings,عرض إعدادات
,ar,View Website,مشاهدة الموقع
,ar,View document,عرض المستند
,ar,View report in your browser,عرض التقرير في المتصفح
,ar,View this in your browser,عرض هذا في متصفحك
,ar,View {0},عرض {0}
,ar,Viewed By,تمت المشاهدة بواسطة
,ar,Visit,زيارة
,ar,Visitor,زائر
,ar,We have received a request for deletion of {0} data associated with: {1},لقد تلقينا أمرًا بحذف {0} البيانات المرتبطة بـ: {1}
,ar,We have received a request from you to download your {0} data associated with: {1},لقد تلقينا أمرًا منك لتنزيل بيانات {0} المرتبطة بـ: {1}
,ar,Web Form,نموذج ويب
,ar,Web Form Field,حقل نموذج الويب
,ar,Web Form Fields,الحقول نموذج ويب
,ar,Web Page,صفحة على الإنترنت
,ar,Web Page Link Text,نص رابط صفحة الانترنت
,ar,Web Site,موقع الكتروني
,ar,Web View,مشاهدة الموقع
,ar,Webhook,Webhook
,ar,Webhook Data,بيانات Webhook
,ar,Webhook Header,رأس webhook
,ar,Webhook Headers,رؤوس webhook
,ar,Webhook Request,أمر webhook
,ar,Webhook URL,Webhook URL
,ar,Webhooks calling API requests into web apps,webhook التي تستدعي طلبات API في تطبيقات الويب
,ar,Website Meta Tag,موقع العلامة الوصفية
,ar,Website Route Meta,موقع ميتا الطريق
,ar,Website Route Redirect,إعادة توجيه مسار الموقع
,ar,Website Script,نص الموقع البرمجي
,ar,Website Sidebar,موقع الشريط الجانبي
,ar,Website Sidebar Item,موقع الشريط الجانبي البند
,ar,Website Slideshow,موقع عرض الشرائح
,ar,Website Slideshow Item,موقع الصنف عرض شرائح
,ar,Website Theme,شكل الموقع
,ar,Website Theme Image,سمة الموقع صورة
,ar,Website Theme Image Link,سمة الموقع رابط الصورة
,ar,Website User,موظف الموقع
,ar,Welcome Message,رسالة الترحيب
,ar,"When you Amend a document after Cancel and save it, it will get a new number that is a version of the old number.",عند تحرير مستند بعد الغاء وحفظه ، وسوف تحصل على رقم جديد هو نسخة من الرقم القديم .
,ar,Width,عرض
,ar,Widths can be set in px or %.,العرض يمكن تعيين في بكسل أو٪.
,ar,Will be used in url (usually first name).,وسوف تستخدم في رابط (عادة الاسم الأول).
,ar,Will be your login ID,سيكون رقم تسجيل الدخول
,ar,Will only be shown if section headings are enabled,سيتم عرض فقط إذا تم تمكين عناوين المقطع
,ar,With Letter head,مع رأس الرسالة
,ar,With Letterhead,مع رأس الرسالة
,ar,Workflow Action,إجراء سير العمل
,ar,Workflow Action Master,إجراء سير العمل الرئيسى
,ar,Workflow Action Name,اسم إجراء سير العمل
,ar,Workflow Document State,حالة مستند سير العمل
,ar,Workflow Name,اسم سير العمل
,ar,Workflow State,حالة سير العمل
,ar,Workflow State Field,حقل حالة سير العمل
,ar,Workflow State not set,لم يتم تعيين حالة سير العمل
,ar,Workflow Transition,الانتقال سير العمل
,ar,Workflow state represents the current state of a document.,تمثل حالة سير العمل الحالة الراهنة للمستند.
,ar,Write,الكتابة
,ar,Wrong fieldname <b>{0}</b> in add_fetch configuration of custom script,اسم الحقل غير صحيح <b>{0}</b> في add_fetch تكوين البرنامج النصي المخصص
,ar,X Axis Field,X محور الحقل
,ar,XLSX,XLSX
,ar,Y Axis Fields,حقول محور Y
,ar,Yahoo Mail,بريد ياهو
,ar,Yandex.Mail,Yandex.Mail
,ar,Yesterday,أمس
,ar,You are connected to internet.,أنت متصل بالإنترنت.
,ar,You are not allowed to create columns,لا يسمح لك بأنشاء اعمدة
,ar,You are not allowed to delete a standard Website Theme,لا يسمح لك بحذف سمة الموقع القياسي
,ar,You are not allowed to print this document,لا يسمح لك طباعة هذه المستند
,ar,You are not allowed to print this report,لا يسمح لك بطباعة هذا التقرير
,ar,You are not allowed to send emails related to this document,لا يسمح لك بإرسال رسائل البريد الإلكتروني ذات الصلة بهذه المستند
,ar,You are not allowed to update this Web Form Document,لا يسمح لك بتحديث المستند نموذج الويب هذه
,ar,You are not connected to Internet. Retry after sometime.,أنت غير متصل بالإنترنت. أعد المحاولة بعد وقت ما.
,ar,You are not permitted to access this page.,لا يسمح لك بالوصول إلى هذه الصفحة.
,ar,You are not permitted to view the newsletter.,لا يسمح لك بعرض الرسالة الإخبارية.
,ar,You are now following this document. You will receive daily updates via email. You can change this in User Settings.,أنت الآن تتبع هذا المستند. سوف تتلقى التحديثات اليومية عبر البريد الإلكتروني. يمكنك تغيير هذا في إعدادات الموظف.
,ar,You can add dynamic properties from the document by using Jinja templating.,يمكنك إضافة خصائص ديناميكية من المستند باستخدام Jinja templating .
,ar,You can also copy-paste this,يمكنك أيضا نسخ ولصق هذا
,ar,"You can change Submitted documents by cancelling them and then, amending them.",يمكنك تغيير المستندات المسجلة من خلال إلغائها ، ثم تحريرها .
,ar,You can find things by asking 'find orange in customers',يمكنك العثور على الأشياء عن طريق أمر 'البحث عن اسم موظف'
,ar,You can only upload upto 5000 records in one go. (may be less in some cases),يمكنك تحميل فقط حتى 5000 دفعة واحدة. (قد يكون أقل في بعض الحالات)
,ar,You can use Customize Form to set levels on fields.,يمكنك استخدام نموذج مخصص (Customize Form ) لتحديد المستويات على الحقول .
,ar,You can use wildcard %,يمكنك استخدام حرف البدل ٪
,ar,You can't set 'Options' for field {0},"لا يمكنك تعيين ""خيارات"" للحقل {0}"
,ar,You can't set 'Translatable' for field {0},لا يمكنك تعيين 'قابل للترجمة' للحقل {0}
,ar,You cannot give review points to yourself,لا يمكنك إعطاء نقاط مراجعة لنفسك
,ar,You cannot unset 'Read Only' for field {0},"لا يمكنك ضبط ""للقراءة فقط"" للحقل {0}"
,ar,You do not have enough permissions to access this resource. Please contact your manager to get access.,ليس لديك الصلاحيات الكافية للوصول إلى هذا المورد. الرجاء الاتصال بالمدير للحصول علي الوصول.
,ar,You do not have enough permissions to complete the action,لا يوجد لديك الصلاحية الكافية لاتمام هذا العمل
,ar,You do not have enough points,ليس لديك نقاط كافية
,ar,You do not have enough review points,ليس لديك نقاط مراجعة كافية
,ar,You don't have access to Report: {0},ليس لديك حق الوصول إلى التقرير: {0}
,ar,You don't have any messages yet.,ليست لديك أية رسائل حتى الآن.
,ar,You don't have permission to access this file,لا تتوفر لديك الصلاحية للوصول الى هذا الملف
,ar,You don't have permission to get a report on: {0},ليس لديك صلاحية للحصول على تقرير عن: {0}
,ar,You don't have the permissions to access this document,ليس لديك الصلاحيات للوصول إلى هذا المستند
,ar,You gained {0} point,لقد ربحت {0} نقطة
,ar,You gained {0} points,لقد ربحت {0} نقطة
,ar,You have a new message from:,لديك رسالة جديدة من:
,ar,You have been successfully logged out,لقد تم تسجيل بنجاح
,ar,You have unsaved changes in this form. Please save before you continue.,لديك تغييرات لم يتم حفظها في هذا النموذج. يرجى الحفظ قبل المتابعة.
,ar,You must login to submit this form,يجب عليك تسجيل الدخول لإرسال هذا النموذج
,ar,You need to be in developer mode to edit a Standard Web Form,عليك أن تكون في وضع المطور لتحرير نموذج ويب قياسي
,ar,You need to be logged in and have System Manager Role to be able to access backups.,يتوجب عليك تسجيل الدخول بالدور الوظيفي مدير النظام حتي تتمكن من الوصول الى النسخ الأحتياطية.
,ar,You need to be logged in to access this {0}.,تحتاج إلى تسجيل الدخول للوصول إلى هذه {0}.
,ar,"You need to have ""Share"" permission","تحتاج إلى الحصول على صلاحية ""مشاركة"""
,ar,You need write permission to rename,تحتاج الى صلاحية كتابة لأعادة التسمية
,ar,You selected Draft or Cancelled documents,لقد حددت مسودة أو مستندات تم إلغاؤها
,ar,You unfollowed this document,لقد قمت بإلغاء متابعة هذا المستند
,ar,Your Country,بلدك
,ar,Your Language,لغتك
,ar,Your Name,اسمك
,ar,Your account has been locked and will resume after {0} seconds,تم قفل حسابك وسيتم استئنافه بعد {0} ثانية
,ar,Your connection request to Google Calendar was successfully accepted,تم قبول أمر الاتصال الخاص بك إلى تقويم Google بنجاح
,ar,Your information has been submitted,تم ترحيل المعلومات الخاصة بك
,ar,Your login id is,رقم تسجيل الدخول الخاص بك هو
,ar,Your organization name and address for the email footer.,اسم المؤسسة وعنوانك لتذييل البريد الإلكتروني.
,ar,Your payment has been successfully registered.,تم تسجيل دفعتك بنجاح.
,ar,Your payment has failed.,فشلت دفعتك.
,ar,Your payment is cancelled.,تم إلغاء دفعتك.
,ar,Your payment was successfully accepted,تم قبول الدفع الخاص بك بنجاح
,ar,"Your query has been received. We will reply back shortly. If you have any additional information, please reply to this mail.",وقد وردت الاستعلام الخاص بك. سوف نقوم بالرد مرة أخرى قريبا. إذا كان لديك أي معلومات إضافية، يرجى الرد على هذا البريد.
,ar,"Your session has expired, please login again to continue.",انتهت صلاحية الجلسة، يرجى تسجيل الدخول مرة أخرى للمتابعة.
,ar,Zero,صفر
,ar,Zero means send records updated at anytime,صفر يعني إرسال التحديثات في أي وقت
,ar,_doctype,_doctype
,ar,_report,_تقرير
,ar,adjust,ضبط
,ar,after_insert,أدخل_بعد
,ar,align-center,محاذاة الوسط
,ar,align-justify,محاذاة-تبرير
,ar,align-left,محاذاة يسار
,ar,align-right,محاذاة اليمين
,ar,ap-northeast-1,ا ف ب-شمال-1
,ar,ap-northeast-2,ا ف ب-شمال-2
,ar,ap-northeast-3,ا ف ب-شمال-3
,ar,ap-south-1,ا ف ب-جنوب-1
,ar,ap-southeast-1,ا ف ب-جنوب-1
,ar,ap-southeast-2,ا ف ب-جنوب-2
,ar,arrow-down,سهم لأسفل
,ar,arrow-left,سهم يسار
,ar,arrow-right,سهم يمين
,ar,arrow-up,سهم لأعلى
,ar,asterisk,النجمة
,ar,backward,الى الوراء
,ar,ban-circle,دائرة الحظر
,ar,bell,جرس
,ar,bookmark,المرجعية
,ar,briefcase,حقيبة
,ar,bullhorn,البوق
,ar,ca-central-1,كاليفورنيا-وسط-1
,ar,camera,كاميرا
,ar,cancelled this document,إلغاء هذه المستند
,ar,changed value of {0},القيمة المتغيرة لل{0}
,ar,changed values for {0},القيم المتغيرة ل{0}
,ar,chevron-down,شيفرون لأسفل
,ar,chevron-left,شيفرون يسار
,ar,chevron-right,شيفرون اليمين
,ar,chevron-up,شيفرون المتابعة
,ar,circle-arrow-down,دائرة السهم لأسفل
,ar,circle-arrow-left,دائرة السهم اليسار
,ar,circle-arrow-right,دائرة السهم الأيمن
,ar,circle-arrow-up,دائرة السهم إلى أعلى
,ar,cn-north-1,CN-شمال-1
,ar,cn-northwest-1,CN-شمال غرب-1
,ar,cog,تحكم في
,ar,darkgrey,الرمادي الداكن
,ar,dd-mm-yyyy,DD-MM-YYYY
,ar,dd.mm.yyyy,dd.mm.yyyy
,ar,dd/mm/yyyy,اليوم / الشهر / السنة
,ar,"document type..., e.g. customer",نوع المستند ...، على سبيل المثال العملاء
,ar,domain name,اسم المجال
,ar,download-alt,تحميل بديل
,ar,"e.g. ""Support"", ""Sales"", ""Jerry Yang""","على سبيل المثال، ""الدعم ""،"" المبيعات ""،"" أحمد صحيح """
,ar,e.g. (55 + 434) / 4 or =Math.sin(Math.PI/2)...,على سبيل المثال، (55 + 434) / 4 أو = Math.sin(Math.PI / 2) ...
,ar,e.g. pop.gmail.com / imap.gmail.com,على سبيل المثال، pop.gmail.com / imap.gmail.com
,ar,e.g. replies@yourcomany.com. All replies will come to this inbox.,على سبيل المثال، replies@yourcomany.com. سيأتي كل الردود على هذا البريد.
,ar,e.g. smtp.gmail.com,على سبيل المثال، smtp.gmail.com
,ar,e.g.:,على سبيل المثال:
,ar,eject,اخرج
,ar,envelope,مغلف
,ar,eu-central-1,الاتحاد الأوروبي مركزي-1
,ar,eu-north-1,الاتحاد الأوروبي الشمالي-1
,ar,eu-west-1,الاتحاد الأوروبي الغربي-1
,ar,eu-west-2,الاتحاد الأوروبي الغربي-2
,ar,eu-west-3,الاتحاد الأوروبي الغربي-3
,ar,exclamation-sign,تعجب علامة-
,ar,eye-close,إغلاق العين
,ar,eye-open,فتح العين
,ar,facetime-video,facetime-video
,ar,fairlogin,fairlogin
,ar,fast-backward,بسرعة الى الوراء
,ar,fast-forward,بسرعة الى الأمام
,ar,film,فيلم
,ar,fire,حريق
,ar,folder-close,غلق مجلد
,ar,folder-open,فتح مجلد
,ar,fullscreen,ملء الشاشة
,ar,gained by {0} via automatic rule {1},حصلت عليه {0} عبر القاعدة التلقائية {1}
,ar,gained {0} points,حصل على {0} نقطة
,ar,gave {0} points,أعطى {0} نقاط
,ar,gift,هدية
,ar,glass,زجاج
,ar,globe,العالم
,ar,hand-down,إلى أسفل اليد
,ar,hand-left,اليد اليسرى
,ar,hand-right,ومن جهة اليمين
,ar,hand-up,ومن ناحية المتابعة
,ar,hdd,hdd
,ar,headphones,سماعة الرأس
,ar,heart,قلب
,ar,hub,محور
,ar,indent-left,المسافة البادئة اليسرى
,ar,indent-right,المسافة البادئة اليمنى
,ar,info-sign,معلومات تسجيل الدخول،
,ar,italic,مائل
,ar,john@doe.com,john@doe.com
,ar,just now,الآن فقط
,ar,leaf,ورق
,ar,lightblue,أزرق فاتح
,ar,list-alt,قائمة بديل
,ar,magnet,مغناطيس
,ar,map-marker,محدد الخريطة
,ar,merged {0} into {1},تم دمج {0} إلى {1}
,ar,minus,ناقص
,ar,minus-sign,علامة ناقص
,ar,mm-dd-yyyy,شهر-يوم-سنة
,ar,mm/dd/yyyy,شهر/يوم/سنة
,ar,module name...,اسم وحدة برمجية ...
,ar,new type of document,نوع جديد من المستند
,ar,no failed attempts,لا توجد محاولات فاشلة 
,ar,none of,أيا من
,ar,ok,حسنا
,ar,ok-circle,دائرة OK-
,ar,ok-sign,علامة OK-
,ar,on_cancel,on_cancel
,ar,on_change,على التغيير
,ar,on_submit,on_submit
,ar,on_trash,on_trash
,ar,on_update,on_update
,ar,on_update_after_submit,on_update_after_submit
,ar,only.,فقط.
,ar,or,أو
,ar,pause,وقفة
,ar,pencil,قلم رصاص
,ar,picture,صور
,ar,plane,طائرة
,ar,play,لعب
,ar,play-circle,لعب دائرة
,ar,plus,زائد
,ar,plus-sign,زائد توقيع
,ar,qrcode,qrcode
,ar,query-report,استعلام تقرير
,ar,question-sign,علامة سؤال
,ar,remove-circle,إزالة دائرة،
,ar,remove-sign,إزالة التوقيع،
,ar,removed,إزالة
,ar,renamed from {0} to {1},إعادة تسمية من {0} إلى {1}
,ar,repeat,كرر
,ar,resize-full,تغيير حجم كامل
,ar,resize-horizontal,تغيير حجم الأفقي،
,ar,resize-small,تغيير حجم صغير
,ar,resize-vertical,تغيير حجم عمودية
,ar,restored {0} as {1},استعادة {0} ك {1}
,ar,retweet,retweet
,ar,road,طريق
,ar,sa-east-1,سا شرق-1
,ar,screenshot,لقطة شاشة
,ar,share-alt,حصة بديل
,ar,shopping-cart,عربة التسوق
,ar,show,تبين
,ar,signal,إشارة
,ar,star,نجم
,ar,star-empty,النجوم فارغة
,ar,step-backward,خطوة إلى الوراء
,ar,step-forward,خطوة إلى الأمام
,ar,submitted this document,هذه المستند مقدمة / مسجلة
,ar,text in document type,النص في نوع المستند
,ar,text-height,ارتفاع النص
,ar,text-width,عرض النص
,ar,th,ال
,ar,th-large,TH-الكبيرة
,ar,th-list,TH-قائمة
,ar,thumbs-down,علامة إستهجان
,ar,thumbs-up,الابهام إلى أعلى
,ar,tint,لون
,ar,toggle Tag,تبديل العلامة
,ar,updated to {0},تحديث ل{0}
,ar,us-east-1,لنا شرق-1
,ar,us-east-2,لنا شرق-2
,ar,us-west-1,لنا غرب-1
,ar,us-west-2,لنا غرب-2
,ar,use % as wildcard,استخدام ٪ كما البدل
,ar,values separated by commas,قيم مفصولة بفواصل
,ar,via automatic rule {0} on {1},عبر القاعدة التلقائية {0} بتاريخ {1}
,ar,viewed,يشاهد
,ar,volume-down,اخفض الصوت
,ar,volume-off,كتم الصوت
,ar,volume-up,رفع الصوت
,ar,warning-sign,علامة إنذار
,ar,wrench,مفتاح الربط
,ar,yyyy-mm-dd,yyyy-mm-dd
,ar,zoom-in,تكبير
,ar,zoom-out,تصغير
,ar,{0} Calendar,{0} التقويم
,ar,{0} Chart,{0} الرسم البياني
,ar,{0} Dashboard,{0} لوحة المعلومات
,ar,{0} List,قائمة {0}
,ar,{0} Modules,{0} وحدات
,ar,{0} Report,{0} تقرير
,ar,{0} Settings not found,{0} إعدادات لم يتم العثور
,ar,{0} Tree,{0} شجرة
,ar,{0} added,{0} أضيف
,ar,{0} already exists. Select another name,{0} موجود بالفعل. حدد اسما آخر
,ar,{0} already unsubscribed,{0} غير مشترك أصلاً
,ar,{0} already unsubscribed for {1} {2},{0} تم إلغاء الاشتراك في {1} {2}
,ar,{0} and {1},{0} و {1}
,ar,{0} appreciated on {1},{0} موضع تقدير في {1}
,ar,{0} appreciated your work on {1} with {2} point,{0} قدر عملك على {1} بنقطة {2}
,ar,{0} appreciated your work on {1} with {2} points,{0} قدر عملك على {1} بنقاط {2}
,ar,{0} appreciated {1},{0} موضع تقدير {1}
,ar,{0} appreciation point for {1} {2},{0} نقطة التقدير لـ {1} {2}
,ar,{0} appreciation points for {1} {2},{0} نقاط التقدير لـ {1} {2}
,ar,{0} assigned {1}: {2},{0} تعيين {1}: {2}
,ar,{0} cannot be set for Single types,{0} لا يمكن تحديده لأنواع أحادية
,ar,{0} comments,{0} تعليقات
,ar,{0} created successfully,تم إنشاء {0} بنجاح
,ar,{0} criticism point for {1} {2},{0} خصم نقطه لـ {1} {2}
,ar,{0} criticism points for {1} {2},{0} خصم نقاط لـ {1} {2}
,ar,{0} criticized on {1},{0} خصم يوم {1}
,ar,{0} criticized your work on {1} with {2} point,{0} خصم عملك على {1} بنقطة {2}
,ar,{0} criticized your work on {1} with {2} points,{0} خصم عملك على {1} بـ {2} نقاط
,ar,{0} criticized {1},{0} خصم {1}
,ar,{0} days ago,قبل {0} أيام
,ar,{0} does not exist in row {1},{0} غير موجود في الصف {1}
,ar,"{0} field cannot be set as unique in {1}, as there are non-unique existing values",لا يمكن أن يحتوي اسم الحقل {0} على أحرف خاصة مثل {1}
,ar,{0} has already assigned default value for {1}.,{0} قام بالفعل بتعيين القيمة الافتراضية لـ {1}.
,ar,{0} has been successfully added to the Email Group.,{0} تم بنجاح الإضافة إلى مجموعة البريد الإلكتروني
,ar,{0} has left the conversation in {1} {2},{0}غادر المحادثة في {1} {2}
,ar,{0} hours ago,{0} قبل ساعات
,ar,{0} in row {1} cannot have both URL and child items,{0} في الصف {1} لا يمكن أن يكون لها عنوان URL وبنود فرعية في نفس الوقت
,ar,{0} is a mandatory field,{0} حقل إلزامي
,ar,{0} is an invalid email address in 'Recipients',"{0} هو عنوان بريد إلكتروني غير صحيح في ""المستلمين"""
,ar,{0} is not a raw printing format.,{0} ليس تنسيق طباعة خامًا.
,ar,{0} is not a valid Email Address,{0} بريد الكتروني غير صحيح
,ar,{0} is not a valid Workflow State. Please update your Workflow and try again.,{0} ليست حالة سير عمل صحيح. يرجى تحديث سير العمل والمحاولة مرة أخرى.
,ar,{0} is now default print format for {1} doctype,{0} هو الآن تنسيق الطباعة الافتراضي لنوع المستند {1}
,ar,{0} is saved,{0} تم حفظها
,ar,{0} items selected,{0} الأصناف المحددة
,ar,{0} logged in,{0} تم تسجيل الدخول
,ar,{0} logged out: {1},{0} تسجيل الخروج: {1}
,ar,{0} minutes ago,قبل {0} دقائق
,ar,{0} months ago,قبل {0} أشهر
,ar,{0} must be one of {1},{0} يجب أن يكون واحدا من {1}
,ar,{0} must be set first,يجب تعيين {0} أولا
,ar,{0} must be unique,{0} يجب أن تكون فريدة من نوعها
,ar,{0} not a valid State,{0} ليست حالة صحيح
,ar,{0} not allowed to be renamed,{0} غير مسموح بإعادة تسميته
,ar,{0} not found,لم يتم العثور على {0}
,ar,{0} of {1},{0} من {1}
,ar,{0} or {1},{0} أو {1}
,ar,{0} record deleted,تم حذف السجل {0}
,ar,{0} records deleted,{0} تم حذف السجلات
,ar,{0} reverted your point on {1},{0} التراجع عن النقطة في {1}
,ar,{0} reverted your points on {1},{0} التراجع عن نقاطك في {1}
,ar,{0} reverted {1},{0} تم التراجع {1}
,ar,{0} room must have atmost one user.,الحد الأقصى للغرفة {0} هو موظف واحد فقط.
,ar,{0} rows for {1},{0} صفوف لـ {1}
,ar,{0} saved successfully,تم حفظ {0} بنجاح
,ar,{0} self assigned this task: {1},{0} تم تعيين هذه المهمة بنفسها: {1}
,ar,{0} shared this document with everyone,{0} مشاركة هذا المستند مع الجميع
,ar,{0} shared this document with {1},{0} مشاركة هذا المستند مع {1}
,ar,{0} subscribers added,{0} مشتركين تم اضافتهم
,ar,{0} to stop receiving emails of this type,{0} لإيقاف تلقي رسائل البريد الإلكتروني من هذا النوع
,ar,{0} to {1},{0} إلى {1}
,ar,{0} un-shared this document with {1},{0} الغى مشاركة هذا المستند مع {1}
,ar,{0} updated,{0} تم تحديث
,ar,{0} weeks ago,قبل {0} أسبوع /أسابيع
,ar,{0} {1} added,تمت إضافة {0} {1}
,ar,{0} {1} already exists,{0} {1} موجود بالفعل
,ar,"{0} {1} cannot be ""{2}"". It should be one of ""{3}""","{0} {1} لا يمكن أن يكون {{}}. يجب أن تكون واحدة من ""{3}"""
,ar,{0} {1} cannot be a leaf node as it has children,{0} {1} لا يمكن أن يكون تفريعة لأن لديه تفريعات أخرى
,ar,"{0} {1} does not exist, select a new target to merge",{0} {1} غير موجود ، حدد هدفا جديدا لدمج
,ar,{0} {1} not found,{0} {1} غير موجود
,ar,{0} {1} to {2},{0} {1} الى {2}
,ar,"{0}, Row {1}",{0}، الصف {1}
,ar,"{0}: '{1}' ({3}) will get truncated, as max characters allowed is {2}",{0}: '{1}' ({3}) سيتم اقتطاعه، حيث أن الحد الأقصى المسموح به هو {2}
,ar,{0}: Cannot set Amend without Cancel,{0}: لا يمكن تعيين تحرير بدون إلغاء
,ar,{0}: Cannot set Assign Amend if not Submittable,{0}: لا يمكن تعيين تحرير إذا لم يتم إرساله
,ar,{0}: Cannot set Assign Submit if not Submittable,{0} : لا يمكن تحديد تعيين بالتأكيد إذا لم يكن قابل للتأكيد
,ar,{0}: Cannot set Cancel without Submit,{0}: لا يمكن تعيين إلغاء بدون إرسال
,ar,{0}: Cannot set Import without Create,{0} : لا يمكن تحديد استيراد دون إنشاء
,ar,"{0}: Cannot set Submit, Cancel, Amend without Write",{0} : لا يمكن تحديد تأكيد ، الغاء ، تحرير دون كتابة
,ar,{0}: Cannot set import as {1} is not importable,{0}: لا يمكن تعيين استيراد كما {1} غير قابل للاستيراد
,ar,{0}: No basic permissions set,{0} : لم يتم تحديد صلاحيات أساسية
,ar,"{0}: Only one rule allowed with the same Role, Level and {1}",{0} قاعدة واحدة فقط سمح لها نفس الدور الوظيفي، المستوى و{1}
,ar,{0}: Permission at level 0 must be set before higher levels are set,{0} : صلاحيات على مستوى 0 يجب تحديده قبل أن يتم تحديد صلاحيات أعلى
,ar,{0}: {1} in {2},{0}: {1} في {2}
,ar,{0}: {1} is set to state {2},{0}: تم تعيين {1} على الحالة {2}
,ar,{app_title},{ app_title }
,ar,{{{0}}} is not a valid fieldname pattern. It should be {{field_name}}.,{{{0}}} غير صحيح كأسم حقل. يجب أن يكون {{field_name}}.
,ar,Communication Link,حلقة اتصال
,ar,Force User to Reset Password,إجبار الموظف على إعادة تعيين كلمة المرور
,ar,In Days,في الايام
,ar,Last Password Reset Date,تاريخ إعادة تعيين كلمة المرور الأخيرة
,ar,The password of your account has expired.,انتهت صلاحية كلمة المرور الخاصة بحسابك.
,ar,Workflow State transition not allowed from {0} to {1},انتقال حالة سير العمل غير مسموح به من {0} إلى {1}
,ar,{0} must be after {1},{0} يجب أن يكون بعد {1}
,ar,{0}: Field '{1}' cannot be set as Unique as it has non-unique values,{0}: لا يمكن تعيين الحقل '{1}' على أنه فريد لأنه يحتوي على قيم غير فريدة
,ar,{0}: Field {1} in row {2} cannot be hidden and mandatory without default,{0}: لا يمكن إخفاء الحقل {1} في الصف {2} ويكون إلزاميًا بدون افتراضي
,ar,{0}: Field {1} of type {2} cannot be mandatory,{0}: الحقل {1} من النوع {2} لا يمكن أن يكون إلزاميًا
,ar,{0}: Fieldname {1} appears multiple times in rows {2},{0}: اسم الحقل {1} يظهر عدة مرات في الصفوف {2}
,ar,{0}: Fieldtype {1} for {2} cannot be unique,{0}: لا يمكن أن يكون Fieldtype {1} لـ {2} فريدًا
,ar,{0}: Options must be a valid DocType for field {1} in row {2},{0}: يجب أن تكون الخيارات نوع DocType صحيحًا للحقل {1} في الصف {2}
,ar,{0}: Options required for Link or Table type field {1} in row {2},{0}: الخيارات المطلوبة لحقل نوع الرابط أو الجدول {1} في الصف {2}
,ar,{0}: Options {1} must be the same as doctype name {2} for the field {3},{0}: يجب أن تكون الخيارات {1} هي نفسها اسم DOCTYPE {2} للحقل {3}
,ar,{0}:Fieldtype {1} for {2} cannot be indexed,{0}: لا يمكن فهرسة Fieldtype {1} لـ {2}
,ar,Make {0},اصنع {0}
,ar,A user who posts blogs.,موظف ينشر المدونات.
,ar,Applying: {0},التطبيق: {0}
,ar,Fieldname {0} is restricted,اسم الحقل {0} مقيد
,ar,Is Optional State,هي حالة اختيارية
,ar,No values to show,لا توجد قيم لإظهارها
,ar,View Ref,عرض المرجع
,ar,Workflow Action is not created for optional states,لم يتم إنشاء إجراء سير العمل للحالات الاختيارية
,ar,{0} values selected,{0} القيم المحددة
,ar,"""amended_from"" field must be present to do an amendment.","يجب أن يكون الحقل ""amended_from"" حاضرًا لإجراء تحرير."
,ar,(Mandatory),(إلزامي)
,ar,1 Google Calendar Event synced.,تمت مزامنة حدث تقويم Google واحد.
,ar,1 record will be exported,سيتم تصدير سجل واحد
,ar,1 week ago,1 قبل أسبوع
,ar,5 Records,5 السجلات
,ar,A recurring {0} {1} has been created for you via Auto Repeat {2}.,تم إنشاء {0} {1} متكرر لك من خلال التكرار التلقائي {2}.
,ar,API,API
,ar,API Method,طريقة API
,ar,About {0} minute remaining,حوالي {0} دقيقة متبقية
,ar,About {0} minutes remaining,حوالي {0} دقائق متبقية
,ar,About {0} seconds remaining,حوالي {0} ثانية متبقية
,ar,Access Log,سجل الوصول
,ar,Access not allowed from this IP Address,الوصول غير مسموح به من عنوان IP هذا
,ar,Action Type,نوع العمل
,ar,Activity Log by,سجل النشاط بواسطة
,ar,Add Fields,إضافة الحقول
,ar,Administration,الادارة
,ar,After Cancel,بعد الغاء
,ar,After Delete,بعد الحذف
,ar,After Save,بعد الحفظ
,ar,After Save (Submitted Document),بعد الحفظ (المستند المقدم)
,ar,After Submit,بعد ترحيل
,ar,Aggregate Function Based On,مجموع وظيفة بناء على
,ar,Aggregate Function field is required to create a dashboard chart,حقل تجميع الوظائف مطلوب لإنشاء رسم بياني لوحة المعلومات
,ar,All Records,جميع السجلات
,ar,Allot Points To Assigned Users,تخصيص نقاط للموظفين المعينين
,ar,Allow Auto Repeat,السماح للتكرار التلقائي
,ar,Allow Google Calendar Access,السماح بالوصول إلى تقويم Google
,ar,Allow Google Contacts Access,السماح بوصول جهات اتصال Google
,ar,Allow Google Drive Access,السماح بالوصول إلى Google Drive
,ar,Allow Guest,اسمح للضيف
,ar,Allow Guests to Upload Files,السماح للضيوف بتحميل الملفات
,ar,Also adding the status dependency field {0},إضافة حقل تبعية الحالة أيضًا {0}
,ar,An error occurred while setting Session Defaults,حدث خطأ أثناء إعداد الإعدادات الافتراضية للجلسة
,ar,Annual,سنوي
,ar,Append Emails to Sent Folder,إلحاق رسائل البريد الإلكتروني إلى مجلد المرسلة
,ar,Apply Assignment Rule,تطبيق قاعدة التكليف
,ar,Apply Only Once,تطبق مرة واحدة فقط
,ar,Apply this rule only once per document,قم بتطبيق هذه القاعدة مرة واحدة فقط لكل مستند
,ar,Approval Required,الموافقة مطلوبة
,ar,Approved,موافق عليه
,ar,Are you sure you want to delete all rows?,هل تريد بالتأكيد حذف جميع الصفوف؟
,ar,Are you sure you want to delete this post?,هل أنت متأكد أنك تريد حذف هذه المشاركة؟
,ar,Are you sure you want to merge {0} with {1}?,هل أنت متأكد من رغبتك في دمج {0} مع {1}؟
,ar,Assignment Day {0} has been repeated.,تم تكرار يوم التكليف{0}.
,ar,Assignment Days,أيام التكليف
,ar,Assignment Rule Day,يوم قاعدة التكليف
,ar,Assignments,تعيينات
,ar,Attach a web link,إرفاق رابط الويب
,ar,Authorize Google Calendar Access,السماح الوصول إلى تقويم Google
,ar,Authorize Google Contacts Access,السماح بوصول جهات اتصال Google
,ar,Authorize Google Drive Access,السماح بالوصول إلى Google Drive
,ar,Auto Repeat Document Creation Failed,فشل إنشاء مستند تكرار تلقائي
,ar,Auto Repeat Document Creation Failure,فشل تكرار إنشاء المستند التلقائي
,ar,Auto Repeat created for this document,تكرار تلقائي تم إنشاؤه لهذا المستند
,ar,Auto Repeat failed for {0},فشل التكرار التلقائي لـ {0}
,ar,Automatic Linking can be activated only for one Email Account.,يمكن تنشيط الربط التلقائي فقط لحساب بريد إلكتروني واحد.
,ar,Automatic Linking can be activated only if Incoming is enabled.,لا يمكن تنشيط الربط التلقائي إلا إذا تم تمكين الوارد.
,ar,Automatically generates recurring documents.,ينشيء تلقائيا المستندات المتكررة.
,ar,Backing up to Google Drive.,النسخ الاحتياطي إلى Google Drive.
,ar,Backup Folder ID,رقم مجلد النسخ الاحتياطي
,ar,Backup Folder Name,اسم مجلد النسخ الاحتياطي
,ar,Before Cancel,قبل الإلغاء
,ar,Before Delete,قبل الحذف
,ar,Before Insert,قبل إدراج
,ar,Before Save,قبل الحفظ
,ar,Before Save (Submitted Document),قبل الحفظ (المستند المقدم)
,ar,Before Submit,قبل إرسال
,ar,Blank Template,نموذج فارغ
,ar,Callback URL,عاود الاتصال بالعنوان
,ar,Cancel All Documents,الغاء جميع المستندات
,ar,Cancelling documents,إلغاء المستندات
,ar,Cannot match column {0} with any field,لا يمكن مطابقة العمود {0} بأي حقل
,ar,Change,تغيير
,ar,Change User,تغيير الموظف
,ar,Check the Error Log for more information: {0},تحقق من سجل الأخطاء لمزيد من المعلومات: {0}
,ar,Clear Cache and Reload,مسح ذاكرة التخزين المؤقت وتحديث
,ar,Clear Filters,مسح الفلاتر
,ar,Click on <b>Authorize Google Drive Access</b> to authorize Google Drive Access.,انقر فوق <b>السماح لـ Google Drive Access</b> بالسماح <b>الوصول</b> إلى Google Drive.
,ar,Click on a file to select it.,انقر على ملف لتحديده.
,ar,Click on the link below to approve the request,انقر على الرابط أدناه للموافقة على الأمر
,ar,Click on the lock icon to toggle public/private,انقر على أيقونة القفل للتبديل بين العام والخاص
,ar,Click on {0} to generate Refresh Token.,انقر فوق {0} لإنشاء تحديث الرمز المميز.
,ar,Close Condition,حالة قريبة
,ar,Column {0},العمود {0}
,ar,Columns / Fields,الأعمدة / الحقول
,ar,"Configure notifications for mentions, assignments, energy points and more.",قم بتكوين الإشعارات الخاصة بالإشارات والتعيينات ونقاط الطاقة والمزيد.
,ar,Contact Email,عنوان البريد الإلكتروني
,ar,Contact Numbers,ارقام التواصل
,ar,Contact Phone,هاتف الاتصال
,ar,Contact Synced with Google Contacts.,الاتصال متزامنة مع جهات اتصال Google.
,ar,Context,سياق الكلام
,ar,Contribute Translations,المساهمة في الترجمات
,ar,Contributed,ساهم
,ar,Controller method get_razorpay_order missing,طريقة تحكم get_razorpay_order مفقودة
,ar,Copied to clipboard.,نسخ إلى الحافظة.
,ar,Core Modules {0} cannot be searched in Global Search.,لا يمكن البحث في الوحدات الأساسية {0} في البحث الشامل.
,ar,Could not create Razorpay order. Please contact Administrator,لا يمكن إنشاء أمر Razorpay. يرجى الاتصال المدير النظام
,ar,Could not create razorpay order,لا يمكن إنشاء ترتيب razorpay
,ar,Create Log,إنشاء سجل
,ar,Create your first {0},قم بإنشاء أولأ {0}
,ar,Created {0} records successfully.,تم إنشاء {0} سجلات بنجاح.
,ar,Cron,كرون
,ar,Cron Format,تنسيق كرون
,ar,Daily Events should finish on the Same Day.,يجب أن تنتهي الأحداث اليومية في نفس اليوم.
,ar,Daily Long,يوم طويل
,ar,Default Role on Creation,الدور الوظيفي الأفتراضى عند الأنشاء
,ar,Default Theme,السيم الافتراضي
,ar,Default {0},الافتراضي {0}
,ar,Delete All,حذف الكل
,ar,Do you want to cancel all linked documents?,هل تريد إلغاء جميع المستندات المرتبطة؟
,ar,DocType Action,عمل DocType
,ar,DocType Event,حدث DocType
,ar,DocType Link,رابط نوع المستند
,ar,Document Share,مشاركة المستند
,ar,Document Tag,علامة المستند
,ar,Document Title,عنوان المستند
,ar,Document Type Field Mapping,نوع المستند تعيين الحقل
,ar,Document Type Mapping,تعيين نوع المستند
,ar,Document Type {0} has been repeated.,تم تكرار نوع المستند {0}.
,ar,Document renamed from {0} to {1},تمت إعادة تسمية المستند من {0} إلى {1}
,ar,Document type is required to create a dashboard chart,نوع المستند مطلوب لإنشاء رسم بياني لوحة المعلومات
,ar,Documentation Link,رابط ملفات الدعم
,ar,Don't Import,لا تستورد
,ar,Don't Send Emails,لا ترسل رسائل البريد الإلكتروني
,ar,"Drag and drop files, ",سحب وإسقاط الملفات ،
,ar,Drop,إسقاط
,ar,Drop Here,إسقاط هنا
,ar,Drop files here,إسقاط الملفات هنا
,ar,Dynamic Template,نموذج ديناميكي
,ar,ERPNext Role,الدور الوظيفي ERPNext
,ar,Email / Notifications,اشعارات البريد الالكتروني
,ar,Email Account setup please enter your password for: {0},إعداد حساب البريد الإلكتروني ، الرجاء إدخال كلمة المرور الخاصة بك: {0}
,ar,Email Address whose Google Contacts are to be synced.,عنوان البريد الإلكتروني الذي سيتم مزامنة جهات اتصال Google الخاصة به.
,ar,"Email ID must be unique, Email Account already exists for {0}",يجب أن يكون البريد الإلكتروني فريدًا ، حساب البريد الإلكتروني موجود بالفعل لـ {0}
,ar,Email IDs,معرفات البريد الإلكتروني
,ar,Enable Allow Auto Repeat for the doctype {0} in Customize Form,تمكين السماح للتكرار التلقائي للنموذج {0} في تخصيص النموذج
,ar,Enable Automatic Linking in Documents,تمكين الربط التلقائي في المستندات
,ar,Enable Email Notifications,تمكين إشعارات البريد الإلكتروني
,ar,Enable Google API in Google Settings.,تمكين Google API في إعدادات Google.
,ar,Enable Security,تمكين الأمن
,ar,Energy Point,نقطة الطاقة
,ar,Enter Client Id and Client Secret in Google Settings.,أدخل رقم العميل وكلمة سر العميل في إعدادات Google.
,ar,Enter Code displayed in OTP App.,أدخل الرمز المعروض في تطبيق OTP.
,ar,Event Configurations,تكوينات الحدث
,ar,Event Consumer,الحدث المستهلك
,ar,Event Consumer Document Type,نوع مستند المستهلك الحدث
,ar,Event Consumer Document Types,نوع مستندات المستهلك الحدث
,ar,Event Producer,منتج الحدث
,ar,Event Producer Document Type,نوع مستند منتج الحدث
,ar,Event Producer Document Types,أنواع مستندات منتج الحدث
,ar,Event Streaming,تدفق الحدث
,ar,Event Subscriber,الحدث المشترك
,ar,Event Sync Log,حدث مزامنة السجل
,ar,Event Synced with Google Calendar.,حدث مزامنة مع تقويم Google.
,ar,Event Update Log,سجل تحديث الحدث
,ar,Export 1 record,تصدير 1 سجل
,ar,Export Errored Rows,تصدير الصفوف الخطأ
,ar,Export From,تصدير من
,ar,Export Type,نوع التصدير
,ar,Export {0} records,تصدير {0} السجلات
,ar,Failed to connect to the Event Producer site. Retry after some time.,فشل الاتصال بموقع حدث المنتج. أعد المحاولة بعد بعض الوقت.
,ar,Failed to create an Event Consumer or an Event Consumer for the current site is already registered.,فشل إنشاء مستهلك حدث أو مستهلك حدث للموقع الحالي بالفعل.
,ar,Failure,بالفشل
,ar,Fetching default Global Search documents.,جلب مستندات البحث الشامل الافتراضية.
,ar,Fetching posts...,جارٍ جلب المشاركات ...
,ar,Field Mapping,رسم الخرائط 
,ar,Field To Check,حقل للتحقق
,ar,File Information,معلومات الملف
,ar,Filter By,مصنف بواسطة
,ar,Filtered Records,السجلات التي تمت تصفيتها
,ar,Filters applied for {0},الفلاتر المطبقة على {0}
,ar,Finished,تم الانتهاء من
,ar,First,أول
,ar,For Document Event,لمستند الحدث
,ar,"For more information, <a class=""text-muted"" href=""https://erpnext.com/docs/user/manual/en/setting-up/email/linking-emails-to-document"">click here</a>.","لمزيد من المعلومات ، <a class=""text-muted"" href=""https://erpnext.com/docs/user/manual/en/setting-up/email/linking-emails-to-document"">انقر هنا</a> ."
,ar,"For more information, {0}.",لمزيد من المعلومات ، {0}.
,ar,"For performance, only the first 100 rows were processed.",للأداء ، تمت معالجة أول 100 صف فقط.
,ar,Form URL-Encoded,نموذج URL المشفرة
,ar,Frequently Visited Links,الروابط التي تتم زيارتها بشكل متكرر
,ar,From Date,من تاريخ
,ar,From User,من الموظف
,ar,Global Search DocType,البحث الشامل DocType
,ar,Global Search Document Types Reset.,إعادة تعيين أنواع مستندات البحث الشاملة.
,ar,Global Search Settings,إعدادات البحث الشاملة
,ar,Global Shortcuts,اختصارات الشاملة
,ar,Go,انتقل 
,ar,Go to next record,انتقل إلى السجل التالي
,ar,Go to previous record,انتقل إلى السجل السابق
,ar,Google API Settings.,إعدادات واجهة برمجة تطبيقات Google.
,ar,Google Calendar,تقويم جوجل
,ar,"Google Calendar - Could not create Calendar for {0}, error code {1}.",تقويم Google - تعذر إنشاء تقويم لـ {0} ، رمز الخطأ {1}.
,ar,"Google Calendar - Could not delete Event {0} from Google Calendar, error code {1}.",تقويم Google - تعذر حذف الحدث {0} من تقويم Google ، رمز الخطأ {1}.
,ar,"Google Calendar - Could not fetch event from Google Calendar, error code {0}.",تقويم Google - تعذر إحضار حدث من تقويم Google ، رمز الخطأ {0}.
,ar,"Google Calendar - Could not insert contact in Google Contacts {0}, error code {1}.",تقويم Google - تعذر إدراج جهة اتصال في جهات اتصال Google {0} ، رمز الخطأ {1}.
,ar,"Google Calendar - Could not insert event in Google Calendar {0}, error code {1}.",تقويم Google - تعذر إدراج حدث في تقويم Google {0} ، رمز الخطأ {1}.
,ar,"Google Calendar - Could not update Event {0} in Google Calendar, error code {1}.",تقويم Google - تعذر تحديث الحدث {0} في تقويم Google ، رمز الخطأ {1}.
,ar,Google Calendar Event ID,رقم حدث تقويم Google
,ar,Google Calendar Integration.,تكامل تقويم Google.
,ar,Google Calendar has been configured.,تم تكوين تقويم Google.
,ar,Google Contacts,اتصالات جوجل
,ar,"Google Contacts - Could not sync contacts from Google Contacts {0}, error code {1}.",جهات اتصال Google - تعذر مزامنة جهات الاتصال من جهات اتصال Google {0} ، رمز الخطأ {1}.
,ar,"Google Contacts - Could not update contact in Google Contacts {0}, error code {1}.",جهات اتصال Google - تعذر تحديث جهة الاتصال في جهات اتصال Google {0} ، رمز الخطأ {1}.
,ar,Google Contacts Id,رقم جهات اتصال Google
,ar,Google Contacts Integration is disabled.,تم تعطيل تكامل جهات اتصال Google.
,ar,Google Contacts Integration.,اتصالات جوجل التكامل.
,ar,Google Contacts has been configured.,تم تكوين جهات اتصال Google.
,ar,Google Drive,محرك جوجل
,ar,Google Drive - Could not create folder in Google Drive - Error Code {0},Google Drive - تعذر إنشاء مجلد في Google Drive - رمز الخطأ {0}
,ar,Google Drive - Could not find folder in Google Drive - Error Code {0},Google Drive - تعذر العثور على مجلد في Google Drive - رمز الخطأ {0}
,ar,Google Drive Backup Successful.,Google Drive Backup Successful.
,ar,Google Drive Backup.,جوجل محرك النسخ الاحتياطي.
,ar,Google Drive Integration.,جوجل محرك التكامل.
,ar,Google Drive has been configured.,تم تكوين Google Drive.
,ar,Google Integration is disabled.,تم تعطيل Google التكامل.
,ar,Google Settings,إعدادات جوجل
,ar,Group By,مجموعة من
,ar,Group By Based On,تجميع حسب
,ar,Group By Type,مجموعة حسب النوع
,ar,Group By field is required to create a dashboard chart,"مطلوب حقل ""تجميع حسب"" لإنشاء رسم بياني لوحة معلومات"
,ar,HH:mm,HH: MM
,ar,HH:mm:ss,HH: MM: SS
,ar,HOOK-.####,hook-.####
,ar,HTML Page,صفحة HTML
,ar,Has Mapping,لديه رسم الخرائط
,ar,Hourly Long,ساعة طويلة
,ar,"If non-standard port (e.g. POP3: 995/110, IMAP: 993/143)",إذا كان المنفذ غير قياسي (مثل POP3: 995/110 ، IMAP: 993/143)
,ar,If the document has different field names on the Producer and Consumer's end check this and set up the Mapping,إذا كان المستند يحتوي على أسماء حقول مختلفة في نهاية المنتج والمستهلك ، فتحقق من هذا وقم بإعداد التعيين
,ar,If this is checked the documents will have the same name as they have on the Event Producer's site,إذا تم تحديد ذلك ، فستكون للمستندات نفس الاسم الذي تحمله على موقع منتج الأحداث
,ar,Illegal SQL Query,استعلام SQL غير قانوني
,ar,Import File,استيراد ملف
,ar,Import Log Preview,استيراد سجل معاينة
,ar,Import Preview,استيراد معاينة
,ar,Import Progress,استيراد التقدم
,ar,Import Type,نوع الاستيراد
,ar,Import Warnings,استيراد تحذيرات
,ar,"Import template should be of type .csv, .xlsx or .xls",يجب أن يكون نموذج الاستيراد من النوع .csv أو .xlsx أو .xls
,ar,Import template should contain a Header and atleast one row.,يجب أن يحتوي نموذج الاستيراد على رأس صف واحد على الأقل.
,ar,Importing {0} of {1},استيراد {0} من {1}
,ar,"Importing {0} of {1}, {2}",استيراد {0} من {1} ، {2}
,ar,Include indentation,تشمل المسافة البادئة
,ar,Incoming Change,التغيير الوارد
,ar,Invalid Filter Value,قيمة فلترة غير صحيح
,ar,Invalid URL,URL غير صحيح
,ar,Invalid field name: {0},اسم الحقل غير صحيح: {0}
,ar,Invalid file URL. Please contact System Administrator.,عنوان URL للملف غير صحيح. يرجى الاتصال بمدير النظام النظام.
,ar,Invalid include path,مسار تضمين غير صحيح
,ar,Invalid username or password,خطأ في اسم الموظف أو كلمة مرور
,ar,Is Primary,هو الأساسي
,ar,Is Primary Mobile,هو المحمول الأساسي
,ar,Is Primary Phone,هو الهاتف الأساسي
,ar,Is Tree,هي شجرة
,ar,JSON Request Body,أمر JSON الجسم
,ar,Javascript is disabled on your browser,تم تعطيل Javascript على متصفحك
,ar,Job,الوظيفة
,ar,Jump to field,الأنتقال الى حقل
,ar,Keyboard Shortcuts,اختصارات لوحة المفاتيح
,ar,LDAP Group,مجموعة LDAP
,ar,LDAP Group Field,حقل مجموعة LDAP
,ar,LDAP Group Mapping,تعيين مجموعة LDAP
,ar,LDAP Group Mappings,تعيينات LDAP
,ar,LDAP Last Name Field,حقل اسم العائلة LDAP
,ar,LDAP Middle Name Field,حقل الاسم الأوسط LDAP
,ar,LDAP Mobile Field,LDAP Mobile Field
,ar,LDAP Phone Field,حقل هاتف LDAP
,ar,LDAP User Creation and Mapping,إنشاء موظف LDAP ورسم الخرائط
,ar,Landscape,طباعة ورق أفقي
,ar,Last,الاخير
,ar,Last Backup On,آخر النسخ الاحتياطي على
,ar,Last Execution,آخر تنفيذ
,ar,Last Sync On,آخر مزامنة تشغيل
,ar,Last Update,اخر تحديث
,ar,Last refreshed,آخر تحديث
,ar,Link Document Type,رابط نوع المستند
,ar,Link Fieldname,اسم الحقل الرابط
,ar,Loading import file...,جارٍ تحميل ملف الاستيراد ...
,ar,Local Document Type,نوع المستند المحلي
,ar,Log Data,تسجيل البيانات
,ar,Main Section (HTML),القسم الرئيسي (HTML)
,ar,Main Section (Markdown),القسم الرئيسي (تخفيض )
,ar,"Maintains a Log of all inserts, updates and deletions on Event Producer site for documents that have consumers.","يحتفظ بسجل لجميع عمليات الإدراج والتحديثات والحذف على موقع ""منتج الأحداث"" للمستندات التي تحتوي على مستهلكين."
,ar,Maintains a log of every event consumed along with the status of the sync and a Resync button in case sync fails.,يحتفظ بسجل لكل حدث يتم استهلاكه مع حالة المزامنة وزر Resync في حالة فشل المزامنة.
,ar,Make all attachments private,اجعل جميع المرفقات خاصة
,ar,Mandatory Depends On,إلزامي يعتمد على
,ar,Map Columns,خريطة الأعمدة
,ar,Map columns from {0} to fields in {1},خريطة الأعمدة من {0} إلى الحقول في {1}
,ar,Mapping column {0} to field {1},تعيين العمود {0} إلى الحقل {1}
,ar,Mark all as Read,علم عليها مقروئة
,ar,Maximum Points,النقاط القصوى
,ar,Maximum points allowed after multiplying points with the multiplier value\n(Note: For no limit leave this field empty or set 0),الحد الأقصى للنقاط المسموح بها بعد ضرب نقاط بقيمة المضاعف (ملاحظة: بلا حدود ، اترك هذا الحقل فارغًا أو حدد 0)
,ar,Me,أنا
,ar,Mention,أشير
,ar,Modules,وحدات برمجية
,ar,Monthly Long,شهر طويل
,ar,Naming Series,سلسلة التسمية
,ar,Navigate Home,انتقل الصفحة الرئيسية
,ar,Navigate list down,انتقل القائمة لأسفل
,ar,Navigate list up,انتقل القائمة لأعلى
,ar,New Notification,إخطار جديد
,ar,New {0}: {1},جديد {0}: {1}
,ar,Newsletter should have atleast one recipient,يجب أن تحتوي الرسالة الإخبارية على متلقي واحد على الأقل
,ar,No Events Today,لا أحداث اليوم
,ar,No Google Calendar Event to sync.,لا يوجد حدث تقويم Google للمزامنة.
,ar,No More Activity,لا مزيد من النشاط
,ar,No Name Specified for {0},لا يوجد اسم محدد لـ {0}
,ar,No Upcoming Events,لا يوجد أحداث القادمة
,ar,No activity,لا يوجد نشاط
,ar,No conditions provided,لا توجد شروط
,ar,No contacts linked to document,لا جهات اتصال مرتبطة بالمستند
,ar,No data to export,لا توجد بيانات للتصدير
,ar,No documents found tagged with {0},لم يتم العثور على مستندات ذات علامة {0}
,ar,No failed logs,لا يوجد سجلات فاشلة
,ar,No filters found,لم يتم العثور على فلاتر
,ar,No more items to display,لا مزيد من الأصناف لعرضها
,ar,No more posts,لا مزيد من الوظائف
,ar,No new Google Contacts synced.,لم تتم مزامنة جهات اتصال Google الجديدة.
,ar,No pending or current jobs for this site,لا توجد وظائف معلقة أو حالية لهذا الموقع
,ar,No posts yet,لا توجد مشاركات حتى الآن
,ar,No records will be exported,لن يتم تصدير سجلات
,ar,No results found for {0} in Global Search,لم يتم العثور على نتائج لـ {0} في Global Search
,ar,No user found,لم يتم العثور على الموظف
,ar,Not Specified,غير محدد
,ar,Notification Log,سجل الأشعار
,ar,Notification Settings,إعدادات الإشعار
,ar,Notification Subscribed Document,أشعار مستند الأشتراك
,ar,Notifications Disabled,تم تعطيل الإشعارات
,ar,Number of Groups,عدد المجموعات
,ar,OAuth Client ID,رقم عميل OAuth
,ar,OTP setup using OTP App was not completed. Please contact Administrator.,لم يكتمل إعداد OTP باستخدام تطبيق OTP. يرجى الاتصال المدير النظام.
,ar,Only one {0} can be set as primary.,يمكن تعيين {0} واحد فقط على أنه أساسي.
,ar,Open Awesomebar,افتح محرك البحث
,ar,Open Chat,دردشة مفتوحة
,ar,Open Documents,المستندات المفتوحة
,ar,Open Help,افتح المساعدة
,ar,Open Settings,أفتح الإعدادات
,ar,Open list item,فتح عنصر القائمة
,ar,Organizational Unit for Users,الوحدة التنظيمية للموظفين
,ar,Page Shortcuts,اختصارات الصفحة
,ar,Parent Field (Tree),حقل الأصل (شجرة)
,ar,Parent Field must be a valid fieldname,يجب أن يكون حقل الأصل اسمًا صحيحًا للحقل
,ar,Pin Globally,تثبيت على العام
,ar,Places,أماكن
,ar,Please check the filter values set for Dashboard Chart: {},يرجى التحقق من قيم الفلتر المحدد لرسم بياني لوحة المعلومات: {}
,ar,Please enable pop-ups in your browser,يرجى تمكين النوافذ المنبثقة في متصفحك
,ar,Please find attached {0}: {1},يرجى الاطلاع على المرفق {0}: {1}
,ar,Please select applicable Doctypes,يرجى اختيار الأساليب المناسبة
,ar,Portrait,صورة
,ar,Press Alt Key to trigger additional shortcuts in Menu and Sidebar,اضغط على مفتاح Alt لتشغيل اختصارات إضافية في القائمة والشريط الجانبي
,ar,Print Settings...,إعدادات الطباعة ...
,ar,Producer Document Name,اسم مستند المنتج
,ar,Producer URL,عنوان URL للمنتج
,ar,Property Depends On,الملكية تعتمد على
,ar,Pull from Google Calendar,سحب من تقويم جوجل
,ar,Pull from Google Contacts,سحب من اتصالات جوجل
,ar,Pulled from Google Calendar,تم سحبها من تقويم Google
,ar,Pulled from Google Contacts,سحبت من اتصالات جوجل
,ar,Push to Google Calendar,اضغط على تقويم Google
,ar,Push to Google Contacts,اضغط على جهات اتصال Google
,ar,Queue / Worker,قائمة الأنتظار/ عامل
,ar,RAW Information Log,سجل معلومات اساسي
,ar,Raw Printing Settings...,إعدادات الطباعة الأساسية...
,ar,Read Only Depends On,القراءة تعتمد فقط على
,ar,Recent Activity,النشاط الأخير
,ar,Reference document has been cancelled,تم الغاء المستند المرجعي
,ar,Reload File,إعادة تحميل الملف
,ar,Remote Document Type,نوع المستند البعيد
,ar,"Renamed files and replaced code in controllers, please check!",إعادة تسمية الملفات ورمز استبدالها في وحدات التحكم ، يرجى مراجعة!
,ar,Repeat on Last Day of the Month,كرر في اليوم الأخير من الشهر
,ar,Repeats {0},يكرر {0}
,ar,Report Information,تقرير المعلومات
,ar,Report with more than 10 columns looks better in Landscape mode.,التقرير مع أكثر من 10 أعمدة تبدو أفضل في وضع أفقي.
,ar,Request Structure,أمر هيكل
,ar,Restricted,محدد
,ar,Restrictions,قيود
,ar,Resync,المزامنة
,ar,Row Number,رقم الصف
,ar,Row {0},الصف {0}
,ar,Run Jobs only Daily if Inactive For (Days),شغِّل الوظائف فقط يوميًا إذا كان غير نشط (أيام)
,ar,SMS was not sent. Please contact Administrator.,لم يتم إرسال الرسائل القصيرة. يرجى الاتصال المدير النظام.
,ar,Saved Successfully,حفظ بنجاح
,ar,Scheduled Job,الوظيفة المجدولة
,ar,Scheduled Job Log,سجل الوظائف المجدولة
,ar,Scheduled Job Type,نوع الوظيفة المجدولة
,ar,Scheduler Inactive,المجدول غير نشط
,ar,Scheduler is inactive. Cannot import data.,المجدول غير نشط. لا يمكن استيراد البيانات.
,ar,Script Manager,مدير البرنامج النصي
,ar,Script Type,نوع البرنامج النصي
,ar,Search Priorities,أولويات البحث
,ar,Search Source Text,بحث نص المصدر
,ar,Search by filename or extension,البحث عن طريق اسم الملف أو التمديد
,ar,Select Date Range,اختر مجال التاريخ
,ar,Select Field,اختر المجال
,ar,Select Field...,اختر الحقل ...
,ar,Select Filters,اختر الفلاتر
,ar,Select Google Calendar to which event should be synced.,حدد تقويم Google للحدث الذي يجب مزامنته.
,ar,Select Google Contacts to which contact should be synced.,حدد جهات اتصال Google التي يجب مزامنتها مع جهة الاتصال.
,ar,Select Group By...,اختر مجموعة حسب ...
,ar,Select Mandatory,حدد إلزامية
,ar,Select atleast 2 actions,حدد على الأقل 2 الإجراءات
,ar,Select list item,حدد عنصر القائمة
,ar,Select multiple list items,حدد أصناف قائمة متعددة
,ar,Send an email to {0} to link it here,أرسل بريدًا إلكترونيًا إلى {0} لربطه هنا
,ar,Server Action,عمل الخادم
,ar,Server Script,خادم النصي
,ar,Session Default,الجلسة الافتراضية
,ar,Session Default Settings,إعدادات الجلسة الافتراضية
,ar,Session Defaults,الجلسة الافتراضية
,ar,Session Defaults Saved,تم حفظ الإعدادات الافتراضية للجلسة
,ar,Set as Default Theme,تعيين كسمة الافتراضي
,ar,Setting up Global Search documents.,إعداد مستندات البحث الشامل.
,ar,Show Document,عرض المستند
,ar,Show Failed Logs,إظهار السجلات الفاشلة
,ar,Show Keyboard Shortcuts,إظهار اختصارات شريحة المفاتيح
,ar,Show More Activity,عرض المزيد من النشاط
,ar,Show Traceback,إظهار التتبع
,ar,Show Warnings,إظهار التحذيرات
,ar,Showing only first {0} rows out of {1},إظهار أول صف {0} فقط من {1}
,ar,"Simple Python Expression, Example: Status in (""Invalid"")","تعبير Python البسيط ، مثال: الحالة في (""غير صحيح"")"
,ar,Skipping Untitled Column,تخطي العمود بلا عنوان
,ar,Skipping column {0},عمود التخطي {0}
,ar,Social Home,الصفحة الرئيسية الاجتماعية
,ar,Some columns might get cut off when printing to PDF. Try to keep number of columns under 10.,قد تنقطع بعض الأعمدة عند الطباعة إلى PDF. حاول الحفاظ على عدد الأعمدة أقل من 10.
,ar,Something went wrong during the token generation. Click on {0} to generate a new one.,حدث خطأ ما أثناء إنشاء الرمز المميز. انقر فوق {0} لإنشاء واحدة جديدة.
,ar,Submit After Import,إرسال بعد الاستيراد
,ar,Submitting...,ترحيل...
,ar,Success! You are good to go 👍,نجاح! أنت جيد للذهاب 👍
,ar,Successful Transactions,المعاملات الناجحة
,ar,Successfully Submitted!,قدمت بنجاح!
,ar,Successfully imported {0} record.,تم استيراد سجل {0} بنجاح.
,ar,Successfully imported {0} records.,تم استيراد سجلات {0} بنجاح.
,ar,Successfully updated {0} record.,تم تحديث السجل بنجاح {0}.
,ar,Successfully updated {0} records.,تم تحديث سجلات {0} بنجاح.
,ar,Sync Calendar,مزامنة التقويم
,ar,Sync Contacts,مزامنة جهات الاتصال
,ar,Sync with Google Calendar,مزامنة مع تقويم Google
,ar,Sync with Google Contacts,مزامنة مع جهات اتصال Google
,ar,Synced,مزامن
,ar,Syncing,المزامنة
,ar,Syncing {0} of {1},مزامنة {0} من {1}
,ar,Tag Link,علامة الارتباط
,ar,Take Backup,خذ نسخة احتياطية
,ar,Template Error,خطأ في النموذج
,ar,Template Options,خيارات النموذج
,ar,Template Warnings,تحذيرات النموذج
,ar,The Auto Repeat for this document has been disabled.,تم تعطيل التكرار التلقائي لهذا المستند.
,ar,The following records needs to be created before we can import your file.,يجب إنشاء السجلات التالية قبل أن نتمكن من استيراد ملفك.
,ar,The mapping configuration between two doctypes.,تكوين التعيين بين اثنين من الأساليب.
,ar,The site which is consuming your events.,الموقع الذي يستهلك الأحداث الخاصة بك.
,ar,The site you want to subscribe to for consuming events.,الموقع الذي تريد الاشتراك فيه لاستهلاك الأحداث.
,ar,The webhook will be triggered if this expression is true,سيتم تشغيل webhook إذا كان هذا التعبير صحيحًا
,ar,The {0} is already on auto repeat {1},{0} قيد التكرار التلقائي {1}
,ar,There are some linked records which needs to be created before we can import your file. Do you want to create the following missing records automatically?,هناك بعض السجلات المرتبطة التي يجب إنشاؤها قبل أن نتمكن من استيراد ملفك. هل تريد إنشاء السجلات المفقودة التالية تلقائيًا؟
,ar,There should be atleast one row for the following tables: {0},يجب أن يكون هناك صف واحد على الأقل للجداول التالية: {0}
,ar,There should be atleast one row for {0} table,يجب أن يكون هناك صف واحد على الأقل لجدول {0}
,ar,This action is only allowed for {},هذا الإجراء مسموح به فقط لـ {}
,ar,This cannot be undone,هذا لا يمكن التراجع عنها
,ar,Time Format,تنسيق الوقت
,ar,Time series based on is required to create a dashboard chart,مطلوب سلسلة زمنية بناءً على إنشاء رسم بياني لوحة المعلومات
,ar,Time {0} must be in format: {1},يجب أن يكون الوقت {0} بالتنسيق: {1}
,ar,"To configure Auto Repeat, enable ""Allow Auto Repeat"" from {0}.","لتهيئة التكرار التلقائي ، قم بتمكين ""السماح بالتكرار التلقائي"" من {0}."
,ar,To enable it follow the instructions in the following link: {0},لتمكينه ، اتبع التعليمات في الرابط التالي: {0}
,ar,"To use Google Calendar, enable {0}.",لاستخدام تقويم Google ، قم بتمكين {0}.
,ar,"To use Google Contacts, enable {0}.",لاستخدام جهات اتصال Google ، قم بتمكين {0}.
,ar,"To use Google Drive, enable {0}.",لاستخدام Google Drive ، قم بتمكين {0}.
,ar,Today's Events,أحداث اليوم
,ar,Toggle Public/Private,تبديل الشاملة / الخاصة
,ar,Tracks milestones on the lifecycle of a document if it undergoes multiple stages.,يتتبع الأحداث الرئيسية في دورة حياة المستند إذا خضع لمراحل متعددة.
,ar,Tree structures are implemented using Nested Set,يتم تنفيذ هياكل الشجرة باستخدام مجموعة متداخلة
,ar,Trigger Primary Action,الأستهداف العمل الأساسي
,ar,URL for documentation or help,عنوان URL للتوثيق أو المساعدة
,ar,URL must start with 'http://' or 'https://',"يجب أن يبدأ عنوان URL بـ ""http: //"" أو ""https: //"""
,ar,Unchanged,دون تغيير
,ar,Unpin,إزالة التثبيت
,ar,Untitled Column,عمود بلا عنوان
,ar,Untranslated,غير مترجم
,ar,Upcoming Events,الأحداث القادمة
,ar,Update Existing Records,تحديث السجلات الموجودة
,ar,Update Type,نوع التحديث
,ar,Updated To A New Version 🎉,تم التحديث إلى إصدار جديد 🎉
,ar,"Updating {0} of {1}, {2}",تحديث {0} من {1} ، {2}
,ar,Upload file,رفع ملف
,ar,Upload {0} files,قم بتحميل {0} الملفات
,ar,Uploaded To Google Drive,تم الرفع إلى Google Drive
,ar,Uploaded successfully,تم الرفع بنجاح
,ar,Uploading {0} of {1},تحميل {0} من {1}
,ar,Use SSL for Outgoing,استخدام طبقة المقابس الآمنة للخارج
,ar,Use Same Name,استخدم نفس الاسم
,ar,Used For Google Maps Integration.,يستخدم لتكامل خرائط جوجل.
,ar,User ID Property,خاص برقم الموظف
,ar,User Profile,ملف للموظف
,ar,User Settings,إعدادات الموظف
,ar,User does not exist,الموظف غير موجود
,ar,User {0} has requested for data deletion,أمر الموظف {0} حذف البيانات
,ar,Users assigned to the reference document will get points.,سيحصل الموظفون المحددون في المستند المرجعي على نقاط.
,ar,Value must be one of {0},يجب أن تكون القيمة واحدة من {0}
,ar,Value {0} missing for {1},القيمة {0} مفقودة لـ {1}
,ar,Verification,التحقق
,ar,Verification Code,شيفرة التأكيد
,ar,Verification code email not sent. Please contact Administrator.,لم يتم إرسال رمز التحقق. يرجى الاتصال المدير النظام.
,ar,Verified,التحقق
,ar,Verifier,المحقق
,ar,View Full Log,عرض السجل الكامل
,ar,"View Log of all print, download and export events",عرض سجل لجميع أحداث الطباعة وتنزيل وتصدير
,ar,Visit Web Page,زيارة صفحة الويب
,ar,Webhook Secret,Webhook Secret
,ar,Webhook Security,Webhook الأمن
,ar,Webhook Trigger,Webhook Trigger
,ar,Weekly Long,أسبوع طويل
,ar,"When enabled this will allow guests to upload files to your application, You can enable this if you wish to collect files from user without having them to log in, for example in job applications web form.",عند التمكين ، سيتيح ذلك للضيوف تحميل الملفات إلى التطبيق الخاص بك ، يمكنك تمكين هذا إذا كنت ترغب في جمع الملفات من الموظف دون الحاجة إلى تسجيل الدخول ، على سبيل المثال في نموذج ويب تطبيقات الوظائف.
,ar,Will run scheduled jobs only once a day for inactive sites. Default 4 days if set to 0.,سيتم تشغيل المهام المجدولة مرة واحدة فقط يوميًا للمواقع غير النشطة. الافتراضي 4 أيام إذا تم تعيينه على 0.
,ar,Workflow Status,حالة سير العمل
,ar,You are not allowed to export {} doctype,غير مسموح لك بتصدير النموذج {}
,ar,You can try changing the filters of your report.,يمكنك محاولة تغيير عوامل فلترة تقريرك.
,ar,You do not have permissions to cancel all linked documents.,ليس لديك صلاحيات لإلغاء كافة المستندات المرتبطة.
,ar,You need to create these first:,تحتاج إلى إنشاء هذه أولاً:
,ar,You need to enable JavaScript for your app to work.,تحتاج إلى تمكين JavaScript لتشغيل تطبيقك.
,ar,You need to install pycups to use this feature!,تحتاج إلى تثبيت pycups لاستخدام هذه الميزة!
,ar,Your Target,الهدف الخاص بك
,ar,"browse,",تصفح،
,ar,cancelled this document {0},ألغيت هذه المستند {0}
,ar,changed value of {0} {1},القيمة المتغيرة {0} {1}
,ar,changed values for {0} {1},القيم المتغيرة لـ {0} {1}
,ar,choose an,اختيار
,ar,empty,فارغة
,ar,of,من
,ar,or attach a,أو إرفاق
,ar,submitted this document {0},قدم هذه المستند {0}
,ar,"tag name..., e.g. #tag",اسم العلامة ... ، على سبيل المثال #tag
,ar,uploaded file,الملف الذي تم رفعه 
,ar,via Data Import,عبر استيراد البيانات
,ar,{0} Google Calendar Events synced.,{0} تمت مزامنة أحداث تقويم Google.
,ar,{0} Google Contacts synced.,{0} مزامنة جهات اتصال Google.
,ar,{0} are mandatory fields,{0} هي حقول إلزامية
,ar,{0} are required,{0} مطلوبة
,ar,{0} assigned a new task {1} {2} to you,{0} خصص مهمة جديدة {1} {2} لك
,ar,{0} gained {1} point for {2} {3},{0} حصل على {1} نقطة لـ {2} {3}
,ar,{0} gained {1} points for {2} {3},{0} حصل على {1} نقاط لـ {2} {3}
,ar,{0} has no versions tracked.,{0} لا يحتوي على إصدارات متعقبة.
,ar,{0} is not a valid report format. Report format should one of the following {1},{0} ليس تنسيق تقرير صحيحًا. يجب أن يكون تنسيق التقرير مما يلي {1}
,ar,{0} mentioned you in a comment in {1} {2},{0} أشار إليك في تعليق في {1} {2}
,ar,{0} of {1} ({2} rows with children),{0} من {1} ({2} صفوف تحتوي على فروع)
,ar,{0} records will be exported,سيتم تصدير {0} السجلات
,ar,{0} shared a document {1} {2} with you,{0} شارك مستند {1} {2} معك
,ar,{0} should not be same as {1},{0} يجب ألا يكون مطابقًا لـ {1}
,ar,{0} translations pending,{0} ترجمات معلقة
,ar,{0} {1} is linked with the following submitted documents: {2},{0} {1} مرتبط بالمستندات المرسلة التالية: {2}
,ar,"{0}: Failed to attach new recurring document. To enable attaching document in the auto repeat notification email, enable {1} in Print Settings",{0}: فشل في إرفاق مستند متكررة جديدة. لتمكين إرفاق المستند في رسالة البريد الإلكتروني لإشعار التكرار التلقائي ، قم بتمكين {1} في إعدادات الطباعة
,ar,{0}: Fieldname cannot be one of {1},{0}: اسم الحقل لا يمكن أن يكون أحد {1}
,ar,{} Complete,{} اكتمال
,ar,← Back to upload files,← الرجوع إلى تحميل الملفات
,ar,Activity,نشاط
,ar,Add / Manage Email Accounts.,إضافة / إدارة حسابات البريد الإلكتروني.
,ar,Add Child,إضافة الفرع
,ar,Add Multiple,إضافة متعددة
,ar,Add Participants,أضف مشاركين
,ar,Added {0} ({1}),وأضاف {0} ({1})
,ar,Address Line 1,العنوان سطر 1
,ar,Addresses,عناوين
,ar,All,الكل
,ar,Brand,العلامة التجارية
,ar,Browse,تصفح
,ar,Cancelled,ألغيت
,ar,Chart,رسم بياني
,ar,Close,أغلق
,ar,Communication,الاتصالات
,ar,Compact Item Print,طباعة صنف مدمج
,ar,Company,شركة
,ar,Complete,أكمال
,ar,Completed,أكتمل
,ar,Continue,استمر
,ar,Country,الدولة
,ar,Creating {0},إنشاء {0}
,ar,Currency,العملة
,ar,Customize,تخصيص
,ar,Daily,يوميا
,ar,Date,تاريخ
,ar,Dear,عزيزى
,ar,Default,الافتراضي
,ar,Delete,حذف
,ar,Description,وصف
,ar,Designation,تعيين
,ar,Disabled,معطل
,ar,Doctype,DOCTYPE
,ar,Download Template,تحميل المستند
,ar,Dr,Dr
,ar,Due Date,تاريخ الاستحقاق
,ar,Duplicate,مكررة
,ar,Edit Profile,تحرير الملف الشخصي
,ar,Email,البريد الإلكتروني
,ar,End Time,وقت الانتهاء
,ar,Enter Value,أدخل القيمة
,ar,Entity Type,نوع الكيان
,ar,Error,خطأ
,ar,Expired,انتهى
,ar,Export,تصدير
,ar,Export not allowed. You need {0} role to export.,الصادرات غير مسموح به. تحتاج {0} الدور الوظيفي التصدير.
,ar,Fetching...,جلب ...
,ar,Field,حقل
,ar,File Manager,مدير الملفات
,ar,Filters,فلاتر
,ar,Get Items,احصل على البنود
,ar,Goal,الهدف
,ar,Group,مجموعة
,ar,Group Node,عقدة المجموعة
,ar,Help,مساعدة
,ar,Help Article,صفحة المساعدة
,ar,Home,الصفحة الرئيسية
,ar,Import Data from CSV / Excel files.,استيراد البيانات من ملفات CSV / Excel.
,ar,In Progress,في تَقَدم
,ar,Intermediate,متوسط
,ar,Invite as User,دعوة كموظف
,ar,"It seems that there is an issue with the server's stripe configuration. In case of failure, the amount will get refunded to your account.",يبدو أن هناك مشكلة في تكوين شريط الخادم. في حالة الفشل ، سيتم إعادة المبلغ إلى حسابك.
,ar,Loading...,تحميل ...
,ar,Location,الموقع
,ar,Looks like someone sent you to an incomplete URL. Please ask them to look into it.,يبدو مثل شخص أرسل لك إلى عنوان URL غير مكتمل. من فضلك اأمر منهم للنظر في ذلك.
,ar,Master,أساسي
,ar,Message,رسالة
,ar,Missing Values Required,قيم مفقودة مطلوبة
,ar,Mobile No,رقم الهاتف المحمول
,ar,Month,شهر
,ar,Name,اسم
,ar,Newsletter,النشرة الإخبارية
,ar,Not Allowed,غير مسموح
,ar,Note,ملاحظات
,ar,Offline,غير متصل بالإنترنت
,ar,Open,فتح
,ar,Page {0} of {1},الصفحة {0} من {1}
,ar,Pay,دفع
,ar,Pending,معلق
,ar,Phone,هاتف
,ar,Please click on the following link to set your new password,الرجاء الضغط على الرابط التالي لتعيين كلمة المرور الجديدة
,ar,Please select another payment method. Stripe does not support transactions in currency '{0}',يرجى تحديد طريقة دفع أخرى. Stripe لا يدعم المعاملات بالعملة '{0}'
,ar,Please specify,رجاء حدد
,ar,Printing,طبع
,ar,Priority,أفضلية
,ar,Project,مشروع
,ar,Quarterly,ربع سنوي
,ar,Queued,قائمة الانتظار
,ar,Quick Entry,إدخال سريع
,ar,Reason,سبب
,ar,Refreshing,جاري التحديث
,ar,Rename,إعادة تسمية
,ar,Reset,إعادة تعيين
,ar,Review,إعادة النظر
,ar,Room,غرفة
,ar,Room Type,نوع الغرفة
,ar,Save,حفظ
,ar,Search results for,نتائج البحث عن
,ar,Select All,تحديد الكل
,ar,Send,إرسال
,ar,Sending,جارى الأرسال
,ar,Server Error,خطأ في الخادم
,ar,Set,مجموعة
,ar,Setup,الإعدادات
,ar,Setup Wizard,معالج الإعدادات
,ar,Size,حجم
,ar,Sr,Sr
,ar,Start,بداية
,ar,Start Time,بداية الوقت
,ar,Status,الحالة
,ar,Submitted,مسجلة
,ar,Tag,بطاقة شعار
,ar,Template,نموذج
,ar,Thursday,الخميس
,ar,Title,اللقب
,ar,Total,الاجمالي غير شامل الضريبة
,ar,Totals,المجاميع
,ar,Tuesday,الثلاثاء
,ar,Type,النوع
,ar,Update,تحديث
,ar,User {0} is disabled,الموظف {0} تم تعطيل
,ar,Users and Permissions,الموظفين والصلاحيات
,ar,Warehouse,المخازن
,ar,Welcome to {0},أهلا وسهلا بك إلى {0}
,ar,Year,عام
,ar,Yearly,سنويا
,ar,You,أنت
,ar,You can also copy-paste this link in your browser,يمكنك أيضا نسخ - لصق هذا الرابط في متصفحك
,ar,and,و
,ar,{0} Name,{0} الاسم
,ar,{0} is required,{0} مطلوب
,ar,ALL,جميع
,ar,Attach File,إرفاق ملف
,ar,Barcode,الرمز الشريطي
,ar,Beginning with,بداية من
,ar,Bold,بالخط العريض
,ar,CANCELLED,ملغي
,ar,Calendar,تقويم
,ar,Center,مركز
,ar,Clear,مسح
,ar,Comment,تعليق
,ar,Comments,تعليقات
,ar,DRAFT,مسودة
,ar,Dashboard,لوحة المعلومات
,ar,DocType,DocType
,ar,Download,تحميل
,ar,EMail,البريد الإلكتروني
,ar,Edit in Full Page,تحرير في صفحة كاملة
,ar,Email Inbox,البريد الوارد
,ar,File,ملف
,ar,Forward,إلى الأمام
,ar,Icon,أيقونة
,ar,In,في
,ar,Inbox,صندوق الوارد
,ar,Insert New Records,أدخل سجلات جديدة
,ar,JavaScript,جافا سكريبت
,ar,LDAP Settings,إعدادات LDAP
,ar,Left,اليسار
,ar,Like,مثل
,ar,Link,حلقة الوصل
,ar,Logged in,تسجيل الدخول
,ar,New,جديد
,ar,Not Found,لم يتم العثور على
,ar,Not Like,لا تعجبني
,ar,Notify by Email,الأشعارعن طريق البريد الإلكتروني
,ar,Now,الآن
,ar,Off,إيقاف
,ar,One of,واحد من
,ar,Page,الصفحة
,ar,Print,طباعة
,ar,Reference Name,اسم المرجع
,ar,Refresh,تحديث
,ar,Repeat,كرر
,ar,Right,يمين
,ar,Roles HTML,الدور الوظيفي HTML
,ar,Scheduled To Send,من المقرر أن ترسل
,ar,Search Results for,نتائج البحث عن
,ar,Send Notification To,إرسال إشعار ل
,ar,Success,نجاح
,ar,Tags,إشارات
,ar,Time,زمن
,ar,Updated Successfully,تم التحديث بنجاح
,ar,Upload,رفع
,ar,User,الموظف
,ar,Value,القيمة
,ar,Web Link,رابط موقع
,ar,Your Email Address,عنوان البريد الإلكتروني الخاص بك
,ar,Desktop,سطح المكتب
,ar,Usage Info,معلومات الاستخدام
,ar,Download Backups,تحميل النسخ الاحتياطية
,ar,Recorder,مسجل
,ar,Role Permissions Manager,مدير ضوابط الدور الوظيفي
,ar,Translation Tool,أداة الترجمة
,ar,Awaiting password,في انتظار كلمة المرور
,ar,Current status,الحالة الحالية
,ar,Download template,تحميل المستند
,ar,Edit in full page,التحرير في صفحة كاملة
,ar,Email Id,البريد الإلكتروني
,ar,Email address,البريد الالكتروني
,ar,Ends on,ينتهي في
,ar,Half-yearly,نصف سنوي
,ar,Hidden,مخفي
,ar,Javascript,جافا سكريبت
,ar,Ldap settings,إعدادات Ldap
,ar,Mobile number,رقم الهاتف المحمول
,ar,Mx,الأقصي
,ar,No,لا
,ar,Not found,لم يتم العثور على
,ar,Notes:,ملاحظات:
,ar,Notify by email,إبلاغ عبر البريد الإلكتروني
,ar,Permitted Documents For User,المستندات المسموح بها للموظف
,ar,Reference Docname,مرجع DocName
,ar,Reference Doctype,مرجع Doctype
,ar,Reference name,اسم المرجع
,ar,Roles Html,الدور الوظيفي Html
,ar,Row #,الصف #
,ar,Scheduled to send,من المقرر أن ترسل
,ar,Select Doctype,حدد نوع المستند
,ar,Send Email for Successful backup,إرسال بريد إلكتروني للنجاح النسخ الاحتياطي
,ar,Sign up,سجل
,ar,Time format,تنسيق الوقت
,ar,Upload failed,فشل في رفع الملف
,ar,User Id,رقم الموظف
,ar,Yes,نعم
,ar,Your email address,عنوان بريدك الإلكتروني
,ar,added,وأضاف
,ar,added {0},تم اضافة {0}
,ar,barcode,الباركود
,ar,beginning with,بدء ب
,ar,blue,أزرق
,ar,bold,بالخط العريض
,ar,book,كتاب
,ar,calendar,التقويم
,ar,certificate,شهادة
,ar,check,تحقق
,ar,clear,مسح
,ar,comment,تعليق
,ar,comments,تعليقات
,ar,created,أنشأ
,ar,danger,خطر
,ar,dashboard,لوحة المعلومات
,ar,download,تحميل
,ar,edit,تحرير
,ar,email inbox,البريد الوارد
,ar,file,ملف
,ar,filter,فلتر
,ar,flag,علم
,ar,font,الخط
,ar,forward,إلى الأمام
,ar,green,أخضر
,ar,home,الصفحة الرئيسية
,ar,icon,رمز
,ar,inbox,صندوق الوارد
,ar,like,مثل
,ar,link,رابط
,ar,list,قائمة
,ar,lock,قفل
,ar,logged in,تسجيل الدخول
,ar,message,رسالة
,ar,module,وحدة
,ar,move,نقل
,ar,music,موسيقى
,ar,new,جديد
,ar,now,الآن
,ar,off,بعيدا
,ar,one of,واحدة من
,ar,orange,البرتقالي
,ar,page,صفحة
,ar,print,طباعة
,ar,purple,أرجواني
,ar,random,عشوائي
,ar,red,أحمر
,ar,refresh,تحديث
,ar,remove,إزالة الفلتر
,ar,response,استجابة
,ar,search,بحث
,ar,share,مشاركة
,ar,stop,توقف
,ar,success,نجاح
,ar,tag,بطاقة
,ar,tags,الأشارات
,ar,tasks,مهام
,ar,time,الوقت
,ar,trash,سلة المحذوفات
,ar,upload,رفع
,ar,user,موظف
,ar,value,قيمة
,ar,web link,ارتباط ويب
,ar,yellow,الأصفر
,ar,Not permitted,غير مسموح به
,ar,Add Chart to Dashboard,إضافة رسم بياني إلى لوحة المعلومات
,ar,Add to Dashboard,إضافة إلى لوحة المعلومات
,ar,Google Translation,ترجمة جوجل
,ar,Important,مهم
,ar,No Filters Set,لا توجد فلاتر
,ar,No Records Created,لا سجلات تم إنشاؤها
,ar,Please Set Chart,يرجى وضع الرسم البياني
,ar,Please create chart first,يرجى إنشاء الرسم البياني أولا
,ar,"Report has no data, please modify the filters or change the Report Name",لا يحتوي التقرير على بيانات ، يرجى تحرير الفلاتر أو تغيير اسم التقرير
,ar,Select Dashboard,اختر لوحة المعلومات
,ar,Y Field,Y حقل
,ar,You need to be in developer mode to edit this document,يجب أن تكون في وضع المطور لتحرير هذا المستند
,ar,Cards,إشارات
,ar,Community Contribution,مساهمة المجتمع
,ar,Count Filter,عدد الفلاتر 
,ar,Dashboard Chart Field,حقل رسم بياني لوحة المعلومات
,ar,Desk Card,بطاقة مكتب
,ar,Desk Chart,رسم بياني مكتبي
,ar,Desk Page,مكتب الصفحة
,ar,Desk Shortcut,مكتب اختصار
,ar,Developer Mode Only,وضع المطور فقط
,ar,Disable User Customization,تعطيل تخصيص الموظف
,ar,For example: {} Open,على سبيل المثال: {} فتح
,ar,Link Cards,إشارات الارتباط
,ar,Link To,رابط ل
,ar,Onboarding,تسكين
,ar,Percentage,النسبة المئوية
,ar,Pie,دائري
,ar,Pin To Bottom,تثبيت إلى أسفل
,ar,Pin To Top,تثبيت الى أعلى الصفحة
,ar,Restrict to Domain,تقييد المجال
,ar,Shortcuts,اختصارات
,ar,X Field,X حقل
,ar,Y Axis,المحور Y
,ar,workspace,مساحة العمل
,ar,Setup > User,الإعداد > الموظف
,ar,Setup > Customize Form,الإعداد > تخصيص النموذج
,ar,Setup > User Permissions,الإعداد > صلاحيات الموظف
,ar,"Error connecting to QZ Tray Application...<br><br> You need to have QZ Tray application installed and running, to use the Raw Print feature.<br><br><a target=""_blank"" href=""https://qz.io/download/"">Click here to Download and install QZ Tray</a>.<br> <a target=""_blank"" href=""https://erpnext.com/docs/user/manual/en/setting-up/print/raw-printing"">Click here to learn more about Raw Printing</a>.","خطأ في الاتصال بـ QZ Tray Application ... <br><br> تحتاج إلى تثبيت تطبيق QZ Tray وتشغيله لاستخدام ميزة Raw Print. <br><br> <a href=""https://qz.io/download/"" target=""_blank"">انقر هنا لتنزيل وتثبيت QZ Tray</a> . <br> <a href=""https://erpnext.com/docs/user/manual/en/setting-up/print/raw-printing"" target=""_blank"">انقر هنا لرقمة المزيد عن الطباعة الخام</a> ."
,ar,No email account associated with the User. Please add an account under User > Email Inbox.,لا يوجد حساب بريد إلكتروني مرتبط بالموظف. الرجاء إضافة حساب ضمن الموظف > البريد الوارد للبريد الإلكتروني.
,ar,"For comparison, use >5, <10 or =324. For ranges, use 5:10 (for values between 5 & 10).",للمقارنة ، استخدم> 5 ، <10 أو = 324. للنطاقات ، استخدم 5:10 (للقيم بين 5 و 10).
,ar,No default Address Template found. Please create a new one from Setup > Printing and Branding > Address Template.,لم يتم العثور على نموذج عنوان افتراضي. يرجى إنشاء واحدة جديدة من الإعداد > الطباعة والعلامة التجارية > نموذج العنوان.
,ar,Please setup default Email Account from Setup > Email > Email Account,يرجى إعداد حساب البريد الإلكتروني الافتراضي من الإعداد > البريد الإلكتروني > حساب البريد الإلكتروني
,ar,Email Account not setup. Please create a new Email Account from Setup > Email > Email Account,حساب البريد الإلكتروني لا الإعداد. يرجى إنشاء حساب بريد إلكتروني جديد من الإعداد > البريد الإلكتروني > حساب البريد الإلكتروني
,ar,Attach file,أرفق ملف
,ar,Contribution Status,حالة المساهمة
,ar,Contribution Document Name,اسم مستند المساهمة
,ar,Extends,تمديد
,ar,Extends Another Page,يمتد صفحة أخرى
,ar,Please select target language for translation,الرجاء تحديد اللغة الهدف للترجمة
,ar,Select Language,اختار اللغة
,ar,Confirm Translations,تأكيد الترجمات
,ar,Contributed Translations,الترجمات المساهمة
,ar,Show Tags,أظهر الأشارات
,ar,Do not have permission to access {0} bucket.,ليس لديك صلاحية للوصول إلى حاوية {0}.
,ar,Allow document creation via Email,السماح بإنشاء المستندات عبر البريد الإلكتروني
,ar,Sender Field,حقل المرسل
,ar,Logout All Sessions on Password Reset,تسجيل الخروج من جميع الجلسات عند إعادة تعيين كلمة المرور
,ar,Logout From All Devices After Changing Password,تسجيل الخروج من جميع الأجهزة بعد تغيير كلمة المرور
,ar,Send Notifications For Documents Followed By Me,إرسال إشعارات للمستندات التي اتبعتها
,ar,Send Notifications For Email Threads,إرسال إشعارات لمواضيع البريد الإلكتروني
,ar,Bypass Restricted IP Address Check If Two Factor Auth Enabled,تحقق من تجاوز عنوان IP المقيد إذا تم تمكين مصادقة عاملين
,ar,Reset LDAP Password,إعادة تعيين كلمة مرور LDAP
,ar,Confirm New Password,تأكيد كلمة المرور الجديدة
,ar,Logout All Sessions,تسجيل الخروج من جميع الجلسات
,ar,Passwords do not match!,كلمة المرور غير مطابقة!
,ar,Dashboard Manager,مدير لوحة المعلومات
,ar,Dashboard Settings,اعدادات لوحة المعلومات الرئيسية
,ar,Chart Configuration,تكوين الرسم البياني
,ar,No Permitted Charts on this Dashboard,لا توجد رسم بيانيات مسموح بها في لوحة المعلومات هذه
,ar,No Permitted Charts,لا توجد رسم بيانيات مسموح بها
,ar,Reset Chart,إعادة تعيين الرسم البياني
,ar,via {0},عبر {0}
,ar,{0} is not a valid Phone Number,{0} رقم الهاتف غير صحيح
,ar,Failed Transactions,المعاملات الفاشلة
,ar,Value for field {0} is too long in {1}. Length should be lesser than {2} characters,قيمة الحقل {0} طويلة جدًا في {1}. يجب أن يكون الطول أقل من {2} حرف
,ar,Data Too Long,البيانات طويلة جدًا
,ar,via Notification,عبر الأشعار
,ar,Log in to access this page.,تسجيل الدخول للوصول إلى هذه الصفحة.
,ar,Report Document Error,تقرير خطأ في المستند
,ar,{0} is an invalid Data field.,{0} حقل بيانات غير صحيح.
,ar,Only Options allowed for Data field are:,الخيارات المسموح بها لحقل البيانات فقط هي:
,ar,Select a valid Subject field for creating documents from Email,حدد حقل موضوع صحيحًا لإنشاء المستندات من البريد الإلكتروني
,ar,"Subject Field type should be Data, Text, Long Text, Small Text, Text Editor",يجب أن يكون نوع حقل الموضوع بيانات ، نص ، نص طويل ، نص صغير ، محرر نص
,ar,Select a valid Sender Field for creating documents from Email,حدد حقل مرسل صحيحًا لإنشاء المستندات من البريد الإلكتروني
,ar,Sender Field should have Email in options,يجب أن يحتوي حقل المرسل على البريد الإلكتروني في الخيارات
,ar,Password changed successfully.,تم تغيير الرقم السري بنجاح.
,ar,Failed to change password.,فشل تغيير كلمة المرور.
,ar,No Entry for the User {0} found within LDAP!,لم يتم العثور على إدخال للموظف {0} في LDAP!
,ar,No LDAP User found for email: {0},لم يتم العثور على موظف LDAP للبريد الإلكتروني: {0}
,ar,Prepared Report User,إعداد تقرير الموظف
,ar,Scheduler Event,حدث المجدول
,ar,Select Event Type,حدد نوع الحدث
,ar,Schedule Script,جدولة البرنامج النصي
,ar,Duration,المدة الزمنية
,ar,Donut,دائري
,ar,Custom Options,خيارات مخصصة
,ar,"Ex: ""colors"": [""#d1d8dd"", ""#ff5858""]","مثال: ""الألوان"": [""# d1d8dd""، ""# ff5858""]"
,ar,Confirmation Email Template,نموذج البريد الإلكتروني للتأكيد
,ar,Welcome Email Template,ترحيب نموذج البريد الإلكتروني
,ar,Schedule Send,جدولة الإرسال
,ar,Do you really want to send this email newsletter?,هل تريد حقًا إرسال هذه النشرة الإخبارية عبر البريد الإلكتروني؟
,ar,Advanced Settings,إعدادات متقدمة
,ar,Disable Comments,تعطيل التعليقات
,ar,Comments on this blog post will be disabled if checked.,سيتم تعطيل التعليقات على منشور المدونة هذا إذا تم تحديدها.
,ar,CSS Class,فئة CSS
,ar,Full Width,العرض الكامل
,ar,Page Builder,منشئ الصفحة
,ar,Page Building Blocks,كتل إنشاء الصفحة
,ar,Header and Breadcrumbs,رأس ومسارات تتبع الصفحة
,ar,Add Custom Tags,إضافة إشارات مخصصة
,ar,Web Page Block,كتلة صفحة الويب
,ar,Web Template,نموذج الويب
,ar,Edit Values,تحرير القيم
,ar,Web Template Values,قيم نموذج الويب
,ar,Add Container,أضف الحاوية
,ar,Web Page View,عرض صفحة الويب
,ar,Path,مسار
,ar,Referrer,المرجع
,ar,Browser,المستعرض
,ar,Browser Version,إصدار المستعرض
,ar,Web Template Field,حقل نموذج الويب
,ar,Section,الجزء
,ar,Hide,إخفاء
,ar,Enable In App Website Tracking,تمكين تتبع موقع التطبيق
,ar,Enable Google Indexing,تمكين فهرسة Google
,ar,"To use Google Indexing, enable <a href=""#Form/Google Settings"">Google Settings</a>.","لاستخدام فهرسة Google ، قم بتمكين <a href=""#Form/Google Settings"">إعدادات Google</a> ."
,ar,Authorize API Indexing Access,السماح الوصول إلى فهرسة API
,ar,Indexing Refresh Token,رمز تحديث الفهرسة
,ar,Indexing Authorization Code,رمز ترخيص الفهرسة
,ar,Theme Configuration,تكوين السمة 
,ar,Font Properties,خصائص الخط
,ar,Button Rounded Corners,زوايا دائرية بأزرار
,ar,Button Shadows,زر الظلال
,ar,Button Gradients,تدرجات الزر
,ar,Light Color,لون فاتح
,ar,Stylesheet,ورقة الأنماط
,ar,Custom SCSS,SCSS مخصص
,ar,Navbar,شريط التنقل
,ar,Source Message,رسالة المصدر
,ar,Translated Message,رسالة مترجمة
,ar,Verified By,التحقق من
,ar,Using this console may allow attackers to impersonate you and steal your information. Do not enter or paste code that you do not understand.,قد يسمح استخدام وحدة التحكم هذه للمهاجمين بانتحال هويتك وسرقة معلوماتك. لا تدخل أو تلصق رمزًا لا تفهمه.
,ar,{0} m,{0} دقيقة
,ar,{0} h,{0} ساعة
,ar,{0} d,{0} يوم
,ar,{0} w,{0} اسبوع
,ar,{0} M,{0} شهر
,ar,{0} y,{0} سنة
,ar,yesterday,في الامس
,ar,{0} years ago,قبل {0} سنة
,ar,New Chart,رسم بياني جديد
,ar,New Shortcut,اختصار جديد
,ar,Edit Chart,تحرير الرسم البياني
,ar,Edit Shortcut,تحرير الاختصار
,ar,Couldn't Load Desk,تعذر تحميل المكتب
,ar,"Something went wrong while loading Desk. <b>Please relaod the page</b>. If the problem persists, contact the Administrator",حدث خطأ ما أثناء تحميل Desk. <b>الرجاء إعادة الصفحة</b> . إذا استمرت المشكلة ، فاتصل بمدير النظام
,ar,Customize Workspace,تخصيص مساحة العمل
,ar,Customizations Saved Successfully,تم حفظ التخصيصات بنجاح
,ar,Something went wrong while saving customizations,حدث خطأ ما أثناء حفظ التخصيصات
,ar,{} Dashboard,{} لوحة المعلومات
,ar,No changes in document,لا توجد تغييرات في المستند
,ar,by Role,حسب الدور الوظيفي
,ar,Document is only editable by users with role,المستند قابل للتحرير فقط من قبل الموظفين ذوي الدور الوظيفي
,ar,{0}: Other permission rules may also apply,{0}: قد تنطبق قواعد صلاحيات أخرى أيضًا
,ar,{0} Page Views,{0} مشاهدات الصفحة
,ar,Expand,توسيع
,ar,Collapse,ضم
,ar,"Invalid Bearer token, please provide a valid access token with prefix 'Bearer'.","رمز الحامل غير صحيح ، يرجى ترحيل رمز وصول صحيح مع البادئة ""Bearer""."
,ar,"Failed to decode token, please provide a valid base64-encoded token.",فشل فك الرمز المميز ، يرجى ترحيل رمز مميز صحيح بترميز base64.
,ar,"Invalid token, please provide a valid token with prefix 'Basic' or 'Token'.","رمز غير صحيح ، يرجى ترحيل رمز صحيح مع البادئة ""أساسي"" أو ""رمز مميز""."
,ar,{0} is not a valid Name,{0} ليس اسمًا صحيحًا
,ar,Your system is being updated. Please refresh again after a few moments.,يتم تحديث نظامك. يرجى التحديث مرة أخرى بعد لحظات قليلة.
,ar,{0} {1}: Submitted Record cannot be deleted. You must {2} Cancel {3} it first.,{0} {1}: لا يمكن حذف السجل المقدم. يجب عليك {2} إلغاء {3} أولاً.
,ar,Invalid naming series (. missing) for {0},سلسلة تسمية غير صحيح (. مفقود) لـ {0}
,ar,Error has occurred in {0},حدث خطأ في {0}
,ar,Status Updated,تم تحديث الحالة
,ar,You can also copy-paste this {0} to your browser,يمكنك أيضًا نسخ {0} هذا ولصقه في متصفحك
,ar,Enabled scheduled execution for script {0},تمكين التنفيذ المجدول للنص {0}
,ar,Scheduled execution for script {0} has updated,تم تحديث التنفيذ المجدول للنص {0}
,ar,The Link specified has either been used before or Invalid,تم استخدام الارتباط المحدد من قبل أو غير صحيح
,ar,Options for {0} must be set before setting the default value.,يجب تعيين خيارات {0} قبل تعيين القيمة الافتراضية.
,ar,Default value for {0} must be in the list of options.,يجب أن تكون القيمة الافتراضية لـ {0} في قائمة الخيارات.
,ar,Google Indexing has been configured.,تم تكوين فهرسة Google.
,ar,Allow API Indexing Access,السماح بالوصول إلى فهرسة API
,ar,Allow Google Indexing Access,السماح بالوصول إلى فهرسة Google
,ar,Custom Documents,المستندات المخصصة
,ar,Could not save customization,تعذر حفظ التخصيص
,ar,Transgender,المتحولين 
,ar,Genderqueer,نوع الجنس
,ar,Non-Conforming,عدم المطابقة
,ar,Prefer not to say,افضل عدم القول
,ar,Is Billing Contact,هو جهة اتصال الفوترة
,ar,Address And Contacts,العنوان وجهات الاتصال
,ar,Lead Conversion Time,وقت تحويل العميل المحتمل
,ar,Due Date Based On,تاريخ الاستحقاق بناء على
,ar,Phone Number,رقم الهاتف
,ar,Linked Documents,المستندات المرتبطة
,ar,Account SID,حساب SID
,ar,Steps,خطوات
,ar,email,البريد الإلكتروني
,ar,Component,مكون
,ar,Subtitle,عنوان فرعي
,ar,Global Defaults,الأفتراضيات العامة
,ar,Prefix,بادئة
,ar,Is Public,عام
,ar,This chart will be available to all Users if this is set,سيكون هذا الرسم البياني متاحًا لجميع الموظفين إذا تم تعيين هذا
,ar,Number Card,رقم البطاقة
,ar,Function,وظيفة
,ar,Minimum,الحد الأدنى
,ar,Maximum,الحد الأقصى
,ar,This card will be available to all Users if this is set,ستكون هذه البطاقة متاحة لجميع الموظفين إذا تم تعيين ذلك
,ar,Stats,احصائيات
,ar,Show Percentage Stats,إظهار إحصائيات النسبة المئوية
,ar,Stats Time Interval,الفاصل الزمني للإحصائيات
,ar,Show percentage difference according to this time interval,إظهار فرق النسبة المئوية وفقًا لهذا الفاصل الزمني
,ar,Filters Section,قسم الفلاتر
,ar,Number Card Link,رابط رقم البطاقة
,ar,Card,بطاقة
,ar,API Access,الوصول إلى API
,ar,Access Key Secret,الوصول إلى Key Secret
,ar,S3 Bucket Details,تفاصيل S3
,ar,Bucket Name,اسم بوكيت
,ar,Backup Details,تفاصيل النسخ الاحتياطي
,ar,Backup Files,ملفات النسخ الاحتياطي
,ar,Backup public and private files along with the database.,النسخ الاحتياطي للملفات العامة والخاصة مع قاعدة البيانات.
,ar,Set to 0 for no limit on the number of backups taken,اضبط على 0 لعدم وجود حد لعدد النسخ الاحتياطية المأخوذة
,ar,Meta Description,ميتا الوصف
,ar,Meta Image,صورة ميتا
,ar,Google Snippet Preview,معاينة Google Snippet
,ar,This is an example Google SERP Preview.,هذا مثال على معاينة Google SERP.
,ar,Add Gray Background,أضف خلفية رمادية
,ar,Hide Block,إخفاء الحظر
,ar,This Week,هذا الاسبوع
,ar,This Month,هذا الشهر
,ar,This Quarter,هذا الربع سنة
,ar,This Year,هذه السنة
,ar,All Time,كل الوقت
,ar,Select From Date,حدد من تاريخ
,ar,since yesterday,منذ الأمس
,ar,since last week,منذ الأسبوع الماضي
,ar,since last month,منذ اخر شهر
,ar,since last year,منذ السنة الماضية
,ar,Show,تبين
,ar,New Number Card,رقم بطاقة جديد
,ar,Your Shortcuts,اختصاراتك
,ar,You haven't added any Dashboard Charts or Number Cards yet.,لم تقم بإضافة أي رسم بيانيات لوحة المعلومات أو إشارات أرقام حتى الآن.
,ar,Click On Customize to add your first widget,انقر فوق تخصيص لإضافة عنصر واجهة الموظف الأول الخاص بك
,ar,Are you sure you want to reset all customizations?,هل أنت متأكد أنك تريد إعادة تعيين كافة التخصيصات؟
,ar,"Couldn't save, please check the data you have entered",تعذر الحفظ ، يرجى التحقق من البيانات التي أدخلتها
,ar,Validation Error,خطأ في التحقق
,ar,"You can only upload JPG, PNG, PDF, or Microsoft documents.",يمكنك فقط تحميل مستندات JPG أو PNG أو PDF أو Microsoft.
,ar,Reverting length to {0} for '{1}' in '{2}'. Setting the length as {3} will cause truncation of data.,"إعادة الطول إلى {0} لـ ""{1}"" في ""{2}"". تعيين الطول كـ {3} سيؤدي إلى اقتطاع البيانات."
,ar,{0}' not allowed for type {1} in row {2},"""{0}"" غير مسموح به للنوع {1} في الصف {2}"
,ar,Option {0} for field {1} is not a child table,الخيار {0} للحقل {1} ليس جدولًا فرعيًا
,ar,Invalid Option,خيار غير صحيح
,ar,Request Body consists of an invalid JSON structure,يتكون نص الأمر من بنية JSON غير صحيح
,ar,Invalid JSON,JSON غير صحيح
,ar,Party GSTIN,رقم بطاقة ضريبية للطرف
,ar,GST State,حالة ضريبة السلع والخدمات
,ar,Andaman and Nicobar Islands,جزر أندامان ونيكوبار
,ar,Andhra Pradesh,ولاية اندرا براديش
,ar,Arunachal Pradesh,اروناتشال براديش
,ar,Assam,آسام
,ar,Bihar,بيهار
,ar,Chandigarh,شانديغار
,ar,Chhattisgarh,تشهاتيسجاره
,ar,Dadra and Nagar Haveli,دادرا وناغار هافيلي
,ar,Daman and Diu,دامان وديو
,ar,Delhi,دلهي
,ar,Goa,غوا
,ar,Gujarat,ولاية غوجارات
,ar,Haryana,هاريانا
,ar,Himachal Pradesh,هيماشال براديش
,ar,Jammu and Kashmir,جامو وكشمير
,ar,Jharkhand,جهارخاند
,ar,Karnataka,كارناتاكا
,ar,Kerala,ولاية كيرالا
,ar,Lakshadweep Islands,جزر لاكشادويب
,ar,Madhya Pradesh,ماديا براديش
,ar,Maharashtra,ماهاراشترا
,ar,Manipur,مانيبور
,ar,Meghalaya,ميغالايا
,ar,Mizoram,ميزورام
,ar,Nagaland,ناجالاند
,ar,Odisha,أوديشا
,ar,Other Territory,إقليم آخر
,ar,Pondicherry,بونديشيري
,ar,Punjab,البنجاب
,ar,Rajasthan,راجستان
,ar,Sikkim,سيكيم
,ar,Tamil Nadu,تاميل نادو
,ar,Telangana,تيلانجانا
,ar,Tripura,تريبورا
,ar,Uttar Pradesh,ولاية أوتار براديش
,ar,Uttarakhand,أوتارانتشال
,ar,West Bengal,ولاية البنغال الغربية
,ar,GST State Number,رقم حالة ضريبة السلع والخدمات
,ar,Import from Google Sheets,استيراد من جداول بيانات Google
,ar,Must be a publicly accessible Google Sheets URL,يجب أن يكون عنوان URL الخاص بجداول بيانات Google متاحًا للجميع
,ar,Refresh Google Sheet,قم بتحديث ورقة Google
,ar,Import File Errors and Warnings,استيراد ملف الأخطاء والتحذيرات
,ar,"Successfully imported {0} records out of {1}. Click on Export Errored Rows, fix the errors and import again.",تم بنجاح استيراد {0} من السجلات من {1}. انقر فوق تصدير الصفوف ذات الأخطاء ، وأصلح الأخطاء واستورد مرة أخرى.
,ar,"Successfully imported {0} record out of {1}. Click on Export Errored Rows, fix the errors and import again.",تم بنجاح استيراد سجل {0} من {1}. انقر فوق تصدير الصفوف ذات الأخطاء ، وأصلح الأخطاء واستورد مرة أخرى.
,ar,"Successfully updated {0} records out of {1}. Click on Export Errored Rows, fix the errors and import again.",تم بنجاح تحديث {0} سجلات من {1}. انقر فوق تصدير الصفوف ذات الأخطاء ، وأصلح الأخطاء واستورد مرة أخرى.
,ar,"Successfully updated {0} record out of {1}. Click on Export Errored Rows, fix the errors and import again.",تم بنجاح تحديث سجل {0} من {1}. انقر فوق تصدير الصفوف ذات الأخطاء ، وأصلح الأخطاء واستورد مرة أخرى.
,ar,Data Import Legacy,استيراد البيانات القديم
,ar,Documents restored successfully,تمت استعادة المستندات بنجاح
,ar,Documents that were already restored,المستندات التي تمت استعادتها بالفعل
,ar,Documents that failed to restore,المستندات التي فشلت في استعادتها
,ar,Document Restoration Summary,ملخص استعادة المستند
,ar,Hide Days,إخفاء الأيام
,ar,Hide Seconds,إخفاء الثواني
,ar,Hide Border,إخفاء الحدود
,ar,Index Web Pages for Search,فهرس صفحات الويب للبحث
,ar,Action / Route,العمل / الطريق
,ar,Document Naming Rule,قاعدة تسمية المستند
,ar,Rule Conditions,شروط القاعدة
,ar,Digits,أرقام
,ar,Example: 00001,مثال: 00001
,ar,Counter,عداد
,ar,Document Naming Rule Condition,شرط قاعدة تسمية المستند
,ar,Installed Application,التطبيق المثبت
,ar,Application Name,اسم التطبيق
,ar,Application Version,إصدار التطبيق
,ar,Git Branch,فرع جيت
,ar,Installed Applications,التطبيقات المثبتة
,ar,Navbar Item,عنصر شريط التنقل
,ar,Item Label,تسمية الصنف
,ar,Item Type,نوع الصنف
,ar,Separator,فاصل
,ar,Navbar Settings,إعدادات شريط التنقل
,ar,Application Logo,شعار التطبيق
,ar,Logo Width,عرض الشعار
,ar,Dropdowns,قائمة منسدلة
,ar,Settings Dropdown,قائمة الإعدادات المنسدلة
,ar,Help Dropdown,قائمة المساعدة المنسدلة
,ar,Query / Script,استعلام / برنامج نصي
,ar,"Filters will be accessible via <code>filters</code>. <br><br>Send output as <code>result = [result]</code>, or for old style <code>data = [columns], [result]</code>","يمكن الوصول إلى <code>filters</code> عبر <code>filters</code> .<br><br> إرسال الإخراج <code>result = [result]</code> ، أو <code>data = [columns], [result]</code> النموذج القديم <code>data = [columns], [result]</code>"
,ar,Client Code,رمز العميل
,ar,Report Column,عمود التقرير
,ar,Report Filter,فلتر التقرير
,ar,Wildcard Filter,فلتر البدل
,ar,"Will add ""%"" before and after the query","ستضيف ""٪"" قبل وبعد الاستعلام"
,ar,"Route: Example ""/desk""","المسار: مثال ""/ مكتب"""
,ar,Enable Onboarding,تمكين مساعد بداية العمل 
,ar,Password Reset Link Generation Limit,حد إنشاء ارتباط إعادة تعيين كلمة المرور
,ar,Hourly rate limit for generating password reset links,حد المعدل بالساعة لإنشاء روابط إعادة تعيين كلمة المرور
,ar,Send document Web View link in email,إرسال ارتباط عرض الويب للمستند بالبريد الإلكتروني
,ar,Enable Auto-deletion of Prepared Reports,تمكين الحذف التلقائي للتقارير المعدة
,ar,Prepared Report Expiry Period (Days),فترة انتهاء صلاحية التقرير المُعد (أيام)
,ar,System will automatically delete Prepared Reports after these many days since creation,سيقوم النظام تلقائيًا بحذف التقارير المعدة بعد هذه الأيام العديدة منذ الإنشاء
,ar,Package Document Type,نوع مستند الحزمة
,ar,Include Attachments,قم بتضمين المرفقات
,ar,Overwrite,الكتابة فوق
,ar,Package Publish Target,هدف نشر الحزمة
,ar,Site URL,URL الموقع
,ar,Package Publish Tool,أداة نشر الحزمة
,ar,Click on the row for accessing filters.,انقر فوق الصف للوصول إلى الفلاتر.
,ar,Sites,المواقع
,ar,Last Deployed On,آخر نشر في
,ar,Console Log,سجل وحدة التحكم
,ar,"Set Default Options for all charts on this Dashboard (Ex: ""colors"": [""#d1d8dd"", ""#ff5858""])","تعيين الخيارات الافتراضية لجميع الرسوم البيانية في لوحة المعلومات هذه (على سبيل المثال: ""الألوان"": [""# d1d8dd""، ""# ff5858""])"
,ar,Use Report Chart,استخدم رسم بياني التقرير
,ar,Heatmap,خريطة الحرارة
,ar,Dynamic Filters,فلاتر ديناميكية
,ar,Dynamic Filters JSON,الفلاتر الديناميكية JSON
,ar,Set Dynamic Filters,تعيين عوامل الفلترة الديناميكية
,ar,Click to Set Dynamic Filters,انقر لتعيين عوامل فلترة ديناميكية
,ar,Hide Custom DocTypes and Reports,إخفاء أنواع المستندات والتقارير المخصصة
,ar,Checking this will hide custom doctypes and reports cards in Links section,سيؤدي تحديد هذا إلى إخفاء نماذج المستندات المخصصة وإشارات التقارير في قسم الروابط
,ar,DocType View,طريقة عرض DocType
,ar,Which view of the associated DocType should this shortcut take you to?,ما هي طريقة عرض DocType المرتبطة التي يجب أن يأخذك إليها هذا الاختصار؟
,ar,List View Settings,إعدادات عرض القائمة
,ar,Maximum Number of Fields,أقصى عدد من الحقول
,ar,Module Onboarding,وحدة Onboarding
,ar,System managers are allowed by default,يسمح لمديري النظام بشكل افتراضي
,ar,Documentation URL,URL التوثيق
,ar,Is Complete,كاملة
,ar,Alert,إنذار
,ar,Document Link,رابط المستند
,ar,Attached File,ملف مرفق
,ar,Attachment Link,رابط المرفقات
,ar,Open Reference Document,افتح مستند مرجعي
,ar,Custom Configuration,التكوين المخصص
,ar,Filters Configuration,تكوين الفلاتر
,ar,Dynamic Filters Section,قسم الفلاتر الديناميكية
,ar,Please create Card first,الرجاء إنشاء البطاقة أولاً
,ar,Onboarding Permission,صلاحية على التسكين
,ar,Onboarding Step,خطوة المساعدة فى بطء العمل
,ar,Is Mandatory,إلزامي
,ar,Is Skipped,تم تخطي
,ar,Create Entry,إنشاء الدخول
,ar,Update Settings,إعدادات التحديث
,ar,Show Form Tour,إظهار جولة في النموذج
,ar,View Report,عرض التقرير
,ar,Go to Page,انتقل إلى صفحة
,ar,Watch Video,شاهد الفيديو
,ar,Show Full Form?,إظهار الشكل الكامل؟
,ar,Show full form instead of a quick entry modal,إظهار شكل كامل بدلاً من إدخال سريع مشروط
,ar,Report Reference Doctype,تقرير مرجع Doctype
,ar,Report Description,وصف تقرير
,ar,This will be shown to the user in a dialog after routing to the report,سيظهر هذا للموظف في مربع حوار بعد التوجيه إلى التقرير
,ar,Example: #Tree/Account,مثال: # شجرة / حساب
,ar,Callback Title,عنوان رد الاتصال
,ar,Callback Message,رسالة رد
,ar,This will be shown in a modal after routing,سيظهر هذا في شكل مشروط بعد التوجيه
,ar,Validate Field,تحقق من صحة الحقل
,ar,Value to Validate,قيمة للتحقق من صحتها
,ar,Use % for any non empty value.,استخدم٪ لأي قيمة غير فارغة.
,ar,Video URL,رابط الفيديو
,ar,Onboarding Step Map,خريطة خطوة المساعدة فى بدء العمل
,ar,Step,خطوة
,ar,System Console,وحدة تحكم النظام
,ar,Console,وحدة التحكم
,ar,To print output use <code>log(text)</code>,لطباعة الإخراج ، استخدم <code>log(text)</code>
,ar,Commit,تأكيد
,ar,Execute Console script,تنفيذ البرنامج النصي لوحدة التحكم
,ar,Execute,تنفيذ
,ar,Create Contacts from Incoming Emails,إنشاء جهات اتصال من رسائل البريد الإلكتروني الواردة
,ar,Inbox User,مسؤل علبة الوارد
,ar,Disabled Auto Reply,الرد التلقائي معطل
,ar,Schedule Sending,جدولة الإرسال
,ar,Message (Markdown),الرسالة (Markdown)
,ar,Message (HTML),الرسالة (HTML)
,ar,Send Attachments,إرسال المرفقات
,ar,Testing,اختبارات
,ar,System Notification,إشعار النظام
,ar,WhatsApp,ال WhatsApp
,ar,Twilio Number,رقم تويليو
,ar,"To use WhatsApp for Business, initialize <a href=""#Form/Twilio Settings"">Twilio Settings</a>.","لاستخدام WhatsApp for Business ، قم بتهيئة <a href=""#Form/Twilio Settings"">Twilio Settings</a> ."
,ar,"To use Slack Channel, add a <a href=""#List/Slack%20Webhook%20URL/List"">Slack Webhook URL</a>.","لاستخدام قناة Slack ، أضف <a href=""#List/Slack%20Webhook%20URL/List"">عنوان URL لـ Slack Webhook</a> ."
,ar,Send System Notification,إرسال إشعار النظام
,ar,"If enabled, the notification will show up in the notifications dropdown on the top right corner of the navigation bar.",في حالة التمكين ، سيظهر الإشعار في القائمة المنسدلة للإشعارات أعلى الزاوية اليمنى من شريط التنقل.
,ar,Send To All Assignees,أرسل إلى جميع المعينين
,ar,Receiver By Document Field,المتلقي حسب حقل المستند
,ar,Receiver By Role,المتلقي حسب الدور الوظيفي
,ar,Child Table,جدول فرعي
,ar,Remote Value Filters,فلاتر القيمة البعيدة
,ar,API Key of the user(Event Subscriber) on the producer site,مفتاح API الخاص بالموظف (المشترك في الحدث) على موقع المنتج
,ar,API Secret of the user(Event Subscriber) on the producer site,سر واجهة برمجة التطبيقات للموظف (المشترك في الحدث) على موقع المنتج
,ar,Paytm Settings,إعدادات Paytm
,ar,Merchant Key,مفتاح التاجر
,ar,Staging,انطلاق
,ar,Industry Type ID,رقم نوع الصناعة
,ar,See https://docs.aws.amazon.com/general/latest/gr/s3.html for details.,راجع https://docs.aws.amazon.com/general/latest/gr/s3.html للحصول على التفاصيل.
,ar,af-south-1,af-south-1
,ar,ap-east-1,ap-east-1
,ar,eu-south-1,الاتحاد الأوروبي الجنوبي -1
,ar,me-south-1,لي الجنوب 1
,ar,Twilio Number Group,مجموعة Twilio Number Group
,ar,Twilio Settings,إعدادات Twilio
,ar,Auth Token,رمز المصادقة
,ar,Read Time,وقت القراءة
,ar,in minutes,في دقائق
,ar,Featured,متميز
,ar,Hide CTA,إخفاء CTA
,ar,"Description for listing page, in plain text, only a couple of lines. (max 200 characters)",وصف لصفحة القائمة ، بنص عادي ، سطرين فقط. (بحد أقصى 200 حرف)
,ar,Meta Title,عنوان الميتا
,ar,Enable Social Sharing,تمكين المشاركة الاجتماعية
,ar,Show CTA in Blog,إظهار CTA في المدونة
,ar,CTA,CTA
,ar,CTA Label,تسمية CTA
,ar,CTA URL,CTA URL
,ar,Default Portal Home,الصفحة الرئيسية الافتراضيه للموقع
,ar,"Example: ""/desk""","مثال: ""/ desk"""
,ar,Social Link Settings,إعدادات الارتباط الاجتماعي
,ar,Social Link Type,نوع الارتباط الاجتماعي
,ar,facebook,موقع التواصل الاجتماعي الفيسبوك
,ar,linkedin,لينكدإن
,ar,twitter,تويتر
,ar,"If Icon is set, it will be shown instead of Label",إذا تم تعيين الرمز ، فسيتم عرضه بدلاً من التصنيف
,ar,Apply Document Permissions,تطبيق صلاحيات المستند
,ar,"For help see <a href=""https://frappeframework.com/docs/user/en/guides/portal-development/web-forms"" target=""_blank"">Client Script API and Examples</a>","للحصول على المساعدة ، راجع <a href=""https://frappeframework.com/docs/user/en/guides/portal-development/web-forms"" target=""_blank"">أمثلة و API Script</a>"
,ar,Dynamic Route,الطريق الديناميكي
,ar,Map route parameters into form variables. Example <code>/project/&lt;name > </code>,تعيين معايير الطريق في متغيرات النموذج. مثال <code>/project/&lt;name > </code>
,ar,Context Script,سيناريو السياق
,ar,"<p>Set context before rendering a template. Example:</p><p>\n</p><div><pre><code>\ncontext.project = frappe.get_doc(""Project"", frappe.form_dict.name)\n</code></pre></div>","<p style="""">قم بتعيين السياق قبل ترحيل نموذج. مثال:</p><p style=""""></p><div style=""""><pre style=""""> <code>context.project = frappe.get_doc(""Project"", frappe.form_dict.name)</code></pre></div>"
,ar,Title of the page,عنوان الصفحة
,ar,This title will be used as the title of the webpage as well as in meta tags,سيتم استخدام هذا العنوان كعنوان لصفحة الويب وكذلك في الأشارات الوصفية
,ar,Makes the page public,يجعل الصفحة عامة
,ar,Checking this will publish the page on your website and it'll be visible to everyone.,سيؤدي التحقق من ذلك إلى نشر الصفحة على موقع الويب الخاص بك وستكون مرئية للجميع.
,ar,URL of the page,عنوان URL للصفحة
,ar,"This will be automatically generated when you publish the page, you can also enter a route yourself if you wish",سيتم إنشاء هذا تلقائيًا عند نشر الصفحة ، ويمكنك أيضًا إدخال مسار بنفسك إذا كنت ترغب في ذلك
,ar,Content type for building the page,نوع المحتوى لبناء الصفحة
,ar,"You can select one from the following,",يمكنك اختيار واحد مما يلي ،
,ar,Standard rich text editor with controls,محرر نص منسق قياسي مع أصناف تحكم
,ar,Github flavoured markdown syntax,أسلوب تخفيض سعر جيثب بنكهة
,ar,HTML with jinja support,HTML مع دعم jinja
,ar,Frappe page builder using components,Frappe Page Builder باستخدام المكونات
,ar,Checking this will show a text area where you can write custom javascript that will run on this page.,سيؤدي التحقق من هذا إلى إظهار منطقة نصية حيث يمكنك كتابة جافا سكريبت مخصص سيتم تشغيله على هذه الصفحة.
,ar,Meta title for SEO,عنوان Meta لـ SEO
,ar,"By default the title is used as meta title, adding a value here will override it.",بشكل افتراضي ، يتم استخدام العنوان كعنوان رقم ، وستؤدي إضافة قيمة هنا إلى تجاوزه.
,ar,"The meta description is an HTML attribute that provides a brief summary of a web page. Search engines such as Google often display the meta description in search results, which can influence click-through rates.",وصف الرقم هو سمة HTML توفر ملخصًا موجزًا لصفحة الويب. غالبًا ما تعرض محركات البحث مثل Google الوصف الرقمي في نتائج البحث ، مما قد يؤثر على معدلات النقر.
,ar,"The meta image is unique image representing the content of the page. Images for this Card should be at least 280px in width, and at least 150px in height.",الصورة الوصفية هي صورة فريدة تمثل محتوى الصفحة. يجب ألا يقل عرض صور هذه البطاقة عن 280 بكسل ، وأن لا يقل ارتفاعها عن 150 بكسل.
,ar,Add Space on Top,أضف مساحة في الأعلى
,ar,Add Space on Bottom,أضف مساحة في الأسفل
,ar,Is Unique,فريد من نوعة
,ar,User Agent,وكيل الموظف
,ar,Table Break,فاصل الجدول
,ar,Hide Login,إخفاء تسجيل الدخول
,ar,Navbar Template,نموذج شريط التنقل
,ar,Navbar Template Values,قيم نموذج شريط التنقل
,ar,Call To Action,طلب إتخاذ إجراء
,ar,Call To Action URL,عنوان URL لطلب إتخاذ إجراء
,ar,Footer Logo,تذييل الشعار
,ar,Footer Template,نموذج التذييل
,ar,Footer Template Values,قيم نموذج التذييل
,ar,Enable Tracking Page Views,تمكين تتبع مشاهدات الصفحة
,ar,"Checking this will enable tracking page views for blogs, web pages, etc.",سيؤدي التحقق من ذلك إلى تمكين تتبع مشاهدات الصفحة للمدونات وصفحات الويب وما إلى ذلك.
,ar,Disable Signup for your site,تعطيل الاشتراك في موقعك
,ar,Check this if you don't want users to sign up for an account on your site. Users won't get desk access unless you explicitly provide it.,تحقق من هذا إذا كنت لا تريد أن يقوم الموظفون بالتسجيل للحصول على حساب على موقعك. لن يتمكن الموظفون من الوصول إلى المكتب ما لم تقدمه صراحةً.
,ar,URL to go to on clicking the slideshow image,عنوان URL للانتقال إليه عند النقر فوق صورة عرض الشرائح
,ar,Custom Overrides,تجاوزات مخصصة
,ar,Ignored Apps,التطبيقات التي تم تجاهلها
,ar,Include Theme from Apps,تضمين سمة من التطبيقات
,ar,Website Theme Ignore App,سمة تجاهل التطبيق
,ar,Are you sure you want to save this document?,هل أنت متأكد أنك تريد حفظ هذا المستند؟
,ar,Refresh All,تحديث كافة
,ar,"Level 0 is for document level permissions, higher levels for field level permissions.",المستوى 0 مخصص لصلاحيات مستوى المستند ، ومستويات أعلى للصلاحيات على مستوى الحقل.
,ar,Website Analytics,تحليلات الموقع
,ar,d,يوم
,ar,h,ساعة
,ar,m,دقيقة
,ar,s,ثانية
,ar,Less,أقل
,ar,Not a valid DocType view:,طريقة عرض DocType غير صحيح:
,ar,Unknown View,عرض غير معروف
,ar,Go Back,عودة للخلف
,ar,Let's take you back to onboarding,دعنا نعيدك إلى الإعداد
,ar,Great Job,عمل عظيم
,ar,Looks Great,تبدو رائعة
,ar,Looks like you didn't change the value,يبدو أنك لم تغير القيمة
,ar,Oops,خطأ
,ar,Skip Step,تخطي الخطوة
,ar,"You're doing great, let's take you back to the onboarding page.",أنت تقوم بعمل رائع ، دعنا نعيدك إلى صفحة الإعداد.
,ar,Good Work 🎉,عمل جيد 🎉
,ar,Submit this document to complete this step.,أرسل هذا المستند لإكمال هذه الخطوة.
,ar,Great,عظيم
,ar,You may continue with onboarding,يمكنك الاستمرار في الإعداد
,ar,You seem good to go!,يبدو أنك على ما يرام!
,ar,Onboarding Complete,اكتمل الإعداد
,ar,{0} Settings,{0} الإعدادات
,ar,{0} Fields,{0} الحقول
,ar,Reset Fields,تصفير البيانات في الحقول
,ar,Select Fields,حدد الحقول
,ar,Warning: Unable to find {0} in any table related to {1},تحذير: تعذر العثور على {0} في أي جدول متعلق بـ {1}
,ar,Tree view is not available for {0},عرض الشجرة غير متاح لـ {0}
,ar,Create Card,إنشاء بطاقة
,ar,Card Label,ملصق البطاقة
,ar,Reports already in Queue,التقارير موجودة بالفعل في قائمة الانتظار
,ar,Proceed Anyway,المتابعة على أية حال
,ar,Delete and Generate New,حذف وإنشاء جديد
,ar,1 Report,1 تقرير
,ar,{0} ({1}) (1 row mandatory),{0} ({1}) (صف واحد إلزامي)
,ar,Select Fields To Insert,حدد الحقول المطلوب إدراجها
,ar,Select Fields To Update,حدد الحقول المراد تحديثها
,ar,"This document is already amended, you cannot ammend it again",تم تحرير هذا المستند بالفعل ، ولا يمكنك تحريره مرة أخرى
,ar,Add to ToDo,أضف إلى قائمة المهام
,ar,{0} is currently {1},{0} حاليًا {1}
,ar,{0} are currently {1},{0} حاليًا {1}
,ar,Currently Replying,الرد حاليا
,ar,created {0},تم إنشاء {0}
,ar,Make a call,إجراء مكالمة
,ar,Change,تغيير
,ar,Too Many Requests,طلبات كثيرة جدا
,ar,"Invalid Authorization headers, add a token with a prefix from one of the following: {0}.",رؤوس المصادقة غير صحيح ، أضف رمزًا مميزًا ببادئة من أحد الخيارات التالية: {0}.
,ar,"Invalid Authorization Type {0}, must be one of {1}.",نوع التفويض غير صحيح {0} ، يجب أن يكون واحدًا من {1}.
,ar,{} is not a valid date string.,{} ليست سلسلة تاريخ صحيح.
,ar,Invalid Date,تاريخ غير صحيح
,ar,Please select a valid date filter,الرجاء تحديد فلتر تاريخ صحيح
,ar,Value {0} must be in the valid duration format: d h m s,يجب أن تكون القيمة {0} بتنسيق المدة الصحيح: dhms
,ar,Google Sheets URL is invalid or not publicly accessible.,عنوان URL الخاص بجداول بيانات Google غير صحيح أو لا يمكن الوصول إليه بشكل عام.
,ar,"Google Sheets URL must end with ""gid={number}"". Copy and paste the URL from the browser address bar and try again.","يجب أن ينتهي عنوان URL الخاص بجداول بيانات Google بـ ""gid = {number}"". انسخ والصق عنوان URL من شريط عنوان المتصفح وحاول مرة أخرى."
,ar,Incorrect URL,URL غير صحيح
,ar,"""{0}"" is not a valid Google Sheets URL","""{0}"" ليس عنوان URL صحيحًا لجداول بيانات Google"
,ar,Duplicate Name,اسم مكرر
,ar,"Please check the value of ""Fetch From"" set for field {0}","يرجى التحقق من قيمة مجموعة ""الجلب من"" للحقل {0}"
,ar,Wrong Fetch From value,إحضار خاطئ من القيمة
,ar,A field with the name '{}' already exists in doctype {}.,"يوجد حقل بالاسم ""{}"" بالفعل في DOCTYPE {}."
,ar,Custom Field {0} is created by the Administrator and can only be deleted through the Administrator account.,يتم إنشاء الحقل المخصص {0} بواسطة المدير النظام ولا يمكن حذفه إلا من خلال حساب المدير النظام.
,ar,Failed to send {0} Auto Email Report,فشل إرسال تقرير البريد الإلكتروني التلقائي {0}
,ar,Test email sent to {0},تم إرسال بريد إلكتروني تجريبي إلى {0}
,ar,Email queued to {0} recipients,تم وضع البريد الإلكتروني في قائمة الانتظار لـ {0} من المستلمين
,ar,Newsletter should have at least one recipient,يجب أن تحتوي الرسالة الإخبارية على مستلم واحد على الأقل
,ar,Please enable Twilio settings to send WhatsApp messages,يرجى تمكين إعدادات Twilio لإرسال رسائل WhatsApp
,ar,"Not allowed to attach {0} document, please enable Allow Print For {0} in Print Settings",غير مسموح بإرفاق مستند {0} ، يرجى تمكين السماح بالطباعة لـ {0} في إعدادات الطباعة
,ar,Signup Disabled,تم تعطيل التسجيل
,ar,Signups have been disabled for this website.,تم تعطيل الاشتراكات لهذا الموقع.
,ar,Open Document,افتح المستند
,ar,The comment cannot be empty,لا يمكن أن يكون التعليق فارغًا
,ar,Hourly comment limit reached for: {0},تم بلوغ حد التعليق بالساعة لـ: {0}
,ar,Please add a valid comment.,الرجاء إضافة تعليق صحيح.
,ar,Document {0} Already Restored,تمت استعادة المستند {0} بالفعل
,ar,Restoring Deleted Document,استعادة المستند المحذوف
,ar,{function} of {fieldlabel},{function} من {fieldlabel}
,ar,Invalid template file for import,ملف نموذج غير صحيح للاستيراد
,ar,Invalid or corrupted content for import,محتوى غير صحيح أو تالف للاستيراد
,ar,Value {0} must in {1} format,يجب أن تكون القيمة {0} بتنسيق {1}
,ar,{0} is a mandatory field asdadsf,{0} هو حقل إلزامي 
,ar,Could not map column {0} to field {1},تعذر تعيين العمود {0} للحقل {1}
,ar,Skipping Duplicate Column {0},تخطي عمود مكرر {0}
,ar,The column {0} has {1} different date formats. Automatically setting {2} as the default format as it is the most common. Please change other values in this column to this format.,العمود {0} له {1} تنسيقات تاريخ مختلفة. تعيين {2} تلقائيًا كتنسيق افتراضي لأنه الأكثر شيوعًا. يرجى تغيير القيم الأخرى في هذا العمود إلى هذا التنسيق.
,ar,You have reached the hourly limit for generating password reset links. Please try again later.,لقد وصلت إلى الحد الأقصى المحدد بالساعة لإنشاء روابط إعادة تعيين كلمة المرور. الرجاء معاودة المحاولة في وقت لاحق.
,ar,Please hide the standard navbar items instead of deleting them,الرجاء إخفاء أصناف شريط التنقل القياسية بدلاً من حذفها
,ar,DocType's name should not start or end with whitespace,يجب ألا يبدأ اسم DocType أو ينتهي بمسافة
,ar,File name cannot have {0},لا يمكن أن يحتوي اسم الملف على {0}
,ar,{0} is not a valid file url,{0} ليس عنوان url صحيحًا للملف
,ar,Error Attaching File,خطأ في إرفاق الملف
,ar,Please generate keys for the Event Subscriber User {0} first.,الرجاء إنشاء مفاتيح للموظف المشترك في الحدث {0} أولاً.
,ar,Please set API Key and Secret on the producer and consumer sites first.,يُرجى تعيين مفتاح وسر واجهة برمجة التطبيقات على مواقع المنتج والمستهلك أولاً.
,ar,User {0} not found on the producer site,الموظف {0} غير موجود في موقع المنتج
,ar,Event Subscriber has to be a System Manager.,يجب أن يكون المشترك في الحدث مدير نظام.
,ar,Row #{0}: Invalid Local Fieldname,الصف # {0}: اسم حقل محلي غير صحيح
,ar,Row #{0}: Please set Mapping or Default Value for the field {1} since its a dependency field,"الصف # {0}: الرجاء تعيين ""القيمة الافتراضية"" أو ""التعيين"" للحقل {1} نظرًا لأنه حقل تبعية"
,ar,Row #{0}: Please set remote value filters for the field {1} to fetch the unique remote dependency document,الصف رقم {0}: الرجاء تعيين عوامل فلترة القيمة البعيدة للحقل {1} لجلب مستند التبعية الفريد عن بُعد
,ar,Paytm payment gateway settings,إعدادات بوابة الدفع Paytm
,ar,"Company, Fiscal Year and Currency defaults",التخلف عن السداد للشركة والسنة المالية والعملات
,ar,Razorpay Signature Verification Failed,فشل التحقق من توقيع Razorpay
,ar,Google Drive - Could not locate - {0},Google Drive - تعذر تحديد الموقع - {0}
,ar,"Sync token was invalid and has been resetted, Retry syncing.",كان رمز المزامنة المميز غير صحيح وتم إعادة ضبطه ، أعد محاولة المزامنة.
,ar,Please select another payment method. Paytm does not support transactions in currency '{0}',"الرجاء تحديد طريقة دفع أخرى. لا يدعم Paytm المعاملات بالعملة ""{0}"""
,ar,Invalid Account SID or Auth Token.,SID الحساب أو رمز المصادقة غير صحيح.
,ar,Please enable twilio settings before sending WhatsApp messages,يرجى تمكين إعدادات twilio قبل إرسال رسائل WhatsApp
,ar,Delivery Failed,فشل التسليم
,ar,Twilio WhatsApp Message Error,خطأ رسالة Twilio WhatsApp
,ar,A featured post must have a cover image,يجب أن تحتوي الوظيفة المميزة على صورة غلاف
,ar,Load More,تحميل المزيد
,ar,Published on,نشرت في
,ar,Enable developer mode to create a standard Web Template,قم بتمكين وضع المطور لإنشاء نموذج ويب قياسي
,ar,Was this article helpful?,هل كان المقال مساعدا؟!
,ar,Thank you for your feedback!,شكرا لك على ملاحظاتك!
,ar,New Mention on {0},إشارة جديدة في {0}
,ar,Assignment Update on {0},تحديث التكليف بتاريخ {0}
,ar,New Document Shared {0},مستند جديد مشترك {0}
,ar,Energy Point Update on {0},تحديث نقاط الطاقة على {0}
,ar,You cannot create a dashboard chart from single DocTypes,لا يمكنك إنشاء رسم بياني لوحة المعلومات من أنواع DocTypes الفردية
,ar,Invalid json added in the custom options: {0},تمت إضافة json غير صحيح في الخيارات المخصصة: {0}
,ar,Invalid JSON in card links for {0},JSON غير صحيح في روابط البطاقة لـ {0}
,ar,Standard Not Set,المعيار غير محدد
,ar,Please set the following documents in this Dashboard as standard first.,يرجى تعيين المستندات التالية في لوحة المعلومات هذه كمعيار أولاً.
,ar,Shared with the following Users with Read access:{0},مشترك مع الموظفين التاليين الذين لهم حق الوصول للقراءة: {0}
,ar,Already in the following Users ToDo list:{0},"بالفعل في قائمة ""المهام للموظفين"" التالية: {0}"
,ar,Your assignment on {0} {1} has been removed by {2},تمت إزالة تكليفاتك في {0} {1} بواسطة {2}
,ar,Invalid Credentials,بيانات الترحيل غير صحيح
,ar,Print UOM after Quantity,اطبع UOM بعد الكمية
,ar,Uncaught Server Exception,استثناء خادم لم يتم اكتشافه
,ar,There was an error building this page,كان هناك خطأ في بناء هذه الصفحة
,ar,Hide Traceback,إخفاء Traceback
,ar,Value from this field will be set as the due date in the ToDo,سيتم تعيين القيمة من هذا الحقل كتاريخ الاستحقاق في ToDo
,ar,New module created {0},تم إنشاء وحدة جديدة {0}
,ar,"Report has no numeric fields, please change the Report Name",لا يحتوي التقرير على حقول رقمية ، يُرجى تغيير اسم التقرير
,ar,There are documents which have workflow states that do not exist in this Workflow. It is recommended that you add these states to the Workflow and change their states before removing these states.,هناك مستندات بها حالات سير عمل غير موجودة في سير العمل هذا. يوصى بإضافة هذه الحالات إلى سير العمل وتغيير حالاتها قبل إزالة هذه الحالات.
,ar,Worflow States Don't Exist,حالات Worflow لا وجود لها
,ar,Save Anyway,حفظ على أي حال
,ar,Energy Points:,نقاط الطاقة:
,ar,Review Points:,نقاط المراجعة:
,ar,Rank:,مرتبة:
,ar,Monthly Rank:,الترتيب الشهري:
,ar,Invalid expression set in filter {0} ({1}),تم تعيين تعبير غير صحيح في عامل الفلترة {0} ({1})
,ar,Invalid expression set in filter {0},تم تعيين تعبير غير صحيح في عامل الفلترة {0}
,ar,{0} {1} added to Dashboard {2},تمت إضافة {0} {1} إلى شريحة التحكم {2}
,ar,Set Filters for {0},تعيين عوامل الفلترة لـ {0}
,ar,Not permitted to view {0},غير مسموح بمشاهدة {0}
,ar,Camera,كاميرا
,ar,Invalid filter: {0},فلتر غير صحيح: {0}
,ar,Let's Get Started,هيا بنا نبدأ
,ar,Reports & Masters,التقارير و البيانات
,ar,New {0} {1} added to Dashboard {2},تمت إضافة {0} {1} جديد إلى لوحة التحكم {2}
,ar,New {0} {1} created,تم إنشاء {0} {1} جديد
,ar,New {0} Created,جديد {0} تم إنشاؤه
,ar,"Invalid ""depends_on"" expression set in filter {0}","تم تعيين تعبير ""يعتمد على"" غير صحيح في عامل الفلترة {0}"
,ar,{0} Reports,{0} التقارير
,ar,There is {0} with the same filters already in the queue:,يوجد {0} بالفلاتر نفسها في قائمة الانتظار بالفعل:
,ar,There are {0} with the same filters already in the queue:,يوجد {0} بالفلاتر نفسها في قائمة الانتظار بالفعل:
,ar,Are you sure you want to generate a new report?,هل أنت متأكد أنك تريد إنشاء تقرير جديد؟
,ar,{0}: {1} vs {2},{0}: {1} ضد {2}
,ar,Add a {0} Chart,أضف رسم بياني {0}
,ar,Currently you have {0} review points,حاليًا لديك {0} من نقاط المراجعة
,ar,{0} is not a valid DocType for Dynamic Link,{0} ليس نوع DocType صحيحًا للارتباط الديناميكي
,ar,via Assignment Rule,عبر قاعدة التكليف
,ar,Based on Field,على أساس حقل
,ar,Assign to the user set in this field,تعيين الموظف في هذا المجال
,ar,Log Setting User,موظف إعداد السجل
,ar,Log Settings,إعدادات السجل
,ar,Error Log Notification,إشعار سجل الخطأ
,ar,Users To Notify,إشعار الموظفون
,ar,Log Cleanup,تنظيف السجل
,ar,Clear Error log After,مسح سجل الخطأ بعد
,ar,Clear Activity Log After,امسح سجل النشاط بعد
,ar,Clear Email Queue After,امسح قائمة انتظار البريد الإلكتروني بعد
,ar,Please save to edit the template.,يرجى الحفظ لتحرير النموذج.
,ar,Google Analytics Anonymize IP,تحليلات جوجل لإخفاء هوية IP
,ar,Incorrect email or password. Please check your login credentials.,بريد أو كلمة مرورغير صحيحة. يرجى التحقق من بيانات اعتماد تسجيل الدخول الخاصة بك.
,ar,Incorrect Configuration,التكوين غير الصحيح
,ar,You are not allowed to delete Standard Report,لا يُسمح لك بحذف التقرير القياسي
,ar,You have unseen {0},لديك غير مرئي {0}
,ar,Log cleanup and notification configuration,تنظيف السجل وتكوين الأشعار
,ar,State/Province,المحافظة
,ar,Document Actions,مستند الإجراءات
,ar,Document Links,روابط المستند
,ar,List Settings,إعدادات القائمة
,ar,Cannot delete standard link. You can hide it if you want,لا يمكن حذف الارتباط القياسي. يمكنك إخفاء ذلك إذا كنت تريد
,ar,Cannot delete standard action. You can hide it if you want,لا يمكن حذف الإجراء القياسي. يمكنك إخفاء ذلك إذا كنت تريد
,ar,Applied On,تم التطبيق
,ar,Row Name,اسم الصف
,ar,For DocType Link / DocType Action,لإجراء DocType Link / DocType
,ar,Cannot edit filters for standard charts,لا يمكن تحرير عوامل الفلترة للرسم بيانيات القياسية
,ar,Event Producer Last Update,آخر تحديث لمنتج الحدث
,ar,Default for 'Check' type of field {0} must be either '0' or '1',"يجب أن يكون الإعداد الافتراضي لنوع حقل ""التحقق"" {0} إما ""0"" أو ""1"""
,ar,Non Negative,غير سلبي
,ar,Rules with higher priority number will be applied first.,سيتم تطبيق القواعد ذات رقم الأولوية الأعلى أولاً.
,ar,Open URL in a New Tab,افتح URL في علامة تبويب جديدة
,ar,Align Right,محاذاة اليمين
,ar,Loading Filters...,تحميل عوامل الفلترة ...
,ar,Count Customizations,عدد التخصيصات
,ar,For Example: {} Open,على سبيل المثال: {} Open
,ar,Choose Existing Card or create New Card,اختر بطاقة موجودة أو أنشئ بطاقة جديدة
,ar,Number Cards,عدد الإشارات
,ar,Function Based On,وظيفة على أساس
,ar,Add Filters,إضافة عوامل فلترة
,ar,Skip,تخطى
,ar,Dismiss,رفض
,ar,Value cannot be negative for,لا يمكن أن تكون القيمة سالبة لـ
,ar,Value cannot be negative for {0}: {1},لا يمكن أن تكون القيمة سالبة لـ {0}: {1}
,ar,Negative Value,قيمة سالبة
,ar,Authentication failed while receiving emails from Email Account: {0}.,فشلت المصادقة أثناء تلقي رسائل البريد الإلكتروني من حساب البريد الإلكتروني: {0}.
,ar,Message from server: {0},رسالة من الخادم: {0}
,ar,Address Line 1,العنوان باللغة الأنجليزية
,ar,Address Line 2,العنوان باللغة العربية
,ar,Customer Name in Arabic,الأسم الكامل باللغة العربية
,ar,Customer PO Details,بيانات أمر شراء العميل
,ar,Customer's Purchase Order,رقم أمر شراء العميل
,ar,Show,إظهار
,ar,Letter Head,شعار الشركة
,ar,User,المستخدم
,ar,Customers,العملاء
,ar,Reports & Masters,البيانات والتقارير
,ar,Items and Pricing,الأصناف والأسعار
,ar,ITEM,الصنف
,ar,Item,الصنف
,ar,Modules,برنامج
,ar,Is Return (Credit Note),مرتجع مبيعات ( إشعار دائن)
,ar,Is Debit Note,إشعار مدين
,ar,Customer's Purchase Order,رقم أمر شراء العميل
,ar,Customer PO Details,بيانات أمر شراء العميل
,ar,Customer Name in Arabic,الأسم الكامل باللغة العربية
,ar,Address Line 2,العنوان باللغة العربية
,ar,Address Line 1,العنوان باللغة الأنجليزية
,ar,Please check your email for verification,يرجى التحقق من بريدك الإلكتروني لإنشاء كلمة المرور
,ar,Registered but disabled,الحساب مسجل لكن متوقف برجاء التواصل مع المبيعات
,ar,Show,إظهار
,ar,Outgoing Bills ,الفواتير الصادرة
,ar,Monthly,السنة الماضية
,ar,Yearly,سنوي
,ar,Quarterly,شهري
,ar,Weekly,إسبوعي
,ar,Daily,يومي
,ar,My Profile,ملفي الشخصي
,ar,My Settings,إعداداتي
,ar,Toggle Full Width,عرض مليء الشاشة
,ar, Items),الأصناف)
,ar, MATCH, تطابق
,ar, or for Department: {0}, أو للإدارة: {0}
,ar,"From Date can not be greater than or equal to ""To Date""","لا يمكن أن يكون ""من التاريخ"" أكبر من ""حتى تاريخ"" أو مساويًا له"
,ar,'Account' in the Accounting section of Customer {0},الحساب في قسم المحاسبة لدى العميل {0}
,ar,'Default {0} Account' in Company {1},الحساب {0} الافتراضي في الشركة {1}
,ar,'{0}' is not a valid URL,{0} ليس عنوان URL صالحًا
,ar,1 Currency = [?] Fraction|||For e.g. 1 USD = 100 Cent,1 العملة = [؟] الكسر ||| على سبيل المثال 1 دولار أمريكي = 100 سنت
,ar,A0,أ 0
,ar,A1,أ 1
,ar,A2,أ 2
,ar,A3,أ3
,ar,A5,أ5
,ar,A6,أ 6
,ar,A7,أ 7
,ar,A8,أ 8
,ar,A9,أ 9
,ar,Active Company,شركة نشطة
,ar,Active Users,المستخدمين النشطين
,ar,Add / Remove Columns,إضافة / إزالة الأعمدة
,ar,Add Discount,أضف الخصم
,ar,Add New Address,أضف عنوان جديد
,ar,Add a row above the current row,أضف صفًا أعلى الصف الحالي
,ar,Add a row at the bottom,أضف صفًا في الأسفل
,ar,Add a row at the top,أضف صفًا في الأعلى
,ar,Add a row below the current row,أضف صفًا أسفل الصف الحالي
,ar,Additional,إضافي
,ar,Additional Discount %,خصم إضافي ٪
,ar,Additional Information ,معلومة اضافية
,ar,Adjustment Against,تعديل مقابل
,ar,Advance Tax,الضريبة المقدمة
,ar,Ageing Report based on ,تقرير الأعمار على أساس
,ar,All Items,جميع الأصناف
,ar,Allow Create Sales Order,السماح بإنشاء أمر مبيعات
,ar,Allow Credit Sale,السماح ببيع دائن
,ar,Allow Customer Purchase Order,السماح بأمر شراء العميل
,ar,Allow Partial Payment,السماح بالدفع الجزئي
,ar,Allow Print Last Invoice,السماح بطباعة الفاتورة الأخيرة
,ar,Allow Return,السماح بالإرتجاع
,ar,Allow Submissions in background job,السماح بالترحيل في الخلفية 
,ar,Allow User to Edit Item Discount,السماح للموظف بتحرير خصم الصنف
,ar,Allow user to edit Additional Discount,السماح للموظف بتعديل الخصم الإضافي
,ar,Allow user to edit Rate,السماح للموظف بتحرير السعر
,ar,Amended document gets the name of the original document if enabled and will be applicable to all submittable doctypes. This is a nonreversible operation. ,يحصل المستند المعدل على اسم المستند الأصلي إذا تم تمكينه وسينطبق على جميع نماذج المستندات القابلة للإرسال. هذه عملية لا رجوع فيها.
,ar,Amount Eligible for Commission,المبلغ المؤهل للعمولة
,ar,Applicant ,طالب وظيفة
,ar,Apply Customer Discount,تطبيق خصم العملاء
,ar,Apply For,التقدم بطلب للحصول
,ar,Apply Tax Withholding Amount ,تطبيق مبلغ ضريبة الخصم والإضافة
,ar,Apply Type,تطبيق النوع
,ar,Arabic name missing for {} in the company document,الاسم العربي لـ {} مفقود في مستند الشركة
,ar,Auto Apply,تطبيق تلقائي
,ar,Auto Create Referral For New Customers,إنشاء إحالة تلقائي للعملاء الجدد
,ar,Auto Delete Draft Invoice,الحذف التلقائي لمسودة الفاتورة
,ar,Auto Fetch Coupon Gifts,الحصول التلقائي على قسائم الهدايا
,ar,Auto Fetch Serial Numbers,الحصول علي الأرقام التسلسلية تلقائيًا
,ar,Auto Set Batch,مجموعة الدفعة
,ar,Auto Write Off Amount ,مبلغ الشطب التلقائي
,ar,Available Credit,الرصيد المتوفر
,ar,Available QTY,الكمية المتوفرة
,ar,B0,ب 0
,ar,B1,ب 1
,ar,B10,ب 10
,ar,B2,ب2
,ar,B3,ب 3
,ar,B4,ب 4
,ar,B5,ب 5
,ar,B6,ب 6
,ar,B7,ب 7
,ar,B8,ب 8
,ar,B9,ب 9
,ar,Backup Files (MB),ملفات النسخ الاحتياطي (ميغا بايت)
,ar,Balance Qty (Stock ,كمية الرصيد في المخزن
,ar,Bank Expense Account,حساب مصاريف البنك
,ar,Batch No Available QTY,دفعة غير متوفرة الكمية
,ar,Batch No Expiry Date,دفعة لا تاريخ انتهاء الصلاحية
,ar,Bill Ref Number,رقم مرجع الفاتورة
,ar,Birthday,عيد الميلاد
,ar,Business Short Code,الرمز المختصر للأعمال
,ar,C5E,C5E
,ar,Cannot change docstatus from 0 (Draft) to 2 (Cancelled),لا يمكن تغيير حالة المستند من 0 (مسودة) إلى 2 (تم الإلغاء)
,ar,Cannot change docstatus from 1 (Submitted) to 0 (Draft),لا يمكن تغيير حالة المستند من 1 (تم الإرسال) إلى 0 (مسودة)
,ar,Cannot mark Inpatient Record as Discharged since there are unbilled services. ,لا يمكن وضع علامة على سجل المرضى الداخليين على أنه تم تفريغه نظرًا لوجود خدمات غير مسددة.
,ar,Cash Mode of Payment,طريقة الدفع النقدي
,ar,Check this to mark the student as present in case the student is not attending the institute to participate or represent the institute in any event.||||||,حدد هذا لتمييز الطالب على أنه موجود في حالة عدم حضور الطالب للمعهد للمشاركة أو تمثيل المعهد في أي حدث. ||||||
,ar,Choose an icon,اختر رمزا
,ar,Click to add email / phone,انقر لإضافة بريد إلكتروني / هاتف
,ar,Close Shift,إغلاق الوردية
,ar,Closing POS Shift,إغلاق وردية في نقاط البيع
,ar,Comm10E,Comm10E
,ar,Company Allowed,مسموح للشركة
,ar,Company Expenses,مصاريف الشركة
,ar,Company is required,مطلوب شركة
,ar,Complete Order,اكمل الطلب
,ar,Confirm Mobile Number,تأكيد رقم الهاتف المحمول
,ar,Copy error to clipboard,خطأ في النسخ إلى الحافظة
,ar,Cost Center is not set in pos profile {},لم يتم تعيين مركز التكلفة في الملف الشخصي لنقاط البيع {}
,ar,Coupon,قسيمة
,ar,Coupon Based,على أساس القسيمة
,ar,Create Link,إنشاء رابط
,ar,Create POS Opening Shift,إنشاء وردية فتح نقاط البيع
,ar,Credit Change,تغيير الائتمان
,ar,Current Employer ,صاحب العمل الحالي
,ar,Customer ,عميل
,ar,Customer Info,معلومات العميل
,ar,Customer contact created successfully.,تم إنشاء جهة اتصال العميل بنجاح.
,ar,Customer not found,العميل غير موجود
,ar,Customer: ,عميل:
,ar,DLE,DLE
,ar,Database Details,تفاصيل قاعدة البيانات
,ar,Database Size (MB),حجم قاعدة البيانات (ميغا بايت)
,ar,Database Space Allowed (MB),مساحة قاعدة البيانات المسموح بها (ميغا بايت)
,ar,Date ,تاريخ
,ar,Date: ,تاريخ:
,ar,Default Loyalty Program,برنامج الولاء الافتراضي
,ar,Deferred Revenue and Expense,الإيرادات والمصروفات المؤجلة
,ar,Deletion Steps ,خطوات الحذف
,ar,Depreciation Expense Account should be an Income or Expense Account.,يجب أن يكون حساب مصروفات الإهلاك حساب دخل أو حساب.
,ar,Disable System Update Notification,تعطيل إعلام تحديث النظام
,ar,Discount %,خصم ٪
,ar,Discussion Reply,الرد على المناقشة
,ar,Discussion Topic,موضوع المناقشة
,ar,Display Additional Notes,عرض ملاحظات إضافية
,ar,Edit Cart,تعديل سلة التسوق
,ar,Employee Responsible ,الموظف المسؤول
,ar,Erpnext Quota,حصة Erpnext
,ar,Error while processing deferred accounting for Invoice {0},خطأ أثناء معالجة المحاسبة المؤجلة للفاتورة {0}
,ar,Executive,تنفيذي
,ar,Expense Claim Details,تفاصيل مطالبة المصاريف
,ar,Files Space Allowed (MB),مساحة الملفات المسموح بها (ميغا بايت)
,ar,Final Customer Offer,عرض العميل النهائي
,ar,First Name ,الاسم الأول
,ar,Folio,فوليو
,ar,For Designation ,للتعيين
,ar,For POS Closing Shift Payment Reconciliation,لتسوية مدفوعات إغلاق نقاط البيع
,ar,Fraction of Applicable Earnings ,جزء من الأرباح المطبقة
,ar,Give Item,أعط الصنف 
,ar,Give Item Row ID,أعط معرف صف الصنف
,ar,Give Product,أعط المنتج
,ar,Given Quantity,معطى الكمية
,ar,Grant Commission,منح العمولة
,ar,Grid Shortcuts,اختصارات الشبكة
,ar,Group not found,المجموعة غير موجودة
,ar,Hide Close Shift,إخفاء إغلاق الوردية
,ar,Hide Variants Items,إخفاء عناصر المتغيرات
,ar,If the condition is satisfied user will be rewarded with the points. eg. doc.status == 'Closed'|||,إذا تم استيفاء الشرط ، فسيتم مكافأة الموظف بالنقاط. على سبيل المثال doc.status == 'مغلق' 
,ar,In Minutes,في دقائق
,ar,Invalid docstatus,حالة مستند غير صالحة
,ar,Invalid value for maximum Database Space limit. it can be a whole number only.,قيمة غير صالحة للحد الأقصى لمساحة قاعدة البيانات. يمكن أن يكون عددًا صحيحًا فقط.
,ar,Invalid value for maximum Space limit. It can be a whole number only.,قيمة غير صالحة للحد الأقصى للمساحة. يمكن أن يكون عددًا صحيحًا فقط.
,ar,Invalid value for maximum User Allowed limit. it can be a whole number only.,قيمة غير صالحة للحد الأقصى المسموح به للموظف. يمكن أن يكون عددًا صحيحًا فقط.
,ar,Invalid value for maximum allowed Companies limit. it can be a whole number only.,قيمة غير صالحة للحد الأقصى المسموح به للشركات. يمكن أن يكون عددًا صحيحًا فقط.
,ar,Invoice {0} Deleted,الفاتورة {0} محذوفة
,ar,Invoiced Amount (Excl. Tax),مبلغ الفاتورة (بدون الضريبة)
,ar,Is Cashback,هو استرداد نقدي
,ar,Is Credit Sale,هو بيع دائن
,ar,Is Offer,هو العرض
,ar,Is Offer Replace For item Row ID,يتم استبدال العرض لمعرف صف الصنف
,ar,It is best not to use more than four numbers,من الأفضل عدم استخدام أكثر من أربعة أرقام
,ar,Item Rate Should Less Then,يجب أن يكون سعر السلعة أقل بعد ذلك
,ar,Items Discounts,خصومات الأصناف
,ar,Items Group,مجموعة العناصر
,ar,Last Odometer Value ,قيمة آخر عداد المسافات
,ar,Link with Customer,الارتباط بالعميل
,ar,Link with Supplier,الارتباط بالمورد
,ar,Linking Failed,فشل الربط
,ar,Linking to Customer Failed. Please try again.,فشل الارتباط بالعميل. حاول مرة اخرى.
,ar,Linking to Supplier Failed. Please try again.,فشل الربط بالمورد. حاول مرة اخرى.
,ar,Log In,تسجيل دخول
,ar,Loyalty Point,نقطة الولاء
,ar,Loyalty Point Offer Applied,تم تطبيق عرض نقاط الولاء
,ar,Loyalty Point Scheme,نظام نقاط الولاء
,ar,MSISDN,MSISDN
,ar,Max Discount Percentage Allowed ,نسبة الخصم القصوى المسموح بها
,ar,Max Quantity,الكمية القصوى
,ar,Maximum points allowed after multiplying points with the multiplier value|||(Note: For no limit leave this field empty or set 0),الحد الأقصى للنقاط المسموح بها بعد مضاعفة النقاط بقيمة المضاعف ||| (ملاحظة: لعدم وجود حد ، اترك هذا الحقل فارغًا أو قم بتعيين 0)
,ar,Min Quantity,أقل كمية
,ar,Mismatch,عدم تطابق
,ar,Missing Finished Good,المنتجات التامة مفقودة
,ar,Missing Value,قيمة مفقودة
,ar,Mobile NO,رقم الجوال
,ar,Mode of Payment is required,طريقة الدفع مطلوبة
,ar,Move cursor to above row,حرك المؤشر إلى الصف العلوي
,ar,Move cursor to below row,حرك المؤشر إلى الصف السفلي
,ar,Move cursor to next column,حرك المؤشر إلى العمود التالي
,ar,Move cursor to previous column,حرك المؤشر إلى العمود السابق
,ar,Mpesa C2B Register URL,Mpesa C2B تسجيل URL
,ar,Mpesa Payment Register,سجل الدفع Mpesa
,ar,Mycustomization,التخصيص
,ar,New Customer,عميل جديد
,ar,New Offer Available,عرض جديد متاح
,ar,No items in cart,لا توجد عناصر في سلة التسوق
,ar,Offer,عرض
,ar,Offer Applied,تم تطبيق العرض
,ar,Offer Name,اسم العرض
,ar,Offers,عروض
,ar,On checking this Order from the ,عند التحقق من هذا الأمر من
,ar,Only Deduct Tax On Excess Amount ,فقط خصم الضريبة على المبلغ الزائد
,ar,Only One Use Per Customer,استخدام واحد فقط لكل عميل
,ar,Only {} company(s) allowed and you have {} company(s).Please remove other company or to increase the limit please contact sales,مسموح فقط بـ {} شركة (شركات) ولديك {} شركة (شركات). الرجاء إزالة شركة أخرى أو لزيادة الحد الأقصى ، يرجى الاتصال بالمبيعات
,ar,Org Account Balance,رصيد حساب المؤسسة
,ar,PAY,يدفع
,ar,PDF Page Height (in mm),ارتفاع صفحة PDF (ملم)
,ar,PDF Page Width (in mm),عرض صفحة PDF (ملم)
,ar,POS Awesome,نقاط البيع 
,ar,POS Awesome Advance Settings,إعدادات متقدمة لنقاط البيع
,ar,POS Awesome Settings,إعدادات نقاط البيع 
,ar,POS Closing Shift,إغلاق وردية لنقاط البيع
,ar,POS Closing Shift Detail,تفاصيل إغلاق وردية لنقاط البيع
,ar,POS Closing Shift Taxes,ضرائب الإغلاق في نقاط البيع
,ar,POS Coupon,قسيمة نقاط البيع
,ar,POS Coupon Detail,تفاصيل قسيمة نقاط البيع
,ar,POS Coupons Detail,كوبونات نقاط البيع 
,ar,POS Offer,عرض نقاط البيع
,ar,POS Offer Detail,تفاصيل عرض نقاط البيع
,ar,POS Offer is disable.,تم تعطيل عرض نقاط البيع
,ar,POS Offers,عروض نقاط البيع
,ar,POS Offers Detail,تفاصيل عروض نقاط البيع
,ar,POS Opening Shift,فتح وردية نقاط البيع
,ar,POS Opening Shift Detail,تفاصيل وردية فتح نقاط البيع
,ar,POS Shift,وردية في نقاط البيع
,ar,POSAwesome,نقطة البيع
,ar,Page Height (in mm),ارتفاع الصفحة (ملم)
,ar,Page Size,مقاس الصفحه
,ar,Page Width (in mm),عرض الصفحة (ملم)
,ar,Page height and width cannot be zero,لا يمكن أن يكون ارتفاع الصفحة وعرضها صفرًا
,ar,Page to show on the website|||,الصفحة المراد عرضها على الموقع 
,ar,Paid Change,التغيير المدفوع
,ar,Password set,تعيين كلمة المرور
,ar,Payment Entry is already created or payment account is not matched,تم إنشاء إدخال الدفع بالفعل أو أن حساب الدفع غير مطابق
,ar,Please enter your new password.,الرجاء إدخال كلمة المرور الجديدة الخاصة بك.
,ar,Please enter your old password.,الرجاء إدخال كلمة المرور القديمة الخاصة بك.
,ar,Please select Coupon Code Based POS Offer.,يرجى تحديد عرض نقاط البيع على أساس رمز القسيمة.
,ar,Please select the correct POS Offer with the same company.,الرجاء تحديد عرض نقاط البيع الصحيح مع نفس الشركة.
,ar,Please set Fixed Asset Account in {} against {}.,يرجى تعيين حساب الأصول الثابتة في {} مقابل {}.
,ar,Posting Details,تفاصيل الترحيل
,ar,Press Cmd+Enter to post your comment,اضغط على Cmd + Enter لنشر تعليقك
,ar,Price Discount Scheme ,مخطط خصومات الأسعار
,ar,Price list Rate,سعر قائمة الأسعار
,ar,Primary Customer Offer,عرض العميل الأساسي
,ar,Print Last Invoice,طباعة الفاتورة الأخيرة
,ar,Printed,مطبوعة
,ar,Private Files (MB),الملفات الخاصة (ميغا بايت)
,ar,Promo Type,نوع العرض الترويجي
,ar,Public Files (MB),الملفات العامة (ميغا بايت)
,ar,QTY,الكمية
,ar,Qualifying Transaction / Item,معاملة / صنف مؤهل
,ar,Quantity and Amount Conditions,شروط الكمية والمبلغ
,ar,Quantity not available for the following items in warehouse {0}. ,الكمية غير متوفرة للعناصر التالية في المخزن {0}.
,ar,Quotation Number,رقم عرض السعر
,ar,Recent Orders,الطلبيات الأخيرة
,ar,Redeem Credit,استرداد الرصيد
,ar,Redeemed Customer Credit,استرداد رصيد العميل
,ar,Reference Detail,التفاصيل المرجعية
,ar,Reference number of the invoice from the previous system,الرقم المرجعي للفاتورة من النظام السابق
,ar,Referral Campaign,حملة الإحالة
,ar,Referral Code is required,كود الإحالة مطلوب
,ar,Referral Code {0} is disabled,تم تعطيل كود الإحالة {0}
,ar,Referral Code {0} is not exists,رمز الإحالة {0} غير موجود
,ar,Referral Company,شركة الإحالة
,ar,Referral Name,اسم الإحالة
,ar,Register Status,تسجيل الحالة
,ar,Repayment against Loan: ,السداد مقابل القرض:
,ar,Replace Cheapest Item,استبدال الصنف الأرخص
,ar,Replace Same Item,استبدال نفس الصنف
,ar,Request,طلب
,ar,Reset to default,إعادة تعيين إلى الافتراضي
,ar,Response ,إستجابة
,ar,Restore Asset,استعادة الأصل
,ar,Revenue,إيرادات
,ar,Role Allowed to Over Bill ,الدور المسموح به لأكثر من قيمة الفاتورة
,ar,Row #{0}: Received Qty must be equal to Accepted + Rejected Qty for Item {1},الصف رقم {0}: يجب أن تكون الكمية المستلمة مساوية للكمية المقبولة + المرفوضة للعنصر {1}
,ar,Row #{0}: Service Start Date cannot be before Invoice Posting Date,الصف # {0}: لا يمكن أن يكون تاريخ بدء الخدمة قبل تاريخ ترحيل الفاتورة
,ar,Row ID,معرف الصف
,ar,Salary Component ,مكون الراتب
,ar,Sales Invoice Reference,مرجع فاتورة المبيعات
,ar,Sales Partner ,شريك المبيعات
,ar,Scale Barcode Start With,مقياس الباركود يبدأ بـ
,ar,Scrap Asset,تخريد الأصل
,ar,Scrap/Loss Item: {0} should not have Is Process Loss checked as it is different from  the item to be manufactured or repacked,عنصر الخردة / الضياع: {0} يجب ألا يتم التحقق من فقد العملية لأنه يختلف عن الصنف المراد تصنيعه أو إعادة تعبئته
,ar,Search Items,عناصر البحث
,ar,Search by Serial Number,البحث عن طريق الرقم التسلسلي
,ar,Select  Leave Approver for an employee. The user one who will look after his/her Leave application,حدد الموافقة على الإجازة لموظف. المستخدم الذي سيهتم بطلب الإجازة
,ar,Select Hold Invoice,حدد الفاتورة المعلقة
,ar,Select Payment,حدد الدفع
,ar,Select Return Invoice,حدد فاتورة الإرجاع
,ar,Select a Customer,حدد العميل
,ar,Select an invoice to load summary data,حدد فاتورة لتحميل بيانات الملخص
,ar,Selected POS Opening Shift should be open.,يجب فتح وردية عمل لفتح نقاط البيع المحددة.
,ar,Sell Asset,بيع الأصول
,ar,Send invoice to submit after printing,إرسال الفاتورة لترحيلها بعد الطباعة
,ar,Serial No QTY,المسلسل لا الكمية
,ar,Shortfall Repayment of {0}.||||Repayment against Loan: {1},سداد النقص في {0}.  السداد مقابل القرض: {1}
,ar,Show Template Items,إظهار عناصر النموذج
,ar,Show pending entries,إظهار الإدخالات المعلقة
,ar,Show with upcoming revenue/expense,تظهر مع الإيرادات / النفقات القادمة
,ar,Skipped,تم تخطي
,ar,Sold by,تم بيعها من قبل
,ar,Space Usage Details,تفاصيل استخدام الفراغ
,ar,Stock Ledger Invariant Check,فحص المخزون لدفتر الأستاذ
,ar,Stock QTY,كمية المخزون
,ar,Stock/Accounts can not be frozen as processing of backdated entries is going on. Please try again later.,لا يمكن تجميد المخزون / الحسابات لأن معالجة الإدخالات القديمة جارية. الرجاء معاودة المحاولة في وقت لاحق.
,ar,Submit Payment ,ترحيل الدفع
,ar,Submit Payments,ترحيل المدفوعات
,ar,Successfully linked to Customer,تم الارتباط بالعميل بنجاح
,ar,Successfully linked to Supplier,تم ربطه بالمورد بنجاح
,ar,System Notifications,إخطارات النظام
,ar,System Updates,تحديثات النظام
,ar,Tabloid,صحيفة شعبية
,ar,Tax ID missing for {} in the company document,المعرّف الضريبي مفقود لـ {} في مستند الشركة
,ar,Tax Inclusive,شامل الضريبة
,ar,Tax and Charges,الضرائب والرسوم
,ar,Tax detail table fetched from item master as a string and stored in this field.|||Used for Taxes and Charges,تم الحصول علي جدول التفاصيل الضريبية من مدير الصنف كسلسلة وتخزينه في هذا الحقل ||| يُستخدم للضرائب والرسوم
,ar,Territory not found,لم يتم العثور على المنطقة
,ar,"The Client ID obtained from the Google Cloud Console under <a href=""https://console.cloud.google.com/apis/credentials"">|||""APIs &amp; Services"" &gt; ""Credentials""|||</a>","معرّف العميل الذي تم الحصول عليه من Google Cloud Console ضمن <a href=""https://console.cloud.google.com/apis/credentials""> ||| ""واجهات برمجة التطبيقات والخدمات"" & gt؛ ""أوراق الاعتماد"" ||| </a>"
,ar,"The browser API key obtained from the Google Cloud Console under <a href=""https://console.cloud.google.com/apis/credentials"">|||""APIs &amp; Services"" &gt; ""Credentials""|||</a>","مفتاح واجهة برمجة تطبيقات المتصفح الذي تم الحصول عليه من Google Cloud Console ضمن <a href=""https://console.cloud.google.com/apis/credentials""> ||| ""واجهات برمجة التطبيقات والخدمات"" & gt؛ ""أوراق الاعتماد"" ||| </a>"
,ar,The date on which Salary Component with Amount will contribute for Earnings/Deduction in Salary Slip. ,التاريخ الذي سيساهم فيه مكون الراتب مع المبلغ في الأرباح / الخصم في قسيمة الراتب.
,ar,The page you are looking for has gone missing.,الصفحة التي تبحث عنها مفقودة.
,ar,"The project number obtained from Google Cloud Console under <a href=""https://console.cloud.google.com/iam-admin/settings"">|||""IAM &amp; Admin"" &gt; ""Settings""|||</a>","رقم المشروع الذي تم الحصول عليه من Google Cloud Console ضمن <a href=""https://console.cloud.google.com/iam-admin/settings""> ||| ""IAM & amp؛ Admin"" & gt؛ ""إعدادات"" ||| </a>"
,ar,The system is being updated. Please refresh again after a few moments.,يتم تحديث النظام. يرجى التحديث مرة أخرى بعد لحظات قليلة.
,ar,There must be atleast 1 Finished Good in this Stock Entry,يجب أن يكون هناك ما لا يقل عن 1 سلعة منتهية في إدخال المخزون هذا
,ar,There's nothing here,لا يوجد شيء هنا
,ar,Third Party Trans ID,معرف تحويل للطرف الثالث
,ar,This Referral Code {0} not exists,رمز الإحالة هذا {0} غير موجود
,ar,This coupon already used !,تم استخدام هذه القسيمة بالفعل!
,ar,This field will appear only if the fieldname defined here has value OR the rules are true (examples): |||myfield|||eval:doc.myfield=='My Value'|||eval:doc.age&gt;18,سيظهر هذا الحقل فقط إذا كان اسم الحقل المحدد هنا له قيمة أو كانت القواعد صحيحة (أمثلة): ||| myfield ||| Eval: doc.myfield == 'My Value' ||| Eval: doc.age & gt؛ 18
,ar,This invoice {0} cannot be deleted,لا يمكن حذف هذه الفاتورة {0}
,ar,To duplcate current row,لنسخ الصف الحالي
,ar,To(Year) year can not be less than From(year) ,إلى (سنة) سنة لا يمكن أن تكون أقل من من (سنة)
,ar,Total Items,إجمالي الأصناف
,ar,Trans Amount,المبلغ المحول
,ar,Trans Amount is required,المبلغ المحول مطلوب
,ar,Trans ID,معرف التحويل
,ar,Trans Time,وقت التحويل
,ar,Transfer Asset,نقل الأصول
,ar,Translations Ar Eg,الترجمات Ar Eg
,ar,Type here. Use markdown to format.,أكتب هنا. استخدم تخفيض السعر للتنسيق.
,ar,Type title,اكتب العنوان
,ar,Unclaimed Amount,المبلغ غير المطالب به
,ar,Updated via 'Time Log' (In Minutes),"تم التحديث عبر ""سجل الوقت"" (بالدقائق)"
,ar,Use Browser Local Storage,استخدم التخزين المحلي للمستعرض
,ar,Use Cashback,استخدم كاش باك
,ar,Use Customer Credit,استخدم رصيد العميل
,ar,Use Item based reposting,استخدام إعادة الترحيل على أساس الصنف
,ar,Use Percentage Discount,استخدم النسبة المئوية للخصم
,ar,Used Space (MB),المساحة المستخدمة (ميغا بايت)
,ar,Users Allowed,يسمح للموظفين
,ar,View General Ledger,مشاهدة ملف دفتر الأستاذ العام
,ar,Want to join the discussion?,هل تريد الانضمام إلى المناقشة؟
,ar,Work Anniversaries ,احتفالات الذكرى السنوية للعمل
,ar,You can redeem credit upto,يمكنك استرداد رصيد يصل حتي
,ar,You can redeem upto,يمكنك استرداد ما يصل حتي
,ar,You site is suspended. Please contact Sales,تم تعليق موقعك. الرجاء الاتصال بقسم المبيعات
,ar,Your new password has been set successfully.,تم تعيين كلمة المرور الجديدة الخاصة بك بنجاح.
,ar,add,يضيف
,ar,at,في
,ar,base grand total,المجموع الكلي الأساسي
,ar,chapters/chapter_name|||leave blank automatically set after saving chapter.,chapters / Chapter_name ||| ترك فارغًا يتم تعيينه تلقائيًا بعد حفظ الفصل.
,ar,credit,دائن
,ar,debit,مدين
,ar,discount applied,الخصم قد تم
,ar,doc,وثيقة
,ar,from,من
,ar,gle_posting_date,تاريخ
,ar,is Offer,هو عرض
,ar,item,غرض
,ar,must be between 0 and 100,يجب أن يكون بين 0 و 100
,ar,negative outstanding amount,المبلغ المستحق السلبي
,ar,paid_amount,المبلغ المدفوع
,ar,paid_from,مدفوع_من
,ar,pe,بي
,ar,return_amount,قيمة المرتجع
,ar,POS Coupons,قسيمة نقاط البيع
,ar,Cheque,شيك
,ar,Cheque No,رقم الشيك
,ar,Cheque Status,حالة الشيك
,ar,Endorsed Party Type,نوع العميل المظهر له
,ar,Endorsed Party Name,إسم العميل المظهر له
,ar,Endorsed Party Account,حساب العميل المظهر له
,ar,Deposit Under Collection,إيداع تحت التحصيل
,ar,Instant Collection,تحصيل فوري للشيك
,ar,Endorse Cheque,تظهير الشيك
,ar,Cheque Collection,تحصيل الشيك
,ar,New,جديد
,ar,Under Collection,تحت التحصيل
,ar,Collected,محصل
,ar,Bounced Cheque,شيك مرتد
,ar,Endorsed,مظهر
,ar,Returned To Customer,مرتد للعميل
,ar,Drawn Bank,البنك المسحوب عليه
,ar,Cheque Collection Fee,عمولة تحصيل الشيك
,ar,Cheque Rejection Fee,عمولة رفض الشيك
,ar,First Beneficiary,المستفيد الأول
,ar,Beneficiary Name,إسم المستفيد
,ar,Endorsement Cheque,شيك مظهر
,ar,Withdrawing Bank,البنك الساحب
,ar,Withdrawing Bank Account,حساب البنك الساحب
,ar,Endoser Prty Name ,إسم العميل المظهر له
,ar,Endoser Prty Account,حساب العميل المظهر له
,ar,Re Deposit Under Collection,إعادة تحت التحصيل
,ar,Cheque Data,بيانات الشيك
,ar,Address Line 1,العنوان باللغة الأنجليزية
,ar,Address Line 2,العنوان باللغة العربية
,ar,Customer Name in Arabic,الأسم الكامل باللغة العربية
,ar,Customer PO Details,بيانات أمر شراء العميل
,ar,Customer's Purchase Order,رقم أمر شراء العميل
,ar,Show,إظهار
,ar,Letter Head,شعار الشركة
,ar,User,المستخدم
,ar,Customers,العملاء
,ar,Reports & Masters,البيانات والتقارير
,ar,Items and Pricing,الأصناف والأسعار
,ar,ITEM,الصنف
,ar,Item,الصنف
,ar,Modules,برنامج
,ar,Is Return (Credit Note),مرتجع مبيعات ( إشعار دائن)
,ar,Is Debit Note,إشعار مدين
,ar,Customer's Purchase Order,رقم أمر شراء العميل
,ar,Customer PO Details,بيانات أمر شراء العميل
,ar,Customer Name in Arabic,الأسم الكامل باللغة العربية
,ar,Address Line 2,العنوان باللغة العربية
,ar,Address Line 1,العنوان باللغة الأنجليزية
,ar,Please check your email for verification,يرجى التحقق من بريدك الإلكتروني لإنشاء كلمة المرور
,ar,Registered but disabled,الحساب مسجل لكن متوقف برجاء التواصل مع المبيعات
,ar,Show,إظهار
,ar,Outgoing Bills ,الفواتير الصادرة
,ar,Monthly,السنة الماضية
,ar,Yearly,سنوي
,ar,Quarterly,شهري
,ar,Weekly,إسبوعي
,ar,Daily,يومي
,ar,My Profile,ملفي الشخصي
,ar,My Settings,إعداداتي
,ar,Toggle Full Width,عرض مليء الشاشة
,ar,Unit of Measure (UOM),وحدات القياس
,ar,KSA VAT Report,تقرير ضريبة القيمة المضافة السعودية
,ar,Items to Order and Receive,العناصر المطلوبة للطلب والاستلام
,ar,CRM,علاقات العملاء
,ar,Modules,وحدات برمجية
,ar,Employees Working on a Holiday,الموظفون يعملون في يوم الأجازة
,ar,Employee Hours Utilization Based On Timesheet,استخدام ساعات الموظف على أساس الجدول الزمني
,ar,Employee Hours Utilization,استخدام ساعات الموظف 
,ar,MODULES,وحدات برمجية
,ar,Build,بناء برمجيات
,ar,Excel,إكسل Excel
,ar,The invoice must be sent on the same day it is issued,يجب ارسال الفاتورة فى نفس يوم أصدارها
,ar,Rehabilitation and Physiotherapy,التأهيل والعلاج الطبيعي
,ar,Facility Management,إدارة الوحدات الصحية
,ar,Inpatient,مريض داخلي
,ar,BBQ,شواء
,ar,Basketball court,ملعب كرة السلة
,ar,Business center,مركز أعمال
,ar,Clubhouse,كلوب هاوس
,ar,Elevator,مصعد
,ar,Fitness center,مركز اللياقة البدنية
,ar,Game room,غرفة الالعاب
,ar,Near park,بالقرب من الحديقة
,ar,On-site Laundry,مغسلة في الموقع
,ar,Playground ,ملعب
,ar,Pool,حمام سباحة
,ar,Tennis court,ملعب تنس
,ar,Theater room,غرفة المسرح
,ar,Volleyball court,ملعب كرة الطائرة
,ar,Furnished,مفروشة
,ar,Renovated,تم تجديده
,ar,Hardwood floors,أرضيات من الخشب الباركيه
,ar,Fireplace,المدفأة
,ar,Fresh paint,دهان حديث
,ar,Dishwasher,غسالة صحون
,ar,Balcony,شرفة
,ar,internet,إنترنت
,ar,Fenced yard,ساحة مسيجة
,ar,Carpet,السجاد
,ar,Unfurnished,غير مفروش
,ar,Air Conditioning,تكييف
,ar,Laundry,مغسلة
,ar,Parking,موقف سيارات
,ar,More Details & Notes,مزيد من التفاصيل و الملاحظات
,ar,Residential,سكني
,ar,Administrative,إدارى
,ar,Commercial,تجاري
,ar,Other,أخري
,ar,Activity,نشاط
,ar,Property Activity Type,طبيعة نشاط الوحدة
,ar,Dunning,إنذار الدفع
,ar,Payment Dunning,إنذار الدفع المتأخرات
,ar,Property Management,الوحدات العقارية
,ar,Property Setup,إعدادات الواحدات العقارية
,ar,Unit Type,أنواع الوحدات
,ar,Amenity,وسائل الراحة
,ar,Feature,المزايا والرفاهية
,ar,Floor,الطوابق
,ar,Issues,طلبات الصيانة
,ar,Issue,طلب صيانة
,ar,Issue Priority,أولويات الصيانة
,ar,Issue Type,أنواع الصيانة
,ar,Property,العقارات
,ar,Owner Address,عنوان المالك
,ar,Property Name,إسم العقار
,ar,Owner Bank Account,رقم حساب بنك المالك
,ar,Owner Name,إسم مالك العقار
,ar,Owner Tax ID,الرقم الضريبي للمالك
,ar,Owner Phone,جوال المالك
,ar,Owner Email,بريد المالك الإلكتروني
,ar,Features & Amenities,وسائل الراحة والمزايا
,ar,Property Units,وحدات العقار
,ar,Units,الوحدات
,ar,Unit Name,إسم الوحدة
,ar,Unit Owner,مالك الوحدة
,ar,Unit Details,تفاصيل الوحدة
,ar,Size (in Sq. ft),المقاس (متر مربع)
,ar,Bathrooms,عدد الحمامات
,ar,Bedrooms,عدد الغرف
,ar,Property Feature,مزايا العقار
,ar,Property Amenities,وسائل الراحة للعقار
,ar,Tenants,العملاء المستأجرين
,ar,Vacant,شاغر
,ar,Occupied,مشغول
,ar,Renovation,تحت الصيانة